occupation,daily_income,work_days_per_month,monthly_transactions,savings_ratio,income_min,income_max,digital_payment_ratio,loan_history,financial_stability,income_consistency,monthly_income
1,0.4076527062752191,0.5,0.41860465116279066,0.469,0.34703357293017284,0.501517360974264,0.3989247311827958,1,1,0.3730963117685848,0.28819156577501237
3,0.39771810212884373,0.8,0.872093023255814,0.664,0.31470688201009583,0.5135380128483034,0.3526881720430108,1,1,0.21365824804700217,0.3770494924406982
0,0.2500347850285237,0.9000000000000001,0.46511627906976744,0.322,0.25176550560807665,0.2999476383782536,0.9774193548387099,0,1,0.7006380136042469,0.2801329260166331
2,0.25853902880200363,0.9500000000000002,0.06976744186046513,0.16125,0.2066994801042309,0.26806335193203124,0.058064516129032254,0,1,0.595597051142341,0.29904926743572213
4,0.21958536245999724,0.6000000000000001,0.12790697674418605,0.2435,0.16622817507773263,0.28274712714865635,0.2666666666666667,0,0,0.2769678220064997,0.1918198575545421
4,0.29664672325031305,0.7000000000000002,0.22093023255813954,0.06875,0.23501051120985916,0.3771275427760668,0.23333333333333336,0,0,0.28354308363601066,0.2699350081780655
4,0.19051064421872824,0.7000000000000002,0.06976744186046513,0.26925,0.14550157982854772,0.24246246009537697,0.0924731182795699,1,0,0.33085271711748976,0.1907194101408012
3,0.5936106859607624,0.7000000000000002,0.3255813953488372,0.45575,0.48690189957073987,0.7526391946444759,0.5473118279569894,1,1,0.23465719800890428,0.491576679099634
2,0.259290385418116,0.0,0.10465116279069767,0.0,0.17422802401842924,0.26806335193203124,0.178494623655914,1,0,0.3925824890949883,0.08056908950871028
0,0.5915291498539029,0.7000000000000002,0.34883720930232553,0.4445,0.47199108750110147,0.7617602513357844,0.9870967741935486,0,2,0.17561920464113023,0.49002310628023515
4,0.23897592876026155,0.15000000000000002,0.15116279069767444,0.13899999999999998,0.2121942622641272,0.2808609827094043,0.0946236559139785,0,0,0.5634750094454446,0.10696026931364827
3,0.8341839432308333,0.8500000000000001,0.43023255813953487,0.58975,0.8235123805687383,0.938269589158329,0.2666666666666667,1,2,0.7142532120195446,0.7593691206632455
3,0.8815138444413524,0.75,0.4883720930232558,0.45375,0.8584385503342187,1.0,0.4741935483870969,1,2,0.6701859155817627,0.7373404411828339
4,0.17464867121191038,0.8,0.08139534883720931,0.298,0.128085700978109,0.2259544735404902,0.13440860215053763,1,0,0.29403918873456436,0.19668550362171472
4,0.14259635452901068,1.0,0.24418604651162792,0.30775,0.12713528619443853,0.16194379852599222,0.1795698924731183,0,1,0.6810348681464335,0.20239197597639177
4,0.2949158202309726,0.4,0.22093023255813954,0.17225000000000001,0.261968302722844,0.34951664029817975,0.05053763440860215,0,0,0.5258238520767271,0.19278807127465322
1,0.7254932517044663,0.3500000000000001,0.36046511627906974,0.53825,0.6105754100630671,0.7747887236713942,0.6021505376344086,0,1,0.5306891558760822,0.4077792874265489
2,0.027405036872130223,0.3500000000000001,0.09302325581395349,0.16424999999999998,0.015112224474124802,0.029097296901655884,0.11720430107526883,1,0,0.7554738056978028,0.038720414009155976
2,0.18979268122999857,0.20000000000000007,0.10465116279069767,0.27125,0.11731643147572351,0.26621661946613673,0.07849462365591399,0,0,0.043924110033476405,0.09644994071984284
1,0.5637957423125086,0.6500000000000001,0.24418604651162792,0.43075,0.424187112123768,0.7484164832133147,0.46774193548387105,1,1,0.06623854639048066,0.44831981861137316
2,0.25260052873243355,0.20000000000000007,0.15116279069767444,0.18225000000000002,0.18218381399564448,0.26806335193203124,0.0913978494623656,1,0,0.4423228276156035,0.12379496854257355
4,0.23992764714067064,0.55,0.1744186046511628,0.0,0.22871637356965724,0.2680014188310409,0.07956989247311828,0,0,0.7335971541933402,0.1948048081832579
1,0.2946764992347294,0.6500000000000001,0.26744186046511625,0.6687500000000001,0.27566434622792335,0.33677531233988883,0.3129032258064517,1,1,0.6540616999238937,0.25582944622813775
1,0.4396048420759704,0.30000000000000004,0.40697674418604646,0.38899999999999996,0.3333375294250935,0.5784101209947583,0.5096774193548388,0,1,0.12251638023180411,0.23949633501510129
2,0.03689995825796577,0.20000000000000007,0.16279069767441862,0.11374999999999999,0.0,0.06731565049462027,0.06451612903225808,0,0,0.12034258125742503,0.029884122437323135
0,0.7334520662306943,0.75,0.5116279069767442,0.34675,0.5565905915230553,0.887394361835697,0.8731182795698926,1,1,0.1756068773922339,0.6222287608283645
4,0.1505551690552386,0.9500000000000002,0.24418604651162792,0.19224999999999998,0.12418962977882403,0.18068137671653217,0.29139784946236563,0,1,0.5251332473334653,0.2016639983384248
2,0.24166968136913872,0.55,0.15116279069767444,0.04725,0.21926257883407396,0.26806335193203124,0.07634408602150537,0,0,0.6741427122872372,0.19594246795842601
2,0.12341171559760677,0.4,0.011627906976744186,0.0795,0.07386799934540969,0.17077771083998178,0.07741935483870968,1,0,0.17442894921001728,0.09678537121494032
4,0.226948657297899,0.45000000000000007,0.20930232558139536,0.063,0.15099006785080377,0.31127013529567427,0.24623655913978496,0,0,0.07627466816860906,0.16527100118560317
2,0.19479615973285094,0.4,0.10465116279069767,0.23199999999999998,0.15752338272133337,0.24037925578933744,0.007526881720430107,0,0,0.42200860433725973,0.13674417799624414
4,0.381115903715041,0.9500000000000002,0.24418604651162792,0.20049999999999998,0.32873651481010585,0.3806689900963341,0.26344086021505386,0,1,0.7269568428250792,0.40959525066419744
4,0.3105106442187282,0.3500000000000001,0.03488372093023256,0.2485,0.22123893805309736,0.3806689900963341,0.25698924731182804,1,1,0.20422418713265622,0.1883900893962078
3,0.9023514679282036,0.75,0.5813953488372092,0.4005,0.7959314694293735,1.0,0.4720430107526883,0,2,0.5334058873799894,0.7535407994599881
3,0.4255683873660776,0.7000000000000002,0.5813953488372092,0.5525,0.32045342967560014,0.5615417963977456,0.403225806451613,1,1,0.1157500082942613,0.366156828468322
0,0.795258104911646,0.8,0.41860465116279066,0.40700000000000003,0.734601392263246,0.887394361835697,0.660215053763441,0,2,0.6084169063254656,0.6984826010575235
1,0.4554000278280227,0.5,0.24418604651162792,0.34424999999999994,0.4220596936013797,0.5310087776094949,0.8322580645161293,0,1,0.5711119551620898,0.31788876100144525
4,0.06949213858355363,0.75,0.3023255813953488,0.15725,0.021953952089024287,0.10813519432918009,0.34946236559139787,1,0,0.07174266151026587,0.1060284025512103
0,0.28689578405454286,0.6000000000000001,0.3837209302325581,0.36624999999999996,0.25176550560807665,0.37549476102268436,0.7419354838709679,0,1,0.3716121027167725,0.23787110676486115
2,0.11889801029636843,0.55,0.11627906976744187,0.15125,0.10732134090308287,0.13172044524269333,0.08387096774193549,0,0,0.7454459447284993,0.11576471402732946
4,0.18552386252956724,0.9000000000000001,0.10465116279069767,0.0,0.1503921247749846,0.2279982658731723,0.12258064516129033,0,0,0.43902035009160434,0.22395991449810912
2,0.03943787393905662,0.6000000000000001,0.05813953488372093,0.028,0.00805020204181825,0.05975418189188733,0.07849462365591399,0,0,0.2923752765210701,0.06856974721556343
4,0.021110338110477245,0.75,0.023255813953488372,0.093,0.0,0.037176751439944616,0.06021505376344086,0,0,0.41651543164850025,0.06841362837831991
3,0.9773090301934046,0.6500000000000001,0.6744186046511628,0.17825000000000002,0.7497576757008524,1.0,0.7365591397849464,1,2,0.432366889606532,0.7440895519804765
1,0.6629748156393488,0.6000000000000001,0.3837209302325581,0.7000000000000001,0.49635569430632315,0.7747887236713942,0.695698924731183,0,2,0.21826503295577404,0.495170181648248
0,0.4143369973563378,0.6500000000000001,0.1744186046511628,0.59775,0.34541597955664094,0.5164939108501163,0.5978494623655914,0,1,0.32361405279367816,0.3414178775107527
1,0.6890775010435508,0.3500000000000001,0.3837209302325581,0.702,0.5988242550888103,0.7747887236713942,0.5784946236559141,0,1,0.49854633130495696,0.3885273424316116
2,0.1698177264505357,0.6000000000000001,0.06976744186046513,0.1755,0.1369541409131535,0.20824723693915353,0.07419354838709677,0,0,0.4535708341571907,0.15777071992938305
2,0.11985529428134128,0.8500000000000001,0.09302325581395349,0.0,0.06878233613212653,0.16813710862502884,0.15698924731182798,1,0,0.14671627888407213,0.1595804522600019
4,0.08711284263253094,0.8500000000000001,0.19767441860465115,0.4745,0.05370787648384295,0.11537010658123656,0.1763440860215054,0,1,0.3492193749506043,0.13208813271831973
3,0.6912536524279949,0.8,0.40697674418604646,0.59675,0.5344918742683065,0.9076239647319142,0.6333333333333334,1,2,0.09045410730743875,0.6143892413005287
0,0.2840628913315709,0.9000000000000001,0.5581395348837209,0.39974999999999994,0.25176550560807665,0.3509073199295089,0.6344086021505377,0,1,0.4672552530706662,0.3097629659117461
3,0.9712146931960484,0.8500000000000001,0.5232558139534883,0.538,0.915583025969612,1.0,0.4193548387096775,1,2,0.7952313164521578,0.874427492146461
3,0.7755948239877556,0.8,0.5465116279069767,0.44525000000000003,0.7222522942131699,0.9103096092021328,0.43763440860215064,1,2,0.5327956207091511,0.6825837494483051
2,0.13633504939474048,0.3500000000000001,0.05813953488372093,0.11825000000000001,0.10849834464180064,0.16595255924464142,0.08602150537634409,0,0,0.49405139888215244,0.0963085337464194
3,0.9894476137470432,0.8,0.7209302325581395,0.7445,0.9346227923312229,1.0,0.5741935483870969,1,2,0.8368947526932582,0.8554955734597977
4,0.2633978015861973,1.0,0.23255813953488372,0.26349999999999996,0.250374501189592,0.29611904668066735,0.04193548387096774,0,1,0.7123287629018373,0.31509350687563287
4,0.17903436760818145,0.6000000000000001,0.26744186046511625,0.009,0.15564143556691296,0.21017279335176314,0.20752688172043013,1,0,0.5794268510988101,0.16407639784341388
4,0.11256991790733267,0.6000000000000001,0.11627906976744187,0.07825,0.09018869824645326,0.13424281153757373,0.15053763440860218,0,0,0.5616616476865597,0.11860393066385122
1,0.7644636148601641,0.7000000000000002,0.26744186046511625,0.503,0.5766311257694585,0.7747887236713942,0.3376344086021506,1,2,0.43784167172392374,0.6190942684309364
1,0.32999582579657716,0.6500000000000001,0.37209302325581395,0.30325,0.27306486738251995,0.41057141731086483,0.670967741935484,1,1,0.348139053787647,0.28109196645695056
1,0.20395157924029497,0.75,0.3255813953488372,0.35624999999999996,0.1888241292060575,0.2698931935522012,0.4784946236559141,0,1,0.47474573546837173,0.2105648490303151
3,0.8323751217475998,0.7000000000000002,0.686046511627907,0.8899999999999999,0.7699933282141014,0.9824841929835426,0.6193548387096776,0,2,0.5076228201807256,0.6697806201483302
1,0.3045109224989564,0.5,0.40697674418604646,0.41000000000000003,0.23531892395422904,0.3927628356351803,0.38494623655913984,0,1,0.23174853821942887,0.22404091628949482
1,0.5145679699457353,0.25,0.3023255813953488,0.5397500000000001,0.4725512657510795,0.6055480797923554,0.6075268817204302,0,1,0.5318118252877697,0.25732261386549893
2,0.1440489773201614,0.5,0.09302325581395349,0.0,0.1313838291015748,0.1610936259578517,0.06021505376344086,1,0,0.7239014916539939,0.12423909374918868
4,0.19609851120077917,0.6500000000000001,0.09302325581395349,0.2505,0.1648497589345284,0.23646620986312789,0.06666666666666668,0,0,0.4923766362921522,0.1853205022803389
0,0.761931264783637,0.8500000000000001,0.4883720930232558,0.30575,0.6115321189843779,0.887394361835697,0.9193548387096776,0,2,0.30919003072503126,0.6987018943688178
4,0.2515319326561848,0.55,0.19767441860465115,0.11599999999999999,0.20608265461549113,0.31172618813023967,0.17311827956989248,1,0,0.38473993923005056,0.20238314885809977
3,0.6726088771392792,0.8,0.6976744186046512,0.67925,0.6486423545110085,0.7677846529775745,0.335483870967742,1,2,0.6514141215258487,0.5993139079037325
0,0.31950466119382215,0.3500000000000001,0.686046511627907,0.5017499999999999,0.25176550560807665,0.43019858004290273,0.9365591397849464,0,1,0.18915128441607276,0.19314496378285292
4,0.24360094615277586,0.5,0.15116279069767444,0.1495,0.2296164352522061,0.2746338909189183,0.11612903225806454,0,0,0.7024294508496685,0.18615700154907272
4,0.36707388340058433,0.8,0.24418604651162792,0.2405,0.2952454084265915,0.3806689900963341,0.12150537634408604,0,1,0.5640983346607029,0.3522719444756952
0,0.4500347850285237,0.6500000000000001,0.3372093023255814,0.28125,0.31903724870655475,0.6123156786460298,0.9666666666666669,1,1,0.0010357697089364848,0.3669510960338547
0,0.6876193126478363,0.8,0.5697674418604651,0.29625,0.5564710029078916,0.8806098721362978,0.831182795698925,0,2,0.18649741136188935,0.6114506763130338
0,0.8312953944622234,0.8,0.43023255813953487,0.38275000000000003,0.7401717040748248,0.887394361835697,0.9161290322580646,0,2,0.6219603924864836,0.7276207454587938
0,0.529099763461806,0.55,0.16279069767441862,0.485,0.5182592932942258,0.5940679349815046,0.6666666666666669,0,1,0.7203441756530575,0.383652696165396
4,0.02542924725198273,0.8,0.1744186046511628,0.0,0.0,0.0534144844632371,0.14731182795698927,0,0,0.24458887694968445,0.07603333535260876
1,0.5720940587171282,0.45000000000000007,0.22093023255813954,0.43624999999999997,0.45938392980777704,0.7337158171509648,0.3225806451612904,0,1,0.1936132430605968,0.3692061651363444
4,0.33852233198831216,0.5,0.09302325581395349,0.0,0.2415752967685897,0.3806689900963341,0.05698924731182796,0,0,0.30311459116932205,0.24519484565524044
3,0.872180325587867,0.9000000000000001,0.5232558139534883,0.482,0.8209947255126575,1.0,0.5430107526881721,1,2,0.5882501198137284,0.8218673682206435
0,0.2903575900932238,0.8,0.5116279069767442,0.569,0.25176550560807665,0.39535839559486746,0.5397849462365593,0,1,0.3009313361138577,0.29024257267228026
1,0.4348406845693613,0.45000000000000007,0.3372093023255814,0.45925,0.3879895265549667,0.5198889708407699,0.4010752688172044,1,1,0.47651904349444774,0.28810762161086256
4,0.07147349380826493,0.9500000000000002,0.25581395348837205,0.237,0.058113772831984295,0.07979798548513325,0.037634408602150546,1,1,0.718697241511639,0.13034417107301413
1,0.5173229442048142,0.4,0.20930232558139536,0.1035,0.3976824985208777,0.6780998924616155,0.3150537634408603,0,0,0.12055604481008442,0.31728470918106844
1,0.5496925003478502,0.6500000000000001,0.40697674418604646,0.5785,0.46034063872908776,0.6875475055036007,0.4118279569892474,1,1,0.29169275864370703,0.4382323262918315
0,0.3065423681647419,0.8500000000000001,0.5,0.46875,0.2874469718903814,0.3502542072281559,0.6053763440860216,1,1,0.6545195419431329,0.3163329381322856
0,0.7651982746625852,0.8,0.5930232558139534,0.54525,0.6517705409181889,0.887394361835697,0.8559139784946237,0,2,0.4070245019424188,0.6741775635422707
3,0.31864755809099765,0.75,0.6744186046511628,0.271,0.31470688201009583,0.41780632956292124,0.7623655913978495,1,1,0.5124369570406133,0.29973605185499297
2,0.1610407680534298,0.75,0.05813953488372093,0.18025,0.1413600372612948,0.18653686990107599,0.04516129032258065,0,1,0.6228519573619302,0.17720353430893185
4,0.35610407680534295,0.75,0.16279069767441862,0.31025,0.327773511751155,0.3806689900963341,0.07956989247311828,0,1,0.7222740103219503,0.328856888181181
0,0.377848893836093,0.75,0.5465116279069767,0.7435,0.3549515980815469,0.43413977737865334,0.881720430107527,1,1,0.6312551718171069,0.34576255051794413
0,0.5215082788367885,0.6000000000000001,0.2906976744186046,0.17275,0.4604539332066114,0.6304114046990332,0.9591397849462368,1,1,0.4261602901670505,0.3983841181103044
2,0.2489828857659663,0.6000000000000001,0.12790697674418605,0.1515,0.23270056269590506,0.26806335193203124,0.03225806451612903,0,0,0.758158236608055,0.2119325331233287
0,0.5247864199248643,0.55,0.5697674418604651,0.34700000000000003,0.3857299311421342,0.7038922138831492,0.5612903225806453,1,1,0.035212845501949586,0.3808358069457305
2,0.02881870043133436,0.25,0.08139534883720931,0.15949999999999998,0.003619129143116101,0.04223837487543006,0.024731182795698924,0,0,0.4123526872168424,0.030733083520116306
2,0.05456518714345343,0.3500000000000001,0.15116279069767444,0.17475000000000002,0.03959012575687004,0.06215268198478699,0.13118279569892474,0,0,0.6826682406467015,0.053079193097539654
2,0.17465980242103799,1.0,0.09302325581395349,0.07,0.14826470625259636,0.20792068058847707,0.17204301075268819,0,0,0.5389141250323226,0.23230552214135505
4,0.3239849728676777,0.8,0.13953488372093023,0.29275,0.2197786981205705,0.3806689900963341,0.06666666666666668,0,1,0.19712342150699635,0.3174321739807707
4,0.35430082092667314,0.55,0.12790697674418605,0.44325000000000003,0.3079910371480004,0.3806689900963341,0.17311827956989248,0,1,0.6260770001432936,0.26949780620148334
4,0.2966133296229303,0.75,0.22093023255813954,0.1875,0.20318105716335805,0.3806689900963341,0.11827956989247312,0,1,0.11641342601188986,0.2826053845421581
0,0.6451982746625852,0.7000000000000002,0.5465116279069767,0.281,0.5209846548924333,0.8265310144078915,0.5301075268817206,1,1,0.18952439126047516,0.5300795306050038
1,0.5503715041046333,0.5,0.3953488372093023,0.18775,0.5260199650045947,0.6301636722950719,0.6215053763440861,1,1,0.6404268193856695,0.37695775964276135
2,0.004402393209962427,0.9000000000000001,0.13953488372093023,0.06799999999999999,0.0,0.02439601150829626,0.19354838709677422,1,0,0.5779395488145236,0.0662480420240063
3,0.46983164046194514,0.9000000000000001,0.5697674418604651,0.43075,0.3787497324991503,0.598949389395927,0.3935483870967743,0,1,0.23135372567487478,0.47152146634012104
1,0.39827466258522326,0.55,0.22093023255813954,0.6935,0.38289756920404344,0.45046196463056914,0.3903225806451614,0,1,0.6908189388551051,0.2982155374590014
1,0.6691971615416724,0.6000000000000001,0.24418604651162792,0.374,0.6191291431161017,0.7747887236713942,0.7537634408602152,1,1,0.5540861020957715,0.4994272757955225
0,0.6955614303603728,0.8500000000000001,0.3953488372093023,0.261,0.5620539029947507,0.887394361835697,0.8247311827956991,1,2,0.18889020619196661,0.6429742196221647
1,0.3880005565604564,0.55,0.34883720930232553,0.3265,0.3222031999395763,0.48397340254826565,0.7290322580645162,0,1,0.32620084215596745,0.2915058890725468
4,0.3451064421872826,0.9500000000000002,0.2906976744186046,0.364,0.29652311836755246,0.3806689900963341,0.16666666666666669,1,1,0.5703115045831557,0.37712010938703455
1,0.22394323083344922,0.5,0.37209302325581395,0.495,0.21438462216291748,0.24848123145525902,0.4731182795698926,0,1,0.7548722208708825,0.17393057731084438
4,0.06300820926673159,0.5,0.27906976744186046,0.13599999999999998,0.013947809010687456,0.10217272578838024,0.07849462365591399,1,0,0.025941236871301454,0.07383451749413689
3,0.29242242938639207,0.9000000000000001,0.16279069767441862,0.5467500000000001,0.31470688201009583,0.3715085214316681,0.6333333333333334,1,1,0.6981786039207252,0.3170420499684128
0,0.7113454849032976,0.7000000000000002,0.4883720930232558,0.67075,0.6683681818754013,0.8285241342033995,0.6182795698924732,1,2,0.5664740381835112,0.5794490839701264
0,0.6417642966467233,0.5,0.3837209302325581,0.5175,0.4994964689887839,0.8387993986858922,0.7333333333333334,1,1,0.11337136340766474,0.433800939828477
3,0.42575761792124667,0.8500000000000001,0.27906976744186046,0.0,0.3448809778572238,0.5400791617636296,0.5516129032258066,0,1,0.2576437932511748,0.41643245956400954
0,0.7571615416724641,0.8,0.6395348837209303,0.20625000000000002,0.6697214214680447,0.887394361835697,0.7408602150537635,1,2,0.45066972514154124,0.6676794198333234
4,0.3561096424099067,0.6500000000000001,0.19767441860465115,0.27799999999999997,0.31469429373481544,0.3806689900963341,0.23548387096774195,0,1,0.6586731871748779,0.2997701487629054
3,0.37158202309725896,0.8,0.45348837209302323,0.8465,0.3248530318861013,0.4483843906064377,0.36559139784946243,1,1,0.44970063173650265,0.3559170250880549
2,0.11277027967162934,0.4,0.06976744186046513,0.2915,0.055476529160739696,0.16570482684067994,0.1,1,0,0.04793426990277472,0.09082862409457132
0,0.879888687908724,0.8,0.25581395348837205,0.534,0.7338335074711415,0.887394361835697,0.6344086021505377,0,2,0.6065498946738905,0.7669111143804143
3,0.8400278280228188,0.6500000000000001,0.686046511627907,0.6002500000000001,0.6977618046551441,1.0,0.28924731182795704,1,2,0.3185878328172005,0.6458977265843379
1,0.31866982050925285,0.8,0.26744186046511625,0.1935,0.2159078034718463,0.4387734993891144,0.42903225806451617,1,1,0.007325043789928376,0.3131345789378034
4,0.1598664254904689,0.8,0.18604651162790697,0.2305,0.1360477850929644,0.18891847914825094,0.14193548387096774,1,0,0.5653652985550044,0.18473323929279206
1,0.5831250869625713,0.55,0.313953488372093,0.46425,0.4515225518951648,0.7630664767384903,0.324731182795699,0,1,0.11645587945925429,0.4189346879786765
2,0.08566021984138025,0.8,0.12790697674418605,0.18275,0.058453656264555204,0.10818586686635404,0.07741935483870968,0,0,0.4553588696760176,0.12473341237354285
0,0.493786002504522,0.8500000000000001,0.441860465116279,0.34349999999999997,0.3846158687798185,0.6421618030414784,0.9053763440860216,0,1,0.15369523695158605,0.473552742031795
3,0.48718519549186035,0.8500000000000001,0.8953488372093023,0.78675,0.35461171464897595,0.6556463282116536,0.5946236559139786,1,2,0.030870484323518355,0.46801035022889936
4,0.3738472241547238,0.8,0.19767441860465115,0.32599999999999996,0.3633290952806556,0.3806689900963341,0.03655913978494624,0,1,0.895171531957087,0.3577485655932775
2,0.12758035341588977,0.6000000000000001,0.10465116279069767,0.07625,0.09057893478014578,0.16426910495408503,0.0978494623655914,0,0,0.3534326048772123,0.12887350393326005
1,0.4637651314874077,0.4,0.37209302325581395,0.426,0.440306398620325,0.5316112177736738,0.38602150537634417,0,1,0.6375943133516946,0.2873047000077886
1,0.4840128008904967,0.7000000000000002,0.20930232558139536,0.49775,0.4705371417062149,0.5455405352145981,0.7333333333333334,0,2,0.7045125080272701,0.4097773316140646
4,0.38108251008765825,1.0,0.1744186046511628,0.21725,0.3196666624705749,0.3806689900963341,0.20860215053763442,1,1,0.6828525184001843,0.4248872811610257
1,0.42255739529706404,0.4,0.313953488372093,0.30374999999999996,0.31471317614773603,0.560584648473349,0.770967741935484,1,1,0.09738020838062766,0.26423788218393296
3,0.7989147071100597,0.6500000000000001,0.7441860465116279,0.41700000000000004,0.7800261836125832,0.9058053836755606,0.5913978494623656,1,2,0.6795614186860564,0.616491133938539
1,0.6035786837345206,0.7000000000000002,0.24418604651162792,0.41875,0.4607182869874999,0.7747887236713942,0.5311827956989248,1,1,0.12078636518838648,0.49901638209306565
2,0.19458466675942668,0.5,0.05813953488372093,0.1895,0.13321542315487356,0.26169550309384,0.10322580645161292,0,0,0.1627707731416288,0.15567055809888103
0,0.7888075692222066,0.75,0.3255813953488372,0.0,0.6901836629363411,0.887394361835697,0.9258064516129034,0,1,0.5004209946437665,0.665265289520826
1,0.4137025184360651,1.0,0.3023255813953488,0.503,0.36919523156132383,0.49393900152580644,0.5623655913978496,1,1,0.4838708578146036,0.45532006957846183
3,0.3552636705162098,0.7000000000000002,0.5465116279069767,0.60275,0.32409144123163686,0.41604405132564987,0.3376344086021506,1,1,0.5615829363232512,0.3136842834024214
3,0.5001586197300681,0.8,0.2906976744186046,0.14,0.4919246214076209,0.5590701026400391,0.4881720430107528,0,1,0.7382204929515239,0.45987832423217057
1,0.3976791428968971,0.7000000000000002,0.3023255813953488,0.09575,0.36274374048011687,0.4672908772542241,0.7096774193548389,1,1,0.5454471743768894,0.3453414450511887
2,0.19707805760400723,0.8500000000000001,0.08139534883720931,0.20074999999999998,0.18683518171175367,0.21877586410751593,0.03978494623655915,0,1,0.7508554860893011,0.2244208285375542
1,0.19866982050925278,0.30000000000000004,0.36046511627906974,0.33175000000000004,0.1888241292060575,0.27274774647966626,0.4903225806451613,0,0,0.46072733634119545,0.11961368376416018
1,0.362098232920551,0.55,0.313953488372093,0.227,0.25920517629879536,0.48791459988401625,0.4064516129032259,0,1,0.061750121427564864,0.27459001497148494
4,0.3801252261026854,0.6500000000000001,0.19767441860465115,0.29975,0.33277105703747534,0.3806689900963341,0.11935483870967745,0,1,0.7465757685408032,0.3169475478784627
2,0.183052734103242,0.7000000000000002,0.046511627906976744,0.18375,0.10811440224574831,0.26081717911615837,0.09892473118279571,0,0,0.006635561982447413,0.18515313319429183
2,0.04178655906497841,0.6500000000000001,0.16279069767441862,0.059750000000000004,0.020380417678973806,0.05348767812804389,0.10430107526881721,1,0,0.5235863483518022,0.07494725364118629
4,0.0067176847085014535,0.8,0.18604651162790697,0.34575,0.0,0.008073824256380535,0.18279569892473121,0,1,0.828823281950833,0.060904000761555305
1,0.23302629748156392,0.6500000000000001,0.27906976744186046,0.459,0.1888241292060575,0.31853882923918003,0.5763440860215056,0,1,0.2604571347369613,0.21173349025988075
3,0.7302462780019479,0.9000000000000001,0.8953488372093023,0.7242500000000001,0.5508062790317099,0.9719161538418228,0.3204301075268818,0,2,0.03488954074631101,0.6982780196100491
1,0.26142201196604975,0.7000000000000002,0.26744186046511625,0.13875,0.22838907841236672,0.31178812123123006,0.43763440860215064,0,1,0.5100103042759994,0.24364473445085807
4,0.158419368303882,0.7000000000000002,0.16279069767441862,0.5845,0.08870328176336562,0.2283360827876652,0.21290322580645163,1,1,0.00826805941431119,0.16676780351873166
2,0.05470989286211214,0.8,0.03488372093023256,0.16825,0.03141404096224776,0.06975919284278567,0.022580645161290328,0,0,0.49562865450100935,0.09970835893486107
3,0.2938806177821066,0.7000000000000002,0.6976744186046512,0.74875,0.31470688201009583,0.39102870880745005,0.6677419354838711,0,1,0.6158103023248269,0.2678705009822333
1,0.5902713232224849,0.8,0.3953488372093023,0.292,0.5637659084328857,0.6771258536914944,0.41397849462365605,1,1,0.6320269263700309,0.5327394355836715
0,0.6920217058577988,0.75,0.5232558139534883,0.30625,0.6189025541610544,0.8336645815856001,0.7107526881720432,1,1,0.4284902488426947,0.5900184330999628
0,0.5539279254208987,0.55,0.25581395348837205,0.254,0.532949810546457,0.6311546019109178,0.8903225806451615,0,1,0.6601977277261379,0.39986707398336696
1,0.2605816056769167,0.4,0.3023255813953488,0.48775,0.22208864663452466,0.31572931856698067,0.403225806451613,1,1,0.4570831031239828,0.1735688385416216
0,0.2929845554473355,0.8500000000000001,0.3837209302325581,0.6819999999999999,0.25176550560807665,0.3756017363789405,0.795698924731183,0,1,0.37121646128363195,0.30494907098907
1,0.5058911924307777,0.75,0.2906976744186046,0.6115,0.4782537544531024,0.5828974556756057,0.7666666666666668,0,1,0.6160271968452082,0.44530994435453863
0,0.8366216780297759,0.9000000000000001,0.6395348837209303,0.5035,0.8189050718161104,0.887394361835697,0.8827956989247313,0,2,0.8133903002697307,0.7909046065441833
0,0.3337080840406289,0.6500000000000001,0.4767441860465116,0.22425,0.25176550560807665,0.4413465382211687,0.6795698924731184,1,1,0.15628345985119574,0.2837471982553461
2,0.11109503269792681,0.45000000000000007,0.1744186046511628,0.23725,0.07310011455330503,0.14655623807084023,0.1623655913978495,1,0,0.3148154103020291,0.09681687191159036
4,0.046634200640044504,0.7000000000000002,0.26744186046511625,0.32275,0.004708014954871026,0.07730940088170216,0.14516129032258066,0,0,0.09855972671211233,0.0833359583913875
3,0.3254542924725198,0.6500000000000001,0.8023255813953488,0.758,0.31470688201009583,0.40889922358412484,0.38494623655913984,1,1,0.5456736249052383,0.27784358692548006
1,0.6831779602059272,0.6000000000000001,0.45348837209302323,0.51325,0.6480255290222687,0.7747887236713942,0.4129032258064517,0,2,0.6331261168820796,0.5089924104090764
4,0.33775427855850837,0.8500000000000001,0.18604651162790697,0.263,0.2875728546431853,0.3806689900963341,0.07849462365591399,0,1,0.5267887083776033,0.34254013309909737
4,0.3704689021844998,0.55,0.1744186046511628,0.0825,0.329926106824104,0.3806689900963341,0.2849462365591398,0,0,0.7327415182701211,0.2800565974055196
2,0.1347321552803673,0.75,0.046511627906976744,0.0,0.0815090824406148,0.186852165687936,0.07311827956989247,0,0,0.14941863410276546,0.15674971658027054
0,0.5735856407402254,0.8,0.18604651162790697,0.24025000000000002,0.44617253490099323,0.7485516099791116,0.6505376344086022,0,1,0.12793961535836273,0.5192481372184193
4,0.28157506609155414,0.8500000000000001,0.1744186046511628,0.20875000000000002,0.22298241417943326,0.35740466525158915,0.23118279569892472,0,1,0.2943355899628628,0.29536905143094516
2,0.15156254348128564,0.45000000000000007,0.12790697674418605,0.05925,0.12058938304862851,0.18594569030071334,0.007526881720430107,0,0,0.4628048162145697,0.12072780455721618
1,0.4960901627939335,0.55,0.40697674418604646,0.2265,0.4227268721912411,0.6127435800710541,0.39139784946236567,1,1,0.3460053149518374,0.36209531556947894
0,0.5300125226102684,0.8500000000000001,0.3023255813953488,0.6335000000000001,0.48563048376741896,0.6251076791414947,0.7182795698924732,1,2,0.5222330975398186,0.5039704724239094
4,0.10631417837762625,0.75,0.27906976744186046,0.29175,0.04762144538576771,0.1596635343531651,0.034408602150537634,0,0,0.012577191695676726,0.13465595873754901
0,0.2473799916515931,0.4,0.686046511627907,0.47724999999999995,0.25176550560807665,0.3147778009244923,0.5473118279569894,1,1,0.6271531242221073,0.1661789828044274
1,0.3137442604702936,0.6500000000000001,0.5465116279069767,0.159,0.2618550082453203,0.38771247276351134,0.49247311827956997,1,1,0.3758808328827743,0.26946786323159067
3,0.6424321691943786,0.6500000000000001,0.7441860465116279,0.69625,0.5,0.8396946135092984,0.767741935483871,0,2,0.11317564143671222,0.5045653509644925
4,0.23365521079727283,0.8,0.313953488372093,0.11424999999999999,0.1841475849393875,0.2951900501658118,0.21182795698924733,0,1,0.32977874053587986,0.24439555874793387
1,0.33793794350911366,0.55,0.25581395348837205,0.52,0.2742355769835975,0.4255930094419828,0.8333333333333335,1,1,0.3034856997508115,0.2588118006455912
4,0.19378321970224013,0.9000000000000001,0.25581395348837205,0.17675,0.1621936328503632,0.23415216399885141,0.2526881720430108,0,1,0.48690183763325834,0.2311517658563603
3,0.42521775427855846,0.6500000000000001,0.40697674418604646,0.69175,0.31470688201009583,0.5661867789720232,0.27311827956989254,1,1,0.08456225627699876,0.34920045347156714
3,0.8977264505356894,0.8,0.5116279069767442,0.28175,0.8110248114905776,1.0,0.45483870967741946,0,1,0.566433629563843,0.781333933346603
1,0.633132043968276,0.55,0.36046511627906974,0.16875,0.5470423847228691,0.7747887236713942,0.8107526881720432,0,1,0.35690786438120226,0.4515924294479591
0,0.4014971476276611,0.7000000000000002,0.4767441860465116,0.46775,0.32780498243935596,0.5062693189047975,0.9430107526881722,0,1,0.28421133815586885,0.3481910465327599
0,0.7396855433421454,0.6000000000000001,0.46511627906976744,0.46475,0.6323468321605257,0.887394361835697,0.6462365591397851,1,2,0.35979828918207835,0.5476527653976963
2,0.20084597189369693,0.20000000000000007,0.13953488372093023,0.3575,0.18985007364141038,0.22370236077720418,0.18709677419354842,0,0,0.7406204228181303,0.10126227791576159
2,0.017392514261861697,0.0,0.06976744186046513,0.0,0.0,0.03190680757385525,0.007526881720430107,0,0,0.47991139683488226,0.005343002777946047
1,0.3290385418116043,0.8500000000000001,0.25581395348837205,0.387,0.254239101700676,0.4254691432400021,0.803225806451613,0,1,0.21454801643009214,0.3352219327927445
4,0.2560233755391679,0.7000000000000002,0.19767441860465115,0.25,0.17979833583000798,0.3443367809426218,0.19892473118279572,1,1,0.11751951888350165,0.23961541457166838
3,0.6601252261026854,0.8,0.5,1.0,0.6374576719243696,0.752537849570128,0.581720430107527,1,2,0.6570986201337006,0.5892201846771613
3,0.41894531793516065,0.75,0.6395348837209303,0.8847499999999999,0.3551718928989539,0.5170907207323872,0.5720430107526884,1,2,0.35931449999459253,0.3777132571201094
0,0.4966912480868234,0.6500000000000001,0.41860465116279066,0.43775000000000003,0.46330517755762285,0.5776556632190573,0.6236559139784947,0,1,0.579324891149201,0.40032262251953654
1,0.2898232920550995,0.55,0.3255813953488372,0.40125,0.27543775727287606,0.32716442112256566,0.760215053763441,0,1,0.698163445327393,0.2273898557371942
1,0.19870321413663558,0.6000000000000001,0.37209302325581395,0.45449999999999996,0.1888241292060575,0.2684124294103406,0.5741935483870969,1,1,0.4820975270079455,0.17753308005850132
0,0.786893001252261,0.6000000000000001,0.37209302325581395,0.34950000000000003,0.6408502121124386,0.887394361835697,0.5483870967741937,0,1,0.3804731477171466,0.5799503258245136
3,0.29592876026158343,0.8500000000000001,0.7093023255813953,0.4685,0.31470688201009583,0.39632680408308046,0.5451612903225808,0,1,0.5945163419270092,0.30742118335309343
3,0.9481007374426047,0.75,0.5348837209302325,0.69925,0.950528078148013,1.0,0.4946236559139786,0,2,0.8716992166209472,0.7891088937543812
0,0.34821204953388063,0.75,0.34883720930232553,0.448,0.2584184090937701,0.46052327840054946,0.7870967741935485,0,1,0.13061427129014302,0.32272117556445956
0,0.31878113260052876,0.75,0.20930232558139536,0.434,0.26914991377031433,0.39138341656766756,0.8838709677419356,0,1,0.3974265762647491,0.29983990030548757
4,0.142395992764714,0.7000000000000002,0.15116279069767444,0.059,0.12961517642467807,0.1593257174386722,0.0913978494623656,0,0,0.7223064895707882,0.15480861595977602
4,0.06001947961597326,0.8,0.3023255813953488,0.03725,0.03498281700424227,0.07730940088170216,0.21397849462365595,1,0,0.46538313137652043,0.10400145387830692
3,0.33477668011687767,0.6000000000000001,0.5930232558139534,0.46075,0.31470688201009583,0.450276165327598,0.7419354838709679,1,1,0.3999750235421784,0.2706294081503726
2,0.10279671629330736,0.4,0.10465116279069767,0.03325,0.06476038218003752,0.13722123066701952,0.0913978494623656,1,0,0.30053314060317105,0.0852457313959828
4,0.07412828718519548,1.0,0.08139534883720931,0.1465,0.029960095167361117,0.11034789511910864,0.15591397849462368,0,0,0.14063274107247947,0.13851479407717673
4,0.29149853902880196,0.6000000000000001,0.16279069767441862,0.21875,0.2595828245572074,0.3447365309581051,0.20430107526881722,0,1,0.5337422645403855,0.2410201379453584
0,0.4667761235564213,0.8500000000000001,0.3255813953488372,0.461,0.35723007590729994,0.6120229039868026,0.5784946236559141,0,1,0.12913125806540848,0.4508737981705365
4,0.3645749269514401,0.75,0.22093023255813954,0.23625000000000002,0.3255768577147245,0.3806689900963341,0.09677419354838711,0,1,0.7115922551350742,0.33544261075004544
4,0.19515235842493392,0.55,0.1744186046511628,0.08399999999999999,0.13601631440476342,0.26033860515396007,0.189247311827957,0,0,0.1864143134447389,0.16556368073524708
2,0.22742729929038538,0.6500000000000001,0.13953488372093023,0.30575,0.20603859565200977,0.26300172849654585,0.07956989247311828,1,1,0.6184634123596704,0.20772874784730816
0,0.6669653541115903,0.8,0.2906976744186046,0.6605,0.5741701179521395,0.8229839368057159,0.9548387096774196,0,1,0.33386817060214335,0.5947508069890007
0,0.2793543898705997,0.8500000000000001,0.5232558139534883,0.62,0.25176550560807665,0.3445957739103997,0.6451612903225807,1,1,0.49341848948307576,0.29350445250231494
1,0.7167997773758175,0.55,0.40697674418604646,0.44925,0.5493523332368233,0.7747887236713942,0.3483870967741936,0,1,0.3632262450012358,0.5062328109179338
0,0.4364491442882983,0.6500000000000001,0.27906976744186046,0.307,0.40984277244174777,0.5036005652803035,0.581720430107527,1,1,0.6127479213243434,0.35723382344032606
1,0.5170224015583692,0.4,0.45348837209302323,0.23875000000000002,0.4511323153614723,0.6296850983328734,0.781720430107527,0,1,0.3976029354068005,0.31711647469126725
1,0.36991790733268404,0.75,0.27906976744186046,0.14125000000000001,0.28314807588212343,0.4823180996672503,0.6000000000000001,0,1,0.172942132429027,0.3395965487698286
0,0.6600640044524836,0.8500000000000001,0.3953488372093023,0.587,0.6188459069222927,0.7690683572526475,0.8516129032258066,1,2,0.5663292960204795,0.6131686758457159
0,0.47120634478920276,0.6000000000000001,0.45348837209302323,0.33775,0.42095821951434437,0.5639740781820946,0.8440860215053766,0,1,0.46901086999509767,0.3639694339394045
3,0.6845081396966746,0.8500000000000001,0.3953488372093023,0.82275,0.5510139855738365,0.8791966713773358,0.681720430107527,1,2,0.17546923067945874,0.6336932836014644
0,0.6038180047307639,0.5,0.3372093023255814,0.6815,0.481671471191732,0.7779642026676277,0.9655913978494626,0,1,0.17226201446087908,0.41019964864607583
2,0.18376513148740783,0.45000000000000007,0.09302325581395349,0.09375,0.11441483402359043,0.25662824937644635,0.13763440860215054,0,0,0.06351737401611324,0.13975526381833447
4,0.33358564074022534,0.6500000000000001,0.13953488372093023,0.10525,0.2854517302584373,0.3806689900963341,0.2817204301075269,1,1,0.5164742341713644,0.28365961939542894
1,0.673321274523445,0.45000000000000007,0.25581395348837205,0.40800000000000003,0.5971059555130351,0.7747887236713942,0.4827956989247313,1,1,0.49384628250585805,0.42901802636019837
1,0.7553360233755392,0.3500000000000001,0.313953488372093,0.34099999999999997,0.5982137237377108,0.7747887236713942,0.3870967741935485,0,1,0.49687635059611956,0.4235562901871869
1,0.7444552664533185,0.6500000000000001,0.43023255813953487,0.41175000000000006,0.74469718903813,0.7747887236713942,0.5580645161290324,0,2,0.8975512066452922,0.577538445561777
3,0.769372478085432,0.8,0.3255813953488372,0.44225000000000003,0.7560392250657739,0.8675025758539732,0.2483870967741936,1,1,0.703470235765639,0.6775526381833444
1,0.6790037567830804,0.55,0.25581395348837205,0.28775,0.5764737723284534,0.7747887236713942,0.3892473118279571,1,1,0.437411264324739,0.48154959196213
3,0.8516154167246417,0.75,0.6744186046511628,0.33924999999999994,0.6571772051511222,1.0,0.4784946236559141,1,2,0.2297792916989816,0.7140956963471308
0,0.7144010018088215,0.8,0.41860465116279066,0.06475,0.6301375898488148,0.8689045160491187,0.7591397849462367,1,1,0.38858632166027096,0.6331051552101634
0,0.7093585640740224,0.75,0.5813953488372092,0.3555,0.5472815619531968,0.887394361835697,0.7086021505376345,1,1,0.15297318696043094,0.603497096570405
2,0.12975650480033393,0.7000000000000002,0.09302325581395349,0.1365,0.10419944863354272,0.15648805535693172,0.019354838709677417,0,0,0.5228114796526564,0.14537502271684855
2,0.015583692778628089,0.45000000000000007,0.03488372093023256,0.26125,0.0004028248089729125,0.01833782817505672,0.14301075268817207,0,0,0.6713131703760584,0.04038233537857086
2,0.0925560038959232,0.4,0.046511627906976744,0.11825000000000001,0.0673158020619595,0.11422152907196065,0.04516129032258065,0,0,0.49753187852970293,0.07951329692868209
4,0.3345484903297621,1.0,0.05813953488372093,0.276,0.25660569745339196,0.3806689900963341,0.0956989247311828,1,1,0.37620350631619903,0.38147343643176723
0,0.6738611381661332,0.6500000000000001,0.5465116279069767,0.454,0.6016314404763403,0.8123764856906386,0.9537634408602153,1,1,0.42651931347018013,0.527045251962303
1,0.39112286072074576,0.4,0.12790697674418605,0.2525,0.31541182542579843,0.4963600227463389,0.4225806451612904,0,1,0.2632952558171142,0.24664180073213157
4,0.3536051203561986,0.7000000000000002,0.10465116279069767,0.3005,0.2654111960120344,0.3806689900963341,0.3258064516129033,0,1,0.4190223473088621,0.31244640987252603
0,0.2703436760818143,0.45000000000000007,0.4883720930232558,0.24225,0.25176550560807665,0.36922825725884095,0.795698924731183,0,1,0.3950866008202114,0.19091170285496697
4,0.19568665646305825,0.6000000000000001,0.10465116279069767,0.34375,0.18113269300973073,0.22106175856225124,0.30860215053763446,0,1,0.6956598847584046,0.17546926518567238
3,0.41749826074857377,0.7000000000000002,0.686046511627907,0.40800000000000003,0.38978964992006443,0.4831964236449319,0.42043010752688176,1,1,0.6018569306319879,0.3601336183396364
3,0.9604007235285932,0.8500000000000001,0.4883720930232558,0.31425000000000003,0.7393157013557572,1.0,0.3279569892473119,1,2,0.4095174215986028,0.8653475028774676
3,0.6112202588006121,0.75,0.6511627906976744,0.7427499999999999,0.462562469316079,0.8100399186987293,0.6806451612903227,1,2,0.06521815009153586,0.5271987745882842
1,0.3626102685404202,0.55,0.26744186046511625,0.267,0.3115472249147145,0.44212351712450243,0.3215053763440861,0,1,0.4133011251748915,0.27492440698207754
4,0.10196744121330178,0.8,0.15116279069767444,0.19275,0.0889739296818943,0.1138780818755595,0.16666666666666669,0,0,0.7227920303436577,0.13791870397133785
3,0.4230861277306247,0.9000000000000001,0.441860465116279,0.44175,0.39230101083850505,0.49225554723525017,0.45161290322580655,0,1,0.5813082652196961,0.4308177200072695
2,0.1709308473632948,0.55,0.03488372093023256,0.08075,0.13537431236546282,0.21191255046140162,0.07849462365591399,0,0,0.42104223055851,0.14974548475591287
3,0.7830471684986781,0.8,0.4767441860465116,0.4945,0.6555847883281511,0.9850234501241477,0.4774193548387098,1,2,0.24934471330093677,0.6886093827075023
3,0.9636065117573396,0.9000000000000001,0.46511627906976744,0.1565,0.852931179899042,1.0,0.6838709677419357,0,2,0.6581345084045844,0.9014768980467839
3,0.7649144288298316,0.75,0.7790697674418604,0.62625,0.7569518750236031,0.857660843078413,0.3204301075268818,1,2,0.7276385176282496,0.6466893979386084
1,0.7069375260887714,0.55,0.4883720930232558,0.34299999999999997,0.7035272347335693,0.7747887236713942,0.7419354838709679,1,1,0.784939414722565,0.49979213001826006
1,0.4977264505356893,0.55,0.3372093023255814,0.38150000000000006,0.4009680383690631,0.6355124401078762,0.5870967741935484,1,1,0.22089970930899283,0.36316391612506815
3,0.9680033393627381,0.7000000000000002,0.5116279069767442,0.46775,0.816173416080263,1.0,0.6021505376344086,1,2,0.5776999736449075,0.7710079357524254
1,0.288448587727842,0.75,0.313953488372093,0.261,0.2268658971034379,0.36783757762751185,0.5946236559139786,1,1,0.2761509181162034,0.2762576480056771
4,0.29137053012383474,0.7000000000000002,0.11627906976744187,0.1395,0.208820604488979,0.3806689900963341,0.1709677419354839,0,0,0.14383707256616196,0.2659970749353111
2,0.043489634061499916,0.7000000000000002,0.09302325581395349,0.11075,0.0308979216757512,0.047519579305335846,0.1795698924731183,0,0,0.7419104161010079,0.08098898341021002
3,0.7605955196883262,0.9000000000000001,0.34883720930232553,0.651,0.5820314958647517,1.0,0.435483870967742,1,2,0.0653430056551827,0.7247046809689062
0,0.5786670377069708,0.8,0.36046511627906974,0.33425000000000005,0.5766563023200193,0.6421111305043044,0.6376344086021506,0,1,0.7698169205429581,0.5233567280814865
2,0.07752330596911086,0.75,0.10465116279069767,0.107,0.058434773851634564,0.0917454436943658,0.06881720430107528,0,0,0.6015148772659018,0.11227229063719679
4,0.2142368164741895,0.6500000000000001,0.18604651162790697,0.5125,0.14557710948023012,0.2904043105438289,0.04516129032258065,0,1,0.12240873388135931,0.19829411611987574
2,0.10640879365521078,0.15000000000000002,0.13953488372093023,0.294,0.08852075177179974,0.12327502238037058,0.08602150537634409,0,0,0.635152469160184,0.05336633406315716
3,0.4696869347432865,0.9500000000000002,0.8488372093023255,0.64375,0.40679011568624984,0.5735737088356014,0.6688172043010754,1,2,0.3923176093383083,0.4894730556541155
4,0.25138722693752613,0.6500000000000001,0.23255813953488372,0.19199999999999998,0.2312214403504576,0.2889516978115095,0.3150537634408603,0,0,0.6365360996435843,0.22486633839017597
2,0.2584611103381105,0.10000000000000009,0.046511627906976744,0.12225,0.21028713855914605,0.26806335193203124,0.1548387096774194,1,0,0.618027425316986,0.10332886208060371
3,0.9288715736746904,0.8,0.6627906976744186,0.7675,0.7187842243734186,1.0,0.3182795698924732,0,2,0.3645897756420846,0.8065164902685349
0,0.24522610268540415,0.8500000000000001,0.40697674418604646,0.38449999999999995,0.25176550560807665,0.3069573393539815,0.69247311827957,1,1,0.6652769572774939,0.264848511072841
0,0.6385195491860303,0.5,0.45348837209302323,0.7825,0.6249826911214895,0.7199779292949198,0.7860215053763442,0,2,0.7031560940516821,0.43178281827386567
0,0.4464616668985668,0.9000000000000001,0.37209302325581395,0.0,0.3455607447223656,0.5813547584327547,0.8301075268817206,1,1,0.1584064860008827,0.4511720163042068
1,0.5670460553777654,0.5,0.3023255813953488,0.243,0.46991402207983485,0.7140886544189269,0.49247311827956997,0,1,0.26368276832467763,0.3873287582321533
1,0.6782134409350216,0.6500000000000001,0.37209302325581395,0.3265,0.6702123642039803,0.7598290646412666,0.30645161290322587,1,1,0.7305851639828493,0.5301582823466289
0,0.8628245443161262,0.7000000000000002,0.43023255813953487,0.41250000000000003,0.7307179093392415,0.887394361835697,0.8645161290322582,0,2,0.5989747244482364,0.6925068150545638
0,0.4948379017670794,0.8500000000000001,0.5465116279069767,0.4565,0.46513677161092165,0.5722674834328956,0.9053763440860216,1,1,0.6017061046784795,0.4744359731032515
3,0.7790677612355641,0.9000000000000001,0.5813953488372092,0.44775000000000004,0.6654539961479877,0.968149495245227,0.2849462365591398,1,2,0.2982956566497792,0.7407894213045096
3,0.5127647140670655,0.5,0.5232558139534883,0.194,0.37614395951610674,0.688138685103963,0.6086021505376344,1,1,0.03559150137824241,0.3535676269763658
2,0.13506052594963128,0.55,0.13953488372093023,0.044000000000000004,0.08398267853321417,0.18530383816317686,0.18279569892473121,1,0,0.17711576003286944,0.1263198705355984
2,0.2152720189230555,0.55,0.10465116279069767,0.15475,0.18725059479600703,0.2552150486174843,0.14623655913978495,1,0,0.539973816985224,0.17870310593407357
0,0.5182134409350215,0.6500000000000001,0.4767441860465116,0.5874999999999999,0.42715165095230306,0.6535349724960731,0.7666666666666668,1,1,0.2642512037912945,0.41571659757860036
0,0.4323194657019619,0.6500000000000001,0.37209302325581395,0.7245,0.3562670728483491,0.5431645562493315,0.820430107526882,0,1,0.29153891014876154,0.3542800273467587
0,0.6972589397523304,0.7000000000000002,0.5813953488372092,0.29675,0.6878925968353076,0.782552882422823,0.7494623655913979,0,2,0.7231534896306944,0.5689354668420551
0,0.4750076527062752,0.6000000000000001,0.441860465116279,0.2885,0.3717128866174046,0.6157107386366836,0.9956989247311829,0,1,0.16922296611152476,0.3665701453012903
3,0.43029915124530405,0.75,0.36046511627906974,0.6887500000000001,0.36422286282556426,0.5319602952519833,0.3698924731182796,0,1,0.3515591437442296,0.3865403754121486
1,0.5294448309447612,0.7000000000000002,0.5581395348837209,0.383,0.4715064389028059,0.636582193670437,0.6021505376344086,0,1,0.4464170729913781,0.44368592766955417
1,0.47579240294977043,0.6000000000000001,0.45348837209302323,0.438,0.44855171892898954,0.5485696268812179,0.8021505376344088,0,1,0.6143853829302828,0.36710704179034737
4,0.14345902323639906,0.6000000000000001,0.12790697674418605,0.20600000000000002,0.12592051762987955,0.16478709088964089,0.3333333333333334,1,0,0.6495802828819655,0.13973709033949788
2,0.07003200222624181,0.8,0.08139534883720931,0.0,0.04229660494215687,0.09103039789202247,0.05161290322580646,0,0,0.42520483903762707,0.11209713291736259
4,0.05714206205649089,0.6500000000000001,0.2906976744186046,0.2655,0.022533012751922876,0.08261875672114904,0.33440860215053775,0,0,0.26878181573045934,0.08593043884624373
2,0.262969250034785,0.4,0.06976744186046513,0.1145,0.23463915708908722,0.26806335193203124,0.0021505376344085995,0,0,0.7702785089690904,0.1749053680994868
2,0.012511479059412814,0.6500000000000001,0.08139534883720931,0.0,0.0,0.02573601860245145,0.11827956989247312,0,0,0.5597392797724361,0.054007944406462824
1,0.5718881313482677,0.6000000000000001,0.23255813953488372,0.525,0.5026938909100065,0.6945628367612366,0.38817204301075275,0,1,0.4036890137777054,0.43285211115245814
2,0.23717823848615557,0.55,0.11627906976744187,0.09875,0.1569946751595564,0.26806335193203124,0.06236559139784946,0,0,0.2848379899894151,0.19300926847420666
4,0.019373869486572964,0.6000000000000001,0.2906976744186046,0.104,0.00613678419919686,0.02087145503375354,0.2483870967741936,1,0,0.730313564293229,0.05484271286768842
4,0.31366077640183665,0.55,0.16279069767441862,0.04825,0.29934918616800316,0.35400960526093544,0.18817204301075272,0,0,0.6988841081367834,0.24295725770858398
3,0.5100208710171142,0.75,0.5697674418604651,0.7545000000000001,0.37129747353315123,0.6869225442117888,0.4096774193548388,1,1,0.023174970955737617,0.4485205922823293
1,0.6309558925838319,0.55,0.26744186046511625,0.39225000000000004,0.5281347952517026,0.7747887236713942,0.37634408602150543,0,1,0.3051901112951487,0.45017126340294067
4,0.0806623069430917,0.30000000000000004,0.20930232558139536,0.152,0.047898387441936585,0.10751586331927643,0.06666666666666668,0,0,0.3495682463641496,0.06089638520851903
2,0.04441909002365382,0.55,0.09302325581395349,0.00175,0.0,0.07845797839097807,0.07096774193548387,0,0,0.032949247831937534,0.06712521526918384
0,0.30849589536663424,0.8,0.40697674418604646,0.35924999999999996,0.2608227696723272,0.3780171273175648,0.8978494623655915,1,1,0.40660281124268205,0.3049083970126263
4,0.3763795742312508,0.8500000000000001,0.13953488372093023,0.0245,0.31268016968995077,0.3806689900963341,0.05376344086021506,0,0,0.6488790276912091,0.37497200418855414
0,0.24855989981911783,0.8,0.441860465116279,0.486,0.25176550560807665,0.3224687660111142,0.7494623655913979,0,1,0.590957183106658,0.256446825266328
4,0.02619173507722275,0.3500000000000001,0.23255813953488372,0.0955,0.008339732373267544,0.03269504704100534,0.0935483870967742,0,0,0.599607234238335,0.03807897674660113
4,0.08355085571170168,0.7000000000000002,0.23255813953488372,0.046,0.03472475736099395,0.12514990625580624,0.04838709677419355,1,0,0.09165515685799219,0.11088902927660901
2,0.18175594823987754,0.30000000000000004,0.09302325581395349,0.184,0.1373066126210048,0.23208022025662828,0.13440860215053763,0,0,0.32707347960898336,0.11119780533607956
2,0.1423347711145123,0.050000000000000044,0.0,0.15475,0.11720943113584009,0.17029350659587528,0.06344086021505377,1,0,0.5375110922987025,0.05209540210985436
0,0.5537776540976763,0.75,0.5116279069767442,0.33625000000000005,0.4694230793438991,0.6876882625513059,0.9924731182795701,0,1,0.31888789214073987,0.48253961385684496
0,0.35396131904828154,0.6500000000000001,0.6627906976744186,0.656,0.25580634197308627,0.47448637753292316,0.7483870967741937,1,1,0.08236177838018355,0.29823353785708717
3,0.6348518157784889,0.8,0.7209302325581395,0.8384999999999999,0.5361031735041981,0.7920680588477065,0.30107526881720437,0,2,0.2929076577288132,0.5687852327503398
2,0.03335466815082788,0.0,0.12790697674418605,0.0435,0.019090119462732424,0.0375765014554279,0.08387096774193549,1,0,0.6993426041480386,0.010306958711586892
1,0.7709809378043689,0.6000000000000001,0.23255813953488372,0.5845,0.6604123918981861,0.7747887236713942,0.3516129032258065,0,1,0.6670077873459122,0.5690638927591668
0,0.4135021566717684,0.7000000000000002,0.45348837209302323,0.47800000000000004,0.3582560203426529,0.5033190511848928,0.6505376344086022,1,1,0.4117179207481323,0.35715109084143204
1,0.2661472102407124,0.8,0.23255813953488372,0.5185,0.1888241292060575,0.36271965137294426,0.33655913978494634,0,1,0.1027980655369003,0.2706671397540522
2,0.15898149436482537,0.15000000000000002,0.06976744186046513,0.16075,0.12478127871700301,0.19721188439905185,0.08172043010752689,0,0,0.4269182401782188,0.07462030410287919
4,0.09870599693891746,0.45000000000000007,0.36046511627906974,0.07575,0.048936920152569896,0.14310487526110433,0.13010752688172042,1,0,0.11667240727243833,0.08949659463622753
4,0.03316543759565882,0.8,0.13953488372093023,0.02725,0.0,0.055970632449566765,0.1838709677419355,0,0,0.22031852755439751,0.08228847368739885
3,0.35077779323779046,0.6000000000000001,0.7325581395348837,0.7955,0.31470688201009583,0.4174572520846119,0.4010752688172044,1,1,0.5137190218726104,0.28157676564000933
3,0.4179379435091136,0.7000000000000002,0.46511627906976744,0.41924999999999996,0.38790770276564407,0.48576383219507807,0.5913978494623656,1,1,0.5855256137413603,0.36046177944319924
0,0.31194657019618754,0.6500000000000001,0.5930232558139534,0.27849999999999997,0.25176550560807665,0.4005326246685172,0.7860215053763442,1,1,0.2833952922834446,0.268182046333717
1,0.5651092249895645,0.20000000000000007,0.46511627906976744,0.49275,0.5450974961920467,0.6429162608171792,0.7698924731182797,0,1,0.6663312960018823,0.2598537467655535
4,0.23647140670655345,0.3500000000000001,0.15116279069767444,0.09575,0.19654703609058521,0.28979624009774174,0.18709677419354842,0,0,0.42677204561715043,0.14924770451654218
4,0.3557089188813134,0.4,0.10465116279069767,0.25625,0.31083598736137164,0.3806689900963341,0.23010752688172045,0,1,0.6399112504139752,0.22681817001722152
1,0.6673939056630026,0.75,0.3372093023255814,0.566,0.6602487443195408,0.7468625254066472,0.5150537634408603,0,1,0.7353519517322218,0.5708713750400249
2,0.18542368164741893,0.45000000000000007,0.15116279069767444,0.035750000000000004,0.17558755774871287,0.20525192696398314,0.0849462365591398,0,0,0.7584180273487673,0.14073524702950166
0,0.49190482816195913,0.6500000000000001,0.5116279069767442,0.43474999999999997,0.3957439041276955,0.6284013940578006,0.806451612903226,0,1,0.2199044354670896,0.3968990852682319
0,0.2953555029915125,0.8500000000000001,0.23255813953488372,0.5630000000000001,0.25176550560807665,0.3595272815309863,0.7784946236559142,0,1,0.4326217015651086,0.30693984578505107
1,0.24324474746069294,0.4,0.3953488372093023,0.38925,0.22488324374677426,0.27814718682964457,0.5236559139784948,1,1,0.6545734074511194,0.1638642008429033
3,0.7169333518853485,0.9000000000000001,0.6162790697674418,0.35675,0.5430581955966214,0.9519173925038427,0.6698924731182797,1,2,0.045352526866725196,0.686685763242841
0,0.46901906219563094,0.6000000000000001,0.6395348837209303,0.52725,0.3986706781303893,0.5794855048392273,0.6881720430107529,0,1,0.3482412091278482,0.36247297776777765
2,0.1625935717267288,0.15000000000000002,0.13953488372093023,0.125,0.11924873173126549,0.209463377831328,0.1623655913978495,0,0,0.31651939781955685,0.07608058639758379
2,0.21926812299986084,0.10000000000000009,0.023255813953488372,0.0,0.184632233537683,0.2656423307114988,0.037634408602150546,1,0,0.46962983366745115,0.08870284631294731
1,0.5284318909141504,0.45000000000000007,0.40697674418604646,0.468,0.3823625675046262,0.7142800840038062,0.8096774193548388,1,1,0.006562304342771386,0.34340761382222873
1,0.5719326561847781,0.7000000000000002,0.25581395348837205,0.7435,0.497973287679855,0.6988756327029295,0.4021505376344087,0,1,0.379720978681384,0.4753970905125787
1,0.49026854042020307,0.7000000000000002,0.441860465116279,0.43424999999999997,0.376370548471154,0.6424264262911645,0.5698924731182797,0,1,0.12669349327425872,0.41444635794830087
0,0.8366773340754138,0.6500000000000001,0.5232558139534883,0.073,0.8274650990067851,0.887394361835697,0.5881720430107528,0,1,0.8342028891725384,0.6435012505084247
4,0.0029497704188117257,1.0,0.23255813953488372,0.22999999999999998,0.0,0.005337507248987988,0.24946236559139787,0,1,0.876983061545656,0.07210890240841865
4,0.00019479615973284903,0.75,0.3023255813953488,0.249,0.0,0.001086644408285542,0.16666666666666669,0,0,0.9559107203525208,0.05215269183837719
4,0.20300542646444966,0.75,0.1744186046511628,0.26725,0.18906960057402533,0.22877524477650601,0.06989247311827958,0,0,0.7033997976605997,0.2098292558393118
4,0.08127452344510921,0.75,0.13953488372093023,0.26475,0.06993416332028349,0.08905416894223897,0.21935483870967745,0,0,0.7593282706072426,0.11518870128858619
3,0.5096368443022122,0.8,0.3953488372093023,0.32725,0.41225342715794516,0.6495093209316991,0.4161290322580646,1,1,0.2259907203191911,0.46754199371716887
0,0.824683456240434,0.6500000000000001,0.40697674418604646,0.17250000000000001,0.7429788894623548,0.887394361835697,0.670967741935484,0,2,0.6287856973766688,0.6349225030938185
2,0.2699652149714763,0.5,0.15116279069767444,0.173,0.224688125479928,0.26806335193203124,0.09892473118279571,0,0,0.7080637342846823,0.20255467188216664
4,0.34630861277306246,0.5,0.20930232558139536,0.25,0.2945845239743703,0.3806689900963341,0.19032258064516133,0,1,0.5608846260801241,0.2500376450633043
2,0.09029636844302213,0.4,0.10465116279069767,0.23224999999999998,0.03470587494807337,0.1388146004470444,0.010752688172043012,1,0,0.010204961706710813,0.07824842280165811
2,0.12492556003895922,0.10000000000000009,0.023255813953488372,0.0825,0.09707448482483416,0.15308736508436982,0.03225806451612903,0,0,0.48436254667441214,0.05349614462627539
4,0.2001669681369139,0.8500000000000001,0.09302325581395349,0.3025,0.17733732801268898,0.23352157242513133,0.26344086021505386,0,1,0.5941326676010215,0.22701444358865633
2,0.13243356059551967,0.7000000000000002,0.10465116279069767,0.08325,0.08706051183927291,0.17723001390679632,0.15053763440860218,0,0,0.24633563990069463,0.14737306690436425
1,0.3855349937386948,0.8,0.43023255813953487,0.3115,0.34893440249751384,0.4550731655133973,0.7150537634408604,0,1,0.5295553298043749,0.3671987745882842
2,0.24537080840406286,0.7000000000000002,0.22093023255813954,0.18474999999999997,0.19484761892773073,0.26806335193203124,0.14516129032258066,0,1,0.5214981132987349,0.23166477720180348
0,0.2714512313900097,0.75,0.5348837209302325,0.386,0.2593751180150808,0.3043561491123861,0.5612903225806453,0,1,0.7218288395983399,0.2630429326802419
4,0.2908084040628913,1.0,0.24418604651162792,0.13775,0.2553405757877113,0.3471350310510048,0.05591397849462365,0,1,0.5014252407907516,0.34066618780992275
1,0.32379574231250874,0.6000000000000001,0.37209302325581395,0.6737500000000001,0.258884175279145,0.41070091379475376,0.48602150537634414,1,1,0.28259828614706106,0.2631166650800931
0,0.8879755113399193,0.6000000000000001,0.2906976744186046,0.684,0.7217676456148743,0.887394361835697,0.5397849462365593,1,2,0.5772133263454478,0.649107162946873
2,0.15391122860720743,0.8,0.10465116279069767,0.11549999999999999,0.09861025440904345,0.21035859265473422,0.046236559139784944,0,0,0.16056220144775102,0.1799181328048601
3,0.33034089327953253,0.75,0.6046511627906976,0.542,0.31470688201009583,0.45106440479474813,0.5451612903225808,0,1,0.3974022225374374,0.3088271182920391
0,0.22589119243077774,0.7000000000000002,0.34883720930232553,0.46275,0.25176550560807665,0.300612011643423,0.770967741935484,1,1,0.6972366812386424,0.21712599413256253
4,0.0,0.8,0.20930232558139536,0.11025,0.0,0.016446053453896464,0.3268817204301076,1,0,0.6929568810817843,0.05547238063918722
4,0.2588785306803951,0.45000000000000007,0.20930232558139536,0.08800000000000001,0.24461536524880728,0.2921271768077428,0.1817204301075269,0,0,0.6993571388559345,0.18413732226770402
0,0.3367079449005148,0.9000000000000001,0.5697674418604651,0.22849999999999998,0.2552209871725475,0.4401022459194532,0.5924731182795699,0,1,0.17492704330113695,0.3556037489290629
4,0.04963406149993044,0.8500000000000001,0.13953488372093023,0.269,0.022728131018769138,0.06725934767553815,0.3204301075268818,1,0,0.4105108632954455,0.10061893676494771
2,0.17051342702101016,0.4,0.1744186046511628,0.04725,0.15567920039275418,0.1929047187392673,0.12795698924731186,0,0,0.6914152396650775,0.1231514543110088
3,0.48239877556699584,0.8,0.4883720930232558,0.92375,0.4279258298820479,0.5803919802264499,0.38064516129032266,1,1,0.4479317109453951,0.44551850665928194
2,0.09270070961458188,0.5,0.15116279069767444,0.06799999999999999,0.08088596281423482,0.10236978565516777,0.17419354838709677,0,0,0.7467124883871856,0.09230223360708939
1,0.44552664533184905,0.55,0.3953488372093023,0.4785,0.43730409496594874,0.49740162489935874,0.31397849462365596,0,1,0.7421274457054838,0.3290741045234654
0,0.588935578127174,0.7000000000000002,0.6627906976744186,0.29525,0.5523924017170407,0.6845916075017877,0.867741935483871,1,2,0.5779702534682494,0.48808737116301615
2,0.26040350633087517,0.30000000000000004,0.05813953488372093,0.1975,0.2389191706844246,0.26806335193203124,0.049462365591397855,1,0,0.7970375518441053,0.1503306707744498
2,0.06177821065813274,0.6000000000000001,0.09302325581395349,0.03325,0.04838303604023214,0.06887523858319589,0.04408602150537634,0,0,0.7191045366307545,0.08385416215935546
3,0.4613830527341032,0.8,0.686046511627907,0.29975,0.3354271831216405,0.6206090838968308,0.4688172043010754,0,1,0.03863248359817839,0.4285261308663557
1,0.44316126339223594,0.3500000000000001,0.313953488372093,0.45175,0.3312730522791073,0.5874579840212599,0.6021505376344086,1,1,0.0950184162497858,0.2585186018536948
3,0.4230193404758591,0.8,0.5232558139534883,0.5185,0.36827628746585434,0.513605576231202,0.5731182795698926,0,1,0.4198362980750814,0.39750694486512683
3,0.5551356616112425,0.6500000000000001,0.3255813953488372,0.9404999999999999,0.42168204534296755,0.7331358981144187,0.28387096774193554,1,2,0.08662034074923741,0.44212560470087325
4,0.3194490051481842,0.6500000000000001,0.26744186046511625,0.33525,0.2529425093467944,0.3806689900963341,0.28709677419354845,1,1,0.3583903787552767,0.27354824193227345
4,0.1927981076944483,0.45000000000000007,0.10465116279069767,0.1405,0.1549616687017712,0.23862823811588252,0.07634408602150537,1,0,0.41385017162430837,0.14509255493150333
4,0.021249478224572127,0.55,0.12790697674418605,0.4865,0.0033988343257090325,0.027126698233780583,0.24301075268817204,0,0,0.5958604650130124,0.05199397678987132
4,0.2518491721163211,1.0,0.18604651162790697,0.1175,0.24037311647931114,0.28169426443182016,0.20967741935483872,0,1,0.7295786203314145,0.3043192301368204
4,0.040467510783358834,0.6000000000000001,0.11627906976744187,0.08825,0.0006168254887397862,0.06849800969534547,0.08064516129032259,0,0,0.11840638104226264,0.0692741858714183
0,0.75771253652428,0.5,0.5813953488372092,0.44425,0.6721131937713214,0.887394361835697,0.8580645161290323,1,1,0.4564850073349722,0.5059167654669287
4,0.10009183247530262,0.4,0.20930232558139536,0.30374999999999996,0.04722491471443496,0.1474345620485218,0.046236559139784944,0,0,0.07591134101990549,0.08373162098777184
1,0.2464672325031306,0.5,0.313953488372093,0.0,0.1888241292060575,0.33008653743292926,0.7741935483870969,1,1,0.21630111378544292,0.18793973328256297
3,0.6668651732294419,0.7000000000000002,0.6162790697674418,0.50675,0.6577877365022218,0.7479942120701983,0.5956989247311829,0,2,0.7255408286830234,0.5462508113160196
4,0.06921942395992764,0.5,0.15116279069767444,0.26225,0.05491635091076172,0.07808637978503585,0.29784946236559146,0,0,0.6985692634943914,0.07769767985253521
0,0.6208543203005426,0.6500000000000001,0.40697674418604646,0.9117500000000001,0.5637659084328857,0.7389970215808706,0.6903225806451615,1,2,0.4807011866604163,0.4891315673327391
1,0.3892138583553638,0.6000000000000001,0.23255813953488372,0.317,0.31125769458326513,0.4962136354167253,0.6365591397849464,0,1,0.24725665725882484,0.3078732702742465
4,0.36276053986364265,0.55,0.19767441860465115,0.20925,0.327024509371971,0.3806689900963341,0.2483870967741936,0,1,0.7186318072639615,0.2750225437677949
0,0.32270488381800466,0.8500000000000001,0.40697674418604646,0.57975,0.3123843452208613,0.3606420773488129,0.5784946236559141,1,2,0.7351353141848616,0.3299038536429172
0,0.6219117851676638,0.8500000000000001,0.43023255813953487,0.2385,0.6155729553493876,0.6947993086013817,0.9623655913978496,0,2,0.741989593137969,0.5811340250794009
3,0.8073855572561569,0.8,0.4767441860465116,0.42674999999999996,0.6620740442351993,1.0,0.6172043010752689,1,2,0.24049471430908964,0.7082883179147232
0,0.5152970641435926,0.7000000000000002,0.6162790697674418,0.5385,0.40131421593927424,0.6707523745713948,0.8333333333333335,1,1,0.1465803530760248,0.4331266172232656
0,0.40532071796298863,0.8,0.40697674418604646,0.34750000000000003,0.36345497803345966,0.48211540951855464,0.6172043010752689,1,1,0.4988662906613994,0.3831966283869739
1,0.7228217615138444,0.7000000000000002,0.441860465116279,0.03425,0.7036971764498545,0.7747887236713942,0.7075268817204303,1,1,0.7854042547136844,0.5880145041669191
4,0.26988173090301937,0.8500000000000001,0.18604651162790697,0.35150000000000003,0.25898488148138826,0.3015353778763703,0.23763440860215054,1,1,0.7341298906723763,0.2855506996789352
0,0.6745178795046611,1.0,0.3837209302325581,0.6174999999999999,0.5369402938103449,0.8715676393917045,0.756989247311828,0,2,0.1533963239743017,0.6986473739323081
0,0.757517740364547,0.7000000000000002,0.3953488372093023,0.20275,0.6780359772907514,0.887394361835697,0.9161290322580646,1,2,0.47088548245081197,0.6139101537822471
3,0.6574203422846806,0.9000000000000001,0.37209302325581395,0.46125,0.5166354057830538,0.8551384767835326,0.6741935483870969,1,2,0.12981692517061583,0.6348646941230431
1,0.332806456101294,0.55,0.34883720930232553,0.36700000000000005,0.2404989992321152,0.44538345034935906,0.827956989247312,1,1,0.09611593721924461,0.2554606111481311
1,0.19175177403645474,0.45000000000000007,0.3255813953488372,0.34975,0.1888241292060575,0.25480403803818463,0.817204301075269,0,1,0.5523381129470935,0.14447431048955892
0,0.7575344371782384,0.7000000000000002,0.313953488372093,0.32375,0.680578808897393,0.887394361835697,0.7483870967741937,0,1,0.47706804562488103,0.6139226155963066
1,0.5534437178238486,0.25,0.313953488372093,0.7505000000000001,0.5123490980500762,0.6486141061082928,0.5354838709677421,1,1,0.5463509763514363,0.27545714953311473
3,0.808120217058578,0.6000000000000001,0.4883720930232558,0.68675,0.6675562381198152,1.0,0.5752688172043012,0,2,0.2524910293391711,0.5944731854646785
3,0.5454904689021844,0.7000000000000002,0.5,0.49825,0.4706882010095797,0.6697839660831819,0.6150537634408603,0,1,0.3633592495656144,0.45566173098058904
2,0.2642270766662028,0.45000000000000007,0.09302325581395349,0.23475,0.19462732411032369,0.26806335193203124,0.11290322580645162,0,0,0.5201208096213443,0.18729760369700482
0,0.5778321970224015,1.0,0.27906976744186046,0.35975,0.4346668512947041,0.7674355754992652,0.9043010752688173,0,2,0.06214639746245343,0.6084446098327175
0,0.3549186030332545,0.7000000000000002,0.5465116279069767,0.5820000000000001,0.29674970732259975,0.43980384097831776,0.7580645161290324,1,1,0.3566411072935092,0.3134267392451948
4,0.37905663002643664,0.3500000000000001,0.15116279069767444,0.08725,0.2999093644179811,0.3806689900963341,0.08817204301075268,0,0,0.5867779352150733,0.22462835235779258
3,0.48778628078475017,0.8500000000000001,0.6046511627906976,0.38725000000000004,0.39893503191127794,0.6172252844699935,0.4000000000000001,1,1,0.25609968703880814,0.46851505369830293
2,0.03501878391540281,0.4,0.12790697674418605,0.17725000000000002,0.0,0.06481580532737274,0.18817204301075272,0,0,0.14135115835041034,0.047305738492293595
3,0.7710310282454431,0.9000000000000001,0.627906976744186,0.53025,0.7598031193746146,0.8674856850082484,0.5365591397849464,1,2,0.7128422143155235,0.7337914203871818
1,0.24029497704188116,0.4,0.46511627906976744,0.461,0.1888241292060575,0.3156392340564492,0.4731182795698926,1,1,0.2719072365518054,0.16221301048003947
3,0.6644997912898288,0.75,0.4883720930232558,0.6519999999999999,0.5194425911705838,0.8669508082269679,0.6301075268817206,1,2,0.1175886802738384,0.5686213252793091
1,0.4129511618199526,0.5,0.09302325581395349,0.11575,0.31509711854378836,0.5408110984116976,0.3290322580645162,0,0,0.1456812320683032,0.29148702327070697
4,0.16963962710449423,0.4,0.22093023255813954,0.266,0.14799405833406765,0.19800575414811022,0.189247311827957,1,0,0.5987407708258285,0.12266232810917935
3,0.7396521497147627,0.8500000000000001,0.441860465116279,0.39675000000000005,0.685066529034857,0.870852593589361,0.37634408602150543,0,2,0.5206961711740681,0.679995153738977
4,0.202343119521358,0.6000000000000001,0.1744186046511628,0.32125000000000004,0.1677639446619419,0.24648811165975082,0.14086021505376345,1,1,0.4584916643557304,0.18002336590136128
1,0.397957423125087,0.4,0.41860465116279066,0.25275,0.3562670728483491,0.4736362049647826,0.4043010752688173,1,1,0.49736449219795387,0.2504675776483519
3,0.955881452622791,0.8,0.3953488372093023,0.71175,0.869541409131535,1.0,0.3161290322580646,1,2,0.6944815524509529,0.828355473246043
3,0.4989508835397244,0.8500000000000001,0.4767441860465116,0.5575,0.4737849167285591,0.5728474024694417,0.45161290322580655,1,1,0.6304658201779227,0.47788945332444854
2,0.156321135383331,0.4,0.15116279069767444,0.033999999999999996,0.12783393547250094,0.18908738760549743,0.16881720430107527,1,0,0.500043881147759,0.11520704784817357
0,0.2875135661611242,0.8500000000000001,0.20930232558139536,0.295,0.25176550560807665,0.39059517710051744,0.8010752688172045,0,1,0.3173849203125967,0.3003553347814423
2,0.056184778071518005,0.4,0.11627906976744187,0.257,0.02775714699329046,0.07600880576090446,0.018279569892473115,0,0,0.3898156241992936,0.059153808209220005
1,0.5968888270488382,0.4,0.37209302325581395,0.5495,0.46821460491698036,0.7747887236713942,0.31397849462365596,1,1,0.1412909736855532,0.36182323262918314
1,0.37050229581188254,0.75,0.37209302325581395,0.13525,0.29182769168796185,0.4757306698346386,0.79247311827957,0,1,0.22661638939218798,0.3400508857407424
0,0.8377347989425351,0.9000000000000001,0.41860465116279066,0.6719999999999999,0.6302697667392589,0.887394361835697,0.5580645161290324,1,2,0.35474817569830885,0.7918738587487993
0,0.7288326144427437,0.8,0.3023255813953488,0.69925,0.7253615982074297,0.8129226230357354,0.8118279569892475,0,2,0.7501015265516899,0.6447739132692358
0,0.4510477250591345,0.75,0.36046511627906974,0.74625,0.43306184619645266,0.5123612839294864,0.7623655913978495,1,1,0.6735964481733243,0.402671501388973
0,0.4881870043133435,0.75,0.40697674418604646,0.5912499999999999,0.48101688087715105,0.5446115386997428,0.8010752688172045,0,1,0.7460468065991892,0.4315456976452364
4,0.1716098511200779,0.7000000000000002,0.13953488372093023,0.27225,0.16124321806669267,0.19014588060424187,0.23118279569892472,0,1,0.7537520567158078,0.17661263662561769
2,0.007580353415889779,0.6000000000000001,0.06976744186046513,0.207,0.0,0.026563670042959064,0.13763440860215054,1,0,0.5486575976193604,0.046774034425761335
4,0.0154055934325866,0.55,0.12790697674418605,0.235,0.0,0.020466074736362083,0.18602150537634413,1,0,0.6332366176571627,0.04817754623419557
2,0.00781410880756922,0.0,0.023255813953488372,0.04325,0.0,0.021462634634116157,0.16774193548387098,0,0,0.6189354648418777,0.0023642830562598943
2,0.238391540281063,0.55,0.06976744186046513,0.097,0.19117813668349298,0.26806335193203124,0.012903225806451615,0,0,0.4985561691867739,0.19380163215148027
3,0.3690941978572423,0.6500000000000001,0.5465116279069767,0.7725,0.31470688201009583,0.49670910022464826,0.6473118279569894,0,1,0.25952677118867373,0.3090574887713863
1,0.6583164046194517,0.55,0.46511627906976744,0.37124999999999997,0.5825664975641687,0.7747887236713942,0.5494623655913979,0,1,0.45407663882117677,0.46803942779503793
4,0.31977181021288437,0.8,0.18604651162790697,0.035,0.2590918818212717,0.3806689900963341,0.3440860215053764,0,1,0.38829317192885227,0.314025598643047
4,0.31571448448587724,1.0,0.16279069767441862,0.21975,0.30588879517617296,0.35231489040656266,0.0956989247311828,0,1,0.7403017237394753,0.36390227860808466
0,0.4106136079031585,0.9000000000000001,0.41860465116279066,0.493,0.3429423834640416,0.5111620338830365,0.6290322580645162,1,1,0.3291717340422293,0.41995724905454646
2,0.14359816335049394,0.8500000000000001,0.08139534883720931,0.037000000000000005,0.08979846171276076,0.19737516257439014,0.030107526881720432,0,0,0.15943601007224517,0.1795162393014461
4,0.15431751774036453,0.75,0.08139534883720931,0.366,0.10006420020393009,0.20988001869253592,0.0870967741935484,1,0,0.17356927105053033,0.17197649563403808
4,0.2239042716015027,0.4,0.19767441860465115,0.31399999999999995,0.18348040634952606,0.2760527219597886,0.11505376344086024,0,0,0.41199992782742023,0.1530379998788435
0,0.8738444413524419,0.8,0.34883720930232553,0.48275,0.8028550208335956,0.887394361835697,0.8096774193548388,1,2,0.7743666960769671,0.7620240063001394
4,0.3734019757896202,0.8,0.24418604651162792,0.04675,0.2892659776683997,0.3806689900963341,0.3096774193548388,0,1,0.5350219236935623,0.35738855763156296
3,0.639042716015027,1.0,0.7209302325581395,1.0,0.479984642304158,0.8507412266132166,0.49139784946236564,1,2,0.044625316196138964,0.665550872759686
0,0.22480033393627383,0.3500000000000001,0.46511627906976744,0.514,0.25176550560807665,0.2647471158880925,0.6860215053763442,1,1,0.8973895191564958,0.14307754883040683
4,0.05171003200222621,0.6500000000000001,0.20930232558139536,0.382,0.03858306373443776,0.05727685785227268,0.2774193548387098,1,1,0.7267493970816832,0.0820451221517399
4,0.22247391122860719,0.6000000000000001,0.15116279069767444,0.10500000000000001,0.19499238409345537,0.26286097144884046,0.09677419354838711,0,0,0.5492384880346954,0.1937960935674539
3,0.32431334353694163,0.75,0.5116279069767442,0.54175,0.31470688201009583,0.4351025555849581,0.5913978494623656,1,1,0.4509101939252247,0.3041409569634713
1,0.3319938778349798,0.45000000000000007,0.5,0.47175,0.3048817331537406,0.38615288467493575,0.6053763440860216,0,1,0.5885307140600775,0.227338796915701
1,0.2385807708362321,0.45000000000000007,0.26744186046511625,0.434,0.1888241292060575,0.3193101778606055,0.6741935483870969,1,1,0.2574362916281543,0.17214403780083598
0,0.8534465006261305,0.55,0.627906976744186,0.4305,0.8254572690995607,0.887394361835697,0.9817204301075271,0,2,0.8293211128048943,0.5954718613969349
3,0.4736051203561986,0.8,0.686046511627907,0.008499999999999999,0.36339833079469785,0.6203106789556954,0.40537634408602163,1,1,0.13158572635493138,0.43840834941541984
3,0.43724502574092106,0.6500000000000001,0.5348837209302325,0.6272500000000001,0.39775173403492,0.5160153368879181,0.2935483870967742,0,1,0.5258096620005779,0.35780308602978717
0,0.6588785306803951,0.8500000000000001,0.5581395348837209,0.586,0.49169173831493357,0.8804015517056938,0.560215053763441,0,1,0.028246478896135185,0.6121732884477254
1,0.3084402393209962,0.55,0.36046511627906974,0.50025,0.28443837409836475,0.3567797039597773,0.4010752688172044,0,1,0.6102672617688001,0.23954791307884696
4,0.38705996938917486,0.6500000000000001,0.16279069767441862,0.08425,0.3190057780183537,0.3806689900963341,0.16881720430107527,0,1,0.679638809819606,0.32190769603558544
0,0.40974537359120633,0.8,0.36046511627906974,0.4085,0.29012198038746717,0.5566659722652314,0.6053763440860216,0,1,0.017701234683150435,0.38677420750651215
2,0.1979963823570335,0.6000000000000001,0.046511627906976744,0.0425,0.14106421279220532,0.26157726717376745,0.1849462365591398,0,0,0.21316544045747876,0.1770494924406982
2,0.1269570057047447,0.0,0.03488372093023256,0.1,0.0712811087752867,0.18027036613723252,0.10430107526881721,1,0,0.1022357925166586,0.03941567938521717
3,0.5993042994295255,0.6500000000000001,0.7093023255813953,0.83575,0.4720603230151437,0.7774293258863472,0.7365591397849464,1,2,0.14702994203147535,0.4737176879873305
4,0.21671351050507856,0.30000000000000004,0.22093023255813954,0.33099999999999996,0.14982565238736645,0.291609190872187,0.22150537634408604,0,0,0.14284016692902046,0.1285917284709181
2,0.22350354807290942,0.45000000000000007,0.11627906976744187,0.0,0.16524628960586113,0.26806335193203124,0.15591397849462368,0,0,0.3364278505910976,0.16323539847515858
4,0.15090580214275776,0.45000000000000007,0.2906976744186046,0.41025,0.1356323720087111,0.1711549397278322,0.05376344086021506,0,1,0.6843907736354187,0.1203397575138681
2,0.21453735912063446,0.25,0.13953488372093023,0.15825,0.14498546054205114,0.26806335193203124,0.0935483870967742,0,0,0.20975526380481546,0.11736605713395584
4,0.35774593015166267,0.3500000000000001,0.1744186046511628,0.004,0.25630357884666227,0.3806689900963341,0.12473118279569895,1,0,0.37473438239364887,0.21336200704438657
4,0.3351551412272158,0.4,0.13953488372093023,0.26475,0.32178778685532294,0.377420317435294,0.14301075268817207,1,1,0.7072134255473246,0.2153128001869272
4,0.10487268679560316,0.6000000000000001,0.20930232558139536,0.0,0.0568360628910233,0.14850994589299088,0.31397849462365596,0,0,0.15605718872557972,0.11333777573927117
0,0.5649867816891609,0.3500000000000001,0.5465116279069767,0.41575,0.4601266380493209,0.7186829644560302,0.8741935483870968,0,1,0.22562958225125263,0.32292419928517646
0,0.5760512035619868,1.0,0.4767441860465116,0.73875,0.5199461221817998,0.687558766067417,0.9333333333333335,1,2,0.47218630420415986,0.6067830346248042
2,0.1253485459858077,0.30000000000000004,0.046511627906976744,0.20725,0.09343647326879745,0.1572031011592751,0.12365591397849465,0,0,0.4241191648274032,0.08313103078241153
3,0.5805036872130234,0.9000000000000001,0.5697674418604651,0.5615,0.4359508553733053,0.771697698903784,0.39677419354838717,0,1,0.0583314663664245,0.5678893667840732
1,0.3402031445665785,0.55,0.23255813953488372,0.49524999999999997,0.26379989677614274,0.4394998057552742,0.3193548387096775,1,1,0.21407135516829157,0.2602911218228865
1,0.3437094754417699,0.55,0.46511627906976744,0.64425,0.254239101700676,0.4551519894601123,0.746236559139785,1,1,0.12781498785468615,0.26258098015629194
3,0.4772672881591762,0.9500000000000002,0.23255813953488372,0.8845000000000001,0.4381915683732172,0.5608211203134941,0.4838709677419355,1,2,0.5397966622437955,0.4963093991501736
1,0.6066008070126617,0.5,0.20930232558139536,0.45225000000000004,0.5704062236432987,0.7042244005157339,0.5010752688172044,1,1,0.5826798469165457,0.4119304561543188
3,0.6666314178377626,0.6500000000000001,0.2906976744186046,0.25375000000000003,0.6304019436297033,0.7720129946906442,0.2666666666666667,1,1,0.5913142428547029,0.5218741183699255
4,0.21559482398775562,0.5,0.22093023255813954,0.29374999999999996,0.16580017371819888,0.2750561620620344,0.3376344086021506,1,0,0.3080984869812149,0.16873815478611545
3,0.6380353415889801,0.7000000000000002,0.5348837209302325,0.46275,0.6008069084454739,0.7406354336161611,0.324731182795699,0,2,0.582298055991062,0.524733412373543
4,0.20763044385696397,0.75,0.12790697674418605,0.31600000000000006,0.18866677576505242,0.23848748106817713,0.13440860215053763,1,0,0.6424068937705105,0.2134250084376866
3,0.4392876026158341,0.6000000000000001,0.8255813953488371,0.37975000000000003,0.41139742443887767,0.5079415126315374,0.3892473118279571,1,1,0.604435656165532,0.34213183560790283
2,0.14410463336579935,0.5,0.11627906976744187,0.378,0.09935925678822746,0.1898474756631065,0.1795698924731183,0,0,0.2731661769854232,0.12427370989935357
3,0.5116571587588701,0.7000000000000002,0.5697674418604651,0.20475,0.4750500383942396,0.5974348435626171,0.6473118279569894,1,1,0.5629245599061432,0.43040994175832736
4,0.02610825100876582,0.55,0.24418604651162792,0.09675,0.0,0.04736193141190581,0.3193548387096775,0,0,0.3049100151618951,0.05516706619473315
2,0.14591345484903298,0.9500000000000002,0.09302325581395349,0.228,0.09595412832487821,0.19654751113388252,0.06021505376344086,0,0,0.2106690822641728,0.19747786729898836
3,0.43720050090441076,0.8,0.6511627906976744,0.28,0.3844773977517341,0.5277995169218124,0.4387096774193549,1,1,0.4395677119842607,0.4089731984457349
2,0.048693474328648956,0.3500000000000001,0.08139534883720931,0.0,0.01033497400521155,0.07644796774974527,0.07419354838709677,0,0,0.17375950776900728,0.04997498983150589
0,0.4835174620843188,0.75,0.34883720930232553,0.19175,0.46908319591132824,0.5458333098738253,0.724731182795699,1,1,0.6982268137660397,0.4279153288966968
0,0.5673076387922636,1.0,0.3023255813953488,0.5287499999999999,0.48762572539936305,0.6987686573466734,0.6376344086021506,1,2,0.3490504659718112,0.598625738838455
2,0.2662418255182969,0.30000000000000004,0.046511627906976744,0.12075000000000001,0.18566447211067616,0.26806335193203124,0.0043010752688172026,0,0,0.4640842257183728,0.1532356580962848
0,0.5717211632113538,0.5,0.5,0.3685,0.4307330152695779,0.7585960329033674,0.8989247311827958,1,1,0.06663590184047985,0.3902365148460014
2,0.11060525949631275,0.25,0.05813953488372093,0.0,0.09174335024358313,0.12888278316095292,0.1838709677419355,1,0,0.6196918700420857,0.06888440802056199
3,0.9824683456240433,0.9000000000000001,0.46511627906976744,0.78275,0.9306134266544142,1.0,0.324731182795699,0,2,0.8281213282682722,0.917900876654003
4,0.12002226241825517,0.45000000000000007,0.3372093023255814,0.41875,0.07536600410377775,0.16259128094543696,0.06021505376344086,0,0,0.234244644974972,0.10209168087371165
1,0.7150911367747321,0.55,0.37209302325581395,0.2495,0.7047482974357684,0.7747887236713942,0.5365591397849464,1,1,0.7882793761402394,0.5051169593173697
3,0.3770752748017253,0.75,0.41860465116279066,0.3935,0.31549994335276127,0.46785953572695377,0.5053763440860216,0,1,0.3474964462591128,0.34516109490882974
3,0.7747878113260053,0.8500000000000001,0.7674418604651162,0.458,0.6076234595098127,1.0,0.26881720430107536,1,2,0.12134417317793056,0.7094969407977293
2,0.05620704048977321,0.3500000000000001,0.13953488372093023,0.255,0.029670564835911822,0.07434224231607278,0.11397849462365592,0,0,0.42892366523495795,0.053947193062923504
0,0.6077139279254209,0.8500000000000001,0.40697674418604646,0.573,0.5505733959390224,0.7242175315718058,0.831182795698925,1,2,0.4766155532498604,0.5692127422048757
1,0.4063169611799081,0.45000000000000007,0.16279069767441862,0.39149999999999996,0.370573647704528,0.4777575713215961,0.8086021505376346,1,1,0.5422253282643237,0.27125388349934665
4,0.19568665646305825,1.0,0.25581395348837205,0.229,0.14628834703357296,0.2522309992061303,0.110752688172043,0,1,0.2891192386508388,0.2519224944397809
2,0.004992347293724775,0.5,0.12790697674418605,0.06725,0.0,0.02098969095382608,0.178494623655914,0,0,0.6256982848404233,0.03775064256228744
1,0.1844163072213719,0.55,0.23255813953488372,0.366,0.1888241292060575,0.24468079116721375,0.4161290322580646,1,1,0.6079346447038343,0.15855235260010558
2,0.15951022679838597,0.8,0.10465116279069767,0.15699999999999997,0.11192864965571067,0.20977304333627989,0.0021505376344085995,0,0,0.2611499323017561,0.1844452329234204
4,0.16254348128565463,0.9000000000000001,0.11627906976744187,0.36374999999999996,0.11809061040546837,0.21039800462809177,0.3279569892473119,1,1,0.30303684353299554,0.2039497027338105
3,0.7638347015444552,0.75,0.46511627906976744,0.29925,0.7642971336497186,0.8489001244292302,0.5623655913978496,1,2,0.7660735679754265,0.6458499562971105
3,0.3027021010157228,0.7000000000000002,0.6511627906976744,0.7424999999999999,0.31470688201009583,0.36178502457618056,0.6365591397849464,0,1,0.7416678584904279,0.2744544927435896
0,0.4300097398079865,0.8500000000000001,0.3837209302325581,0.449,0.4131786653910548,0.4875767829695234,0.5204301075268818,1,1,0.6808888248307674,0.4200027692920132
2,0.08932238764435788,0.55,0.12790697674418605,0.10175000000000001,0.05234204861591915,0.12106795187235028,0.15053763440860218,0,0,0.29333897201498615,0.09644994071984284
1,0.5381049116460276,0.8,0.46511627906976744,0.426,0.4433024081370612,0.679338554481423,0.6946236559139787,0,1,0.25766097829771284,0.4905600027692921
0,0.8050146097119799,0.75,0.441860465116279,0.3005,0.7623648333941768,0.887394361835697,0.7645161290322582,0,2,0.6759200898918503,0.6778655681808349
0,0.5187087797411993,0.6500000000000001,0.45348837209302323,0.649,0.4342829088986518,0.6481636835556357,0.5924731182795699,0,1,0.2990745026087769,0.41607089387553764
4,0.23096145818839567,0.75,0.11627906976744187,0.1335,0.21007313787937915,0.26653754553490494,0.0870967741935484,0,1,0.6248527315239694,0.23156387112407292
3,0.7189258383191873,0.6000000000000001,0.43023255813953487,0.09275,0.5985599013079219,0.9063008484834836,0.7118279569892475,0,1,0.24539189789392113,0.5334497589850544
3,0.4975316543759566,0.7000000000000002,0.627906976744186,0.2455,0.3750865443925528,0.6582700395808818,0.3946236559139786,0,1,0.09012844475394766,0.4198672470641178
3,0.2818255182969249,0.6500000000000001,0.40697674418604646,0.7435,0.31470688201009583,0.3567234011406952,0.5752688172043012,0,1,0.7649997517874174,0.2466376467941118
0,0.3990371504104633,0.8,0.41860465116279066,0.44525000000000003,0.3338599428492302,0.49586455793841594,0.7860215053763442,0,1,0.33777916928968676,0.3781160160272775
2,0.16441352441909,0.30000000000000004,0.10465116279069767,0.1485,0.10909628771761981,0.22222722691725177,0.05268817204301077,1,0,0.17871624624522653,0.10256869142298339
1,0.429670237929595,0.45000000000000007,0.441860465116279,0.21100000000000002,0.3571797228061784,0.5369881369960194,0.6473118279569894,1,1,0.31146772389434396,0.2850525732780629
3,0.8241435925977458,0.8500000000000001,0.8488372093023255,0.66175,0.6892521305655912,1.0,0.6870967741935485,0,2,0.2999666870988644,0.7509387034520956
3,0.4604368999582579,0.75,0.5232558139534883,0.129,0.43000289530331454,0.5340941720951968,0.4064516129032259,1,1,0.591156788541799,0.4099711820549877
4,0.06412133017949073,0.7000000000000002,0.24418604651162792,0.1405,0.014124044864613106,0.10426719065823628,0.23548387096774195,0,0,0.014098280356325432,0.09638763164954608
4,0.11702240155836927,1.0,0.34883720930232553,0.19199999999999998,0.07692695023854784,0.15511989685323546,0.12473118279569895,0,1,0.2935739516587903,0.17853279447526244
1,0.2180269931821344,0.55,0.313953488372093,0.393,0.20573647704528003,0.24425288974218945,0.4473118279569893,0,1,0.722887999256111,0.18050228033889212
0,0.5462306943091693,0.7000000000000002,0.1744186046511628,0.512,0.4982124649101826,0.6466603982861423,0.7892473118279572,1,2,0.5064042595879243,0.4562142047372202
3,0.9993265618477807,0.9000000000000001,0.43023255813953487,0.76225,0.8979153816135652,1.0,0.49139784946236564,0,2,0.7565704022277717,0.9325802012929132
4,0.0415583692778628,0.6000000000000001,0.13953488372093023,0.28600000000000003,0.0007049434157026246,0.07061499569283436,0.07956989247311828,0,0,0.10226479393675514,0.07002051006897268
2,0.2713176568804786,0.3500000000000001,0.09302325581395349,0.25925,0.24162564986971136,0.26806335193203124,0.1849462365591398,0,0,0.8139587113091882,0.16766990039202792
1,0.6681341310699874,0.30000000000000004,0.3255813953488372,0.34275,0.5712622263623661,0.7747887236713942,0.6107526881720431,0,1,0.42315617126373595,0.35320623436864473
3,0.8995797968554333,0.7000000000000002,0.4767441860465116,0.4445,0.8510932917081031,1.0,0.5182795698924733,1,2,0.654112781666601,0.7199394217372115
3,0.4613162654793377,0.9000000000000001,0.6046511627906976,0.64525,0.3918100681025693,0.5700378917972422,0.4741935483870969,1,1,0.34881984504796804,0.46410668697480817
3,0.5456796994573535,0.8500000000000001,0.6627906976744186,0.37475,0.4329926106824104,0.7038865836012409,0.42903225806451617,1,1,0.1755444822484895,0.5171254748903101
2,0.0917489912341728,0.6500000000000001,0.05813953488372093,0.08474999999999999,0.04638150027064791,0.13130943466339362,0.07741935483870968,0,0,0.16555537173736146,0.11068340934462972
1,0.30495060525949635,0.45000000000000007,0.3255813953488372,0.7072499999999999,0.240429763718073,0.3890862615491158,0.5774193548387099,0,1,0.26843856360492113,0.21135980891885112
1,0.3435536385139836,0.55,0.313953488372093,0.48075,0.32851621999269887,0.3883937368744053,0.6107526881720431,0,1,0.6927069132724311,0.26247920867480723
4,0.12604424655628216,0.6000000000000001,0.15116279069767444,0.23925,0.0775123050390866,0.17284402430029672,0.10430107526881721,0,0,0.19300886167717968,0.1278225576142549
3,0.9604786419924864,0.75,0.27906976744186046,0.97425,0.8373280126889815,1.0,0.4225806451612904,1,2,0.6239911502420437,0.7987321835002121
0,0.6249172116321134,0.7000000000000002,0.5581395348837209,0.58075,0.45951610669822135,0.8404772226945403,0.706451612903226,0,2,0.008673288041870286,0.514942580460914
3,0.5788061778210657,0.8,0.5813953488372092,0.5630000000000001,0.48297435768325386,0.7262050210854059,0.3784946236559141,0,1,0.2766004394575299,0.5234692305695223
3,0.6547989425351328,0.8,0.7674418604651162,0.29600000000000004,0.6076297536474529,0.7684433959608359,0.5064516129032259,0,1,0.536864548468176,0.584913589435151
2,0.11237512174759981,0.75,0.10465116279069767,0.1815,0.09204546885031284,0.13218775864107518,0.14193548387096774,0,1,0.5956551514276531,0.1393680821787405
0,0.4595018783915402,0.9000000000000001,0.18604651162790697,0.41424999999999995,0.4028122206976423,0.556525215217526,0.581720430107527,1,1,0.42481496565427856,0.46252680588128403
3,0.40032837066926397,1.0,0.5813953488372092,0.6825000000000001,0.3805750324148089,0.456689056421055,0.6021505376344086,1,2,0.6577615093056932,0.44284267825153834
3,0.9356504800333936,0.7000000000000002,0.7441860465116279,0.4985,0.7889260942358289,1.0,0.39247311827957,1,2,0.5180764974506193,0.746861094043426
1,0.3325170446639766,0.6000000000000001,0.25581395348837205,0.2625,0.2402346454512267,0.4450343728710497,0.4258064516129033,0,1,0.09594101642858921,0.26908345088401
2,0.15639905384722416,0.0,0.03488372093023256,0.15875,0.14655899495210162,0.1725062073858038,0.13548387096774195,0,0,0.764756758878961,0.0485716511038225
4,0.2835007652706275,0.55,0.23255813953488372,0.42750000000000005,0.27626858344138266,0.3136292234152164,0.3376344086021506,0,1,0.7699867740847852,0.22326084134552973
3,0.711579240294977,0.9500000000000002,0.5697674418604651,0.6272500000000001,0.6232832739586349,0.8693211569103265,0.735483870967742,0,2,0.37083464222051754,0.7076236878315578
2,0.017592876026158333,0.8,0.13953488372093023,0.13275,0.0,0.028247124333515394,0.16344086021505377,1,0,0.5264841217522569,0.06969719522643289
1,0.22361486016418533,0.30000000000000004,0.34883720930232553,0.53325,0.1888241292060575,0.286952947734093,0.5075268817204301,0,0,0.39384865037267214,0.13202565056727217
0,0.5401864477528872,0.7000000000000002,0.441860465116279,0.58475,0.5194614735835044,0.6154292245412729,0.8720430107526883,1,1,0.6608423098561709,0.45170302804773577
2,0.00494782245721441,0.9500000000000002,0.09302325581395349,0.25,0.0,0.006030031923698442,0.13548387096774195,0,1,0.8646058795808764,0.07034797884953226
1,0.4681897871156254,0.4,0.05813953488372093,0.26275,0.3442767406437644,0.6264702073632826,0.4086021505376345,1,1,0.05575235222890962,0.2897814855520844
4,0.016184778071517997,0.5,0.12790697674418605,0.11050000000000001,0.0,0.03254302942948356,0.110752688172043,1,0,0.47203421339554863,0.044711950360440664
0,0.7398246834562403,0.9000000000000001,0.5,0.0,0.7157441558932012,0.8437596770470297,0.8483870967741938,0,1,0.654636916679799,0.7066184348307704
2,0.22530123834701546,0.20000000000000007,0.05813953488372093,0.08,0.21362932564609322,0.25191007313736197,0.06021505376344086,0,0,0.7296399660439328,0.11190951338346908
0,0.6655906497843328,0.6000000000000001,0.3372093023255814,0.6675,0.5981696647742292,0.7987343126270332,0.6569892473118281,0,2,0.4454749452845488,0.49695983661177134
2,0.006294698761652978,0.6500000000000001,0.09302325581395349,0.0795,0.0,0.007054743230993588,0.16344086021505377,0,0,0.8465279427056875,0.04956132683703583
3,0.7200111312091275,0.8,0.37209302325581395,0.45525000000000004,0.5662646810760459,0.9373856348987393,0.5225806451612904,1,2,0.12001842372014049,0.6376412555277666
2,0.14949770418811745,0.55,0.11627906976744187,0.12125,0.10650939714749685,0.19436296175349504,0.16344086021505377,0,0,0.3033927947329689,0.13574827135600115
2,0.20785863364407955,0.050000000000000044,0.13953488372093023,0.033999999999999996,0.1892395422903108,0.23843117824909493,0.03225806451612903,0,0,0.6466074393331176,0.07450987858385329
3,0.4696145818839571,0.7000000000000002,0.7674418604651162,0.36700000000000005,0.41970568612394415,0.5618683527484221,0.6806451612903227,1,1,0.4705017583239348,0.39903109395688563
1,0.5637066926394879,0.6000000000000001,0.36046511627906974,0.3345,0.45066654917609744,0.7245440879224823,0.6322580645161291,1,1,0.18644647909003753,0.42725467967080044
4,0.07072770279671628,0.5,0.23255813953488372,0.3325,0.020852478001988944,0.11162033883036526,0.25698924731182804,0,0,0.03751470850584737,0.0786357775220029
4,0.17158202309725892,0.55,0.11627906976744187,0.13674999999999998,0.11646672289429627,0.23013777299829402,0.23655913978494628,0,0,0.19278265076615497,0.15017074416068815
0,0.42975928760261584,0.8,0.6744186046511628,0.53125,0.36869170055010764,0.5268705204069568,0.5440860215053764,0,2,0.38273076866793376,0.40295656538558067
0,0.7248253791568109,0.8,0.5581395348837209,0.51925,0.5620224323065497,0.887394361835697,0.570967741935484,1,2,0.18881368932100062,0.6415338416138051
0,0.8076582718797829,0.7000000000000002,0.4883720930232558,0.52675,0.7678344390035121,0.887394361835697,0.767741935483871,0,2,0.6892187220657762,0.6513329814024734
4,0.16302768888270489,0.8500000000000001,0.19767441860465115,0.0,0.14160550862926274,0.19034857075293765,0.20322580645161292,0,0,0.5993857277575938,0.19583031163189188
4,0.30800055656045644,0.55,0.22093023255813954,0.18625,0.24603154621785267,0.3806689900963341,0.25698924731182804,0,0,0.32478416902693885,0.23926077211322946
4,0.34109920690134965,0.6500000000000001,0.08139534883720931,0.34750000000000003,0.3043844962801647,0.3806689900963341,0.20430107526881722,0,0,0.6085393333178495,0.28903377670852337
1,0.7252984555447335,0.9000000000000001,0.16279069767441862,0.5117499999999999,0.6755938518863529,0.7747887236713942,0.5043010752688173,1,2,0.7085334932192675,0.6939696935605307
2,0.0022707666620286476,0.25,0.08139534883720931,0.124,0.0,0.011288715225971385,0.13333333333333333,0,0,0.7746922462776358,0.01834915579863785
1,0.5094364825379157,0.55,0.22093023255813954,0.41050000000000003,0.4639660620098441,0.6028568050402285,0.4075268817204302,0,1,0.5102315156862098,0.3708113160194889
2,0.043489634061499916,0.10000000000000009,0.08139534883720931,0.1545,0.008446732713150967,0.06760279487193924,0.0903225806451613,1,0,0.2254383761510521,0.023105934073542
3,0.7107777932377904,0.9500000000000002,0.9534883720930232,0.56825,0.6619733380329562,0.8330846625490538,0.560215053763441,1,2,0.5402970607579392,0.7069009026161157
1,0.7477055795185752,0.7000000000000002,0.40697674418604646,0.29025,0.5976913103135739,0.7747887236713942,0.5333333333333334,0,1,0.4954473980308256,0.6065867610533695
2,0.22868512592180326,0.20000000000000007,0.15116279069767444,0.0195,0.20594418358740674,0.2656367004295906,0.14086021505376345,1,0,0.6037276914936112,0.11338277673448546
0,0.22292472519827464,0.55,0.37209302325581395,0.214,0.25176550560807665,0.2946270219749903,0.746236559139785,1,1,0.7282650287810875,0.18370081261412516
1,0.7608626687073884,0.4,0.22093023255813954,0.7445,0.620828560278956,0.7747887236713942,0.37956989247311834,1,1,0.5587345020069676,0.45361072408332115
0,0.7963100041742033,0.6000000000000001,0.5581395348837209,0.39649999999999996,0.7455909565830385,0.887394361835697,0.8365591397849464,1,2,0.6351365976668635,0.5863930836931971
3,0.7726506191735076,0.75,0.8023255813953488,0.10099999999999999,0.7701947406185878,0.8614612833664581,0.49784946236559147,0,1,0.7521719380089851,0.6527039540297527
3,0.9175733964101851,0.8,0.4883720930232558,0.48750000000000004,0.8734563627437406,1.0,0.3075268817204302,1,2,0.7030483813243291,0.7973812882400285
4,0.23897592876026155,0.75,0.24418604651162792,0.16699999999999998,0.1671722957237629,0.32112875891695897,0.19354838709677422,1,0,0.13104978118126587,0.23779477815374758
3,0.530107137887853,0.7000000000000002,0.4883720930232558,0.9750000000000001,0.5012651216656805,0.6113078581844593,0.513978494623656,1,2,0.6120217401894485,0.4441802462939084
2,0.26573535550299154,0.9000000000000001,0.10465116279069767,0.20025,0.23986329133045486,0.26806335193203124,0.07311827956989247,0,1,0.8029402818900644,0.29380422836274267
1,0.2208543203005426,0.6000000000000001,0.25581395348837205,0.28775,0.1888241292060575,0.2848810039918699,0.5935483870967743,0,1,0.4033154305160447,0.19268803060067674
2,0.020809795464032277,0.20000000000000007,0.11627906976744187,0.30325,0.0,0.04001441352168503,0.10215053763440862,0,0,0.38404568243899595,0.022878852128460525
3,0.511195213580075,0.75,0.5930232558139534,0.64025,0.4220345170508189,0.6439184509968414,0.28709677419354845,1,1,0.26970668477475,0.44943359324292753
2,0.24759148462501737,0.75,0.08139534883720931,0.0,0.2320522665189642,0.26806335193203124,0.12258064516129033,0,0,0.7541050286431628,0.24449300321064796
1,0.18734938082649225,0.25,0.27906976744186046,0.18675,0.1888241292060575,0.24250750235064272,0.4881720430107528,0,0,0.6202684867715911,0.10468356511730548
0,0.445476554890775,0.8,0.441860465116279,0.589,0.42760482886239753,0.5059709139636621,0.827956989247312,0,1,0.6741338853175096,0.41566484643410384
1,0.23211910393766524,0.8,0.3953488372093023,0.669,0.1888241292060575,0.29155288805310486,0.7483870967741937,1,1,0.37316714950677166,0.24315353128001874
4,0.2687853068039515,0.3500000000000001,0.12790697674418605,0.307,0.21534762522186834,0.33835179127418913,0.19247311827956992,0,0,0.32677415090789297,0.16633112078440196
4,0.15637122582440513,0.75,0.10465116279069767,0.059,0.14067397625851286,0.17770858786899463,0.26344086021505386,0,0,0.6785103357373672,0.1735731655603922
4,0.019507443996104074,0.75,0.09302325581395349,0.15525,0.0010196502977127264,0.025724758038635,0.14731182795698927,0,0,0.5764442781404824,0.06716744697238497
4,0.19846945874495617,0.45000000000000007,0.15116279069767444,0.3855,0.18076133888895884,0.2270242271030511,0.11720430107526883,0,1,0.6562648156403099,0.1484435713482125
4,0.19361625156532622,0.55,0.10465116279069767,0.34875,0.16109845290096803,0.23479401613638795,0.29462365591397854,0,0,0.4759181641117174,0.1645605047034694
0,0.3594768331710032,0.8500000000000001,0.3255813953488372,0.59325,0.27504752073918354,0.4684394547635001,0.9537634408602153,1,1,0.17804244427266336,0.3607795557017127
4,0.3825406984833727,0.75,0.19767441860465115,0.09425,0.28092624529513216,0.3806689900963341,0.1752688172043011,1,1,0.494467982081497,0.34941022734156624
1,0.4052149714762766,0.6500000000000001,0.18604651162790697,0.19075000000000003,0.313466936894976,0.5266171577210872,0.6215053763440861,0,1,0.1749623223257013,0.33489325244692913
3,0.3124029497704188,0.8,0.441860465116279,0.61125,0.31470688201009583,0.3788560393218889,0.4010752688172044,1,1,0.6664272139439149,0.3080674668766713
2,0.2602643662167803,0.30000000000000004,0.08139534883720931,0.12,0.25106056219237405,0.26806335193203124,0.0935483870967742,0,0,0.872946660235139,0.1502614384741201
0,0.4371448448587727,0.9500000000000002,0.3255813953488372,0.4785,0.4162502045594733,0.4992765087747944,0.8010752688172045,1,1,0.6524926808752827,0.46012496430209515
4,0.11163489634061499,0.9500000000000002,0.13953488372093023,0.1085,0.09317211948790896,0.1296879134738277,0.2,0,0,0.6268359468328517,0.16656374131350984
4,0.36783637122582435,0.9000000000000001,0.22093023255813954,0.0,0.3409030828686162,0.3806689900963341,0.11720430107526883,1,0,0.7861196874561147,0.3827088868311511
4,0.11869208292750799,0.75,0.24418604651162792,0.288,0.06973904505343725,0.16492784793734627,0.1795698924731183,0,0,0.17280000724453992,0.14427924848337992
4,0.1508390148879922,0.9500000000000002,0.08139534883720931,0.0,0.1317551832223467,0.17449369689940375,0.19569892473118283,1,0,0.6285181132275677,0.20191998476889395
1,0.3583024906080423,0.6000000000000001,0.16279069767441862,0.73275,0.2652664308463098,0.47481293388359963,0.45483870967741946,1,1,0.12030502355106587,0.28672487949252734
4,0.14894670933630164,0.6500000000000001,0.22093023255813954,0.3355,0.09008169790656984,0.20794883199801817,0.16989247311827957,0,0,0.1095072567325861,0.15159467949771965
4,0.0896674551273132,0.6000000000000001,0.26744186046511625,0.21775,0.04513526101788792,0.12820714933196709,0.28387096774193554,1,0,0.17360117297905608,0.10293493029172762
4,0.2784972867677752,0.45000000000000007,0.16279069767441862,0.19949999999999998,0.2005878724555949,0.3712101164905327,0.14623655913978495,0,0,0.13400124465598773,0.19572940555416132
2,0.05202170585779878,0.45000000000000007,0.05813953488372093,0.050749999999999997,0.008855851659764102,0.08449927087849293,0.0935483870967742,0,0,0.09306976942099388,0.061912369215857646
4,0.08348963406149992,0.8,0.13953488372093023,0.173,0.06070066340210728,0.1017898666186216,0.26236559139784954,0,0,0.5340929028412569,0.12297837356018451
1,0.25131487407819675,0.8,0.2906976744186046,0.47,0.1888241292060575,0.3487565522405707,0.4010752688172044,1,1,0.14945425071869778,0.25867437452943676
2,0.038202309725893974,0.8500000000000001,0.09302325581395349,0.18675,0.0012525333904001845,0.0633406714674204,0.13333333333333333,1,1,0.1703038685831424,0.09102022448573382
0,0.43054403784611095,0.9500000000000002,0.5,0.599,0.3477259280705951,0.5472183592232462,0.6440860215053764,0,1,0.24959076164740956,0.45417202495824427
4,0.30842910811186863,0.5,0.1744186046511628,0.397,0.2724983949949018,0.36743782761202853,0.10322580645161292,1,0,0.5054247964320788,0.226477893261101
0,0.38442187282593565,0.7000000000000002,0.4883720930232558,0.21675,0.2677274386636287,0.5254516893660865,0.9634408602150539,1,1,0.004937859781500409,0.3354467646880652
0,0.8707277027967162,0.7000000000000002,0.4883720930232558,0.6772499999999999,0.6634398721031232,0.887394361835697,0.9935483870967743,1,2,0.43539695769668696,0.6984054070426559
4,0.29813273966884657,0.8,0.1744186046511628,0.0455,0.2597653545487733,0.3579958448519518,0.2881720430107527,0,1,0.479407969149678,0.2965292117037204
3,0.6668874356476971,0.9500000000000002,0.36046511627906974,0.293,0.49125744281775957,0.8969996227711121,0.6215053763440861,0,2,0.0026700086028363934,0.6673183733871039
3,0.6703882009183246,0.6000000000000001,0.5116279069767442,0.55025,0.5341394025604553,0.8657177764890689,0.38279569892473125,1,1,0.15609392417628598,0.5002421399704032
4,0.005521079727285369,1.0,0.22093023255813954,0.22625,0.0,0.010568039141719832,0.16559139784946236,0,1,0.7866051725851892,0.07450780161484341
1,0.6471796298872964,0.6500000000000001,0.37209302325581395,0.23324999999999999,0.6121048855096363,0.74903018394131,0.6021505376344086,0,1,0.5942913676375869,0.5079610222149143
0,0.7157478781132599,0.75,0.4883720930232558,0.59175,0.599220785760143,0.887394361835697,0.9795698924731184,0,2,0.27925663080305263,0.6084645141190623
0,0.6203923751217475,0.6000000000000001,0.27906976744186046,0.22275,0.5429386069814575,0.7566929976183907,0.8236559139784948,0,1,0.38318464782504824,0.46603688350800065
4,0.26403784611103376,0.9500000000000002,0.18604651162790697,0.52475,0.23960523168720654,0.30704742386451295,0.2806451612903227,0,1,0.5956460794170615,0.30400837710833994
4,0.15917072491999443,0.3500000000000001,0.1744186046511628,0.2555,0.09489041906368409,0.22433295235092426,0.26774193548387104,0,0,0.06882428084518866,0.10838108919716494
1,0.6925504382913594,0.75,0.23255813953488372,0.33525,0.5122483918478329,0.7747887236713942,0.756989247311828,1,1,0.26173618027344525,0.5904294998831705
2,0.1641853346319744,0.25,0.10465116279069767,0.131,0.12340286257379876,0.20896228274149686,0.010752688172043012,0,0,0.3497658519705831,0.09387813384334462
2,0.2398552942813413,0.5,0.05813953488372093,0.0325,0.19358249726205012,0.26806335193203124,0.16451612903225807,0,0,0.5135884550371497,0.1838273346429777
1,0.7380269931821343,0.5,0.20930232558139536,0.31899999999999995,0.5840015609461346,0.7747887236713942,0.7903225806451615,1,1,0.4580019543017426,0.4936730331536179
2,0.07929873382496172,0.25,0.06976744186046513,0.0455,0.046117146489759425,0.10635602524618412,0.010752688172043012,0,0,0.3398322353789591,0.05428071966976192
0,0.7036315569778766,0.75,0.6395348837209303,0.1135,0.6015810873752188,0.8726486535180817,0.69247311827957,0,1,0.3111104407401133,0.59904459425545
4,0.02108251008765827,0.7000000000000002,0.19767441860465115,0.12775,0.0,0.03969348745291679,0.26344086021505386,1,0,0.3876620983879877,0.06426522894256315
1,0.6636983442326422,0.45000000000000007,0.2906976744186046,0.42474999999999996,0.5371731769030326,0.7747887236713942,0.6870967741935485,0,1,0.3299127123043275,0.4233321506148694
0,0.7772700709614581,0.7000000000000002,0.41860465116279066,0.4835,0.7704716826747566,0.8705598189301338,0.9602150537634411,1,2,0.7324440824403651,0.6286524798144575
3,0.8893223876443579,0.6500000000000001,0.6511627906976744,0.496,0.892829718400282,0.9878217002325305,0.2989247311827958,0,2,0.7698139527359833,0.6811561794155064
2,0.12533741477668012,0.4,0.08139534883720931,0.11875,0.06499326527272498,0.18261256341105003,0.05376344086021506,0,0,0.040006110823843644,0.09786331813107405
2,0.16803673299012103,0.3500000000000001,0.05813953488372093,0.132,0.1199096161834867,0.21988502964343426,0.08602150537634409,0,0,0.266993127196417,0.11306828901023772
4,0.3250925281758731,0.55,0.1744186046511628,0.45025000000000004,0.23035284935610972,0.3806689900963341,0.31397849462365596,0,1,0.2485427587962563,0.2504229228146392
2,0.26088214832336154,0.4,0.046511627906976744,0.03950000000000001,0.24871284885257872,0.26806335193203124,0.06451612903225808,0,0,0.8582685381875208,0.1737370730314228
2,0.14201753165437594,1.0,0.10465116279069767,0.0,0.10701922229635316,0.17877271114964727,0.03225806451612903,0,0,0.39891538073308297,0.20185196403382
1,0.6208097954640323,0.5,0.22093023255813954,0.502,0.49423456992157505,0.7747887236713942,0.6172043010752689,0,1,0.21246314121476217,0.4207679592914074
1,0.4631362181716989,1.0,0.3023255813953488,0.27125,0.3876118782965546,0.5774754941979945,0.7043010752688174,1,1,0.31474252120373936,0.501439166443104
1,0.20745234451092245,0.6000000000000001,0.20930232558139536,0.33325,0.1888241292060575,0.29201457116957846,0.5623655913978496,0,1,0.3711165364604365,0.1835189047450088
4,0.37004591623765126,0.9000000000000001,0.09302325581395349,0.273,0.2952642908395121,0.3806689900963341,0.3129032258064517,0,1,0.5641901549058626,0.38463285245731393
1,0.36550994851815777,0.55,0.15116279069767444,0.279,0.32808192449552487,0.43320515058188963,0.5548387096774194,0,1,0.5164035148992852,0.2768180834768461
4,0.048242660358981504,0.4,0.16279069767441862,0.014,0.005815783179546591,0.07957277420880468,0.08924731182795699,0,0,0.09441776334151841,0.054708056043547115
1,0.45846111033811043,0.4,0.3372093023255814,0.32625000000000004,0.34272208864663456,0.6081661608796753,0.7107526881720432,0,1,0.08891413216376787,0.28433567280814864
4,0.3449005148184221,0.6500000000000001,0.22093023255813954,0.15775,0.2634914840317728,0.3806689900963341,0.034408602150537634,1,0,0.40968728905099083,0.29175270222322225
3,0.35091136774732146,0.8,0.46511627906976744,0.6435000000000001,0.31765883256335053,0.412986808249489,0.7376344086021506,0,1,0.5437784715691258,0.3392036554654574
2,0.18166133296229306,0.15000000000000002,0.16279069767441862,0.09325,0.1280290537393472,0.2401878262044581,0.10860215053763442,1,0,0.22456829502554698,0.08378925687779634
0,0.8380687352163627,0.8,0.4883720930232558,0.19025,0.8104772215158802,0.887394361835697,0.8860215053763442,0,2,0.792899082224982,0.7330973665763763
0,0.3773535550299151,0.7000000000000002,0.6046511627906976,0.41674999999999995,0.37169400420448395,0.4181554070412306,0.7698924731182797,1,1,0.7691818942802022,0.3301712634029407
2,0.12425768749130373,0.7000000000000002,0.011627906976744186,0.15375,0.0728357607724166,0.17341831305493466,0.049462365591397855,1,0,0.15131490711611795,0.14127093195330281
4,0.2269041324613886,0.75,0.13953488372093023,0.34,0.20105993277861006,0.26639115820529136,0.19462365591397854,0,0,0.5690477536409404,0.22840947444030016
2,0.2602588006122165,0.7000000000000002,0.03488372093023256,0.22275,0.18470776318936544,0.26806335193203124,0.19032258064516133,0,0,0.458102792605134,0.24277656140472334
2,0.056090162793933473,0.8,0.19767441860465115,0.121,0.028040383187099532,0.07556964377206368,0.006451612903225806,0,0,0.397357846214591,0.10082438361617613
0,0.7006316961179908,1.0,0.36046511627906974,0.57875,0.6242714535681466,0.8462876736238183,0.6236559139784947,1,2,0.41727110090472963,0.7230102204183363
2,0.10321413663559204,0.3500000000000001,0.15116279069767444,0.28475,0.051618222787295914,0.149821801577605,0.046236559139784944,1,0,0.1016552259730541,0.07879847342777772
4,0.37841658550160007,0.8,0.13953488372093023,0.2905,0.30442855524364604,0.3806689900963341,0.11612903225806454,0,1,0.6087535805565543,0.3614431473003731
1,0.36233755391679423,0.55,0.5116279069767442,0.41674999999999995,0.3385427812535405,0.41742910067507083,0.3516129032258065,0,1,0.6218905075152741,0.2747463068894793
1,0.17921803255878663,0.45000000000000007,0.36046511627906974,0.4765,0.1888241292060575,0.21225599765780273,0.33978494623655925,0,1,0.8084063309373024,0.13706853132328886
0,0.5516015027132323,0.9500000000000002,0.5581395348837209,0.32625000000000004,0.42212892911542194,0.7255913203574103,0.5354838709677421,1,1,0.10182480241536962,0.5633477278824437
2,0.03287046055377765,1.0,0.1744186046511628,0.33275,0.0,0.05370725912246427,0.006451612903225806,0,1,0.24177401235143536,0.1000233659013613
1,0.7327341032419645,0.75,0.3837209302325581,0.39275,0.6575737358224549,0.7747887236713942,0.7623655913978495,1,2,0.6592432378646176,0.6216705754069561
3,0.9209684151941004,0.9000000000000001,0.5465116279069767,0.53875,0.8689875250191972,1.0,0.6752688172043012,1,2,0.6932695252148482,0.8643496923489655
2,0.06345345763183524,1.0,0.13953488372093023,0.0,0.04312743111066353,0.07697158396720927,0.1774193548387097,1,1,0.5674743455791498,0.12855572767474666
1,0.4228412411298177,0.5,0.03488372093023256,0.351,0.3764460781228364,0.5059427625541211,0.5795698924731184,1,1,0.4747694379205134,0.29763831315500244
4,0.1996104076805343,0.6000000000000001,0.27906976744186046,0.37650000000000006,0.17382519920945633,0.23553721334827238,0.25161290322580654,0,1,0.5586165970641128,0.17815374763095726
4,0.150816752469737,0.8500000000000001,0.18604651162790697,0.48175,0.11890884829869461,0.18594006001880514,0.30645161290322587,0,1,0.4495674823111586,0.18557735411456214
1,0.27108390148879924,0.3500000000000001,0.41860465116279066,0.54175,0.2518410352597591,0.3103523993446352,0.4096774193548388,1,1,0.6489850668004402,0.16754632073593936
4,0.20277723667733408,0.8500000000000001,0.12790697674418605,0.052750000000000005,0.18187540125127455,0.23474334359921406,0.08387096774193549,1,0,0.6180890667596526,0.22920616513634437
4,0.30690969806595236,0.7000000000000002,0.1744186046511628,0.223,0.28426843238207933,0.35382943623987256,0.324731182795699,0,1,0.6222682983561552,0.2775948698865456
1,0.5477779323779045,0.45000000000000007,0.24418604651162792,0.39075,0.4982691121489445,0.6497401624899359,0.6655913978494625,0,1,0.49868369683045954,0.35483855892966865
4,0.3756616112425212,0.7000000000000002,0.1744186046511628,0.3185,0.3413751431916313,0.3806689900963341,0.0946236559139785,1,1,0.7884151935850998,0.32890846624492653
3,0.6488493112564351,0.8500000000000001,0.5581395348837209,0.77725,0.5912649957829279,0.7710445862024311,0.6774193548387099,0,2,0.48605651825801655,0.60375221759712
4,0.3008821483233616,0.55,0.23255813953488372,0.017750000000000002,0.26292501164415466,0.3607321618593443,0.18602150537634413,0,0,0.484366665846536,0.23461199622683962
2,0.07391122860720745,0.55,0.11627906976744187,0.073,0.02237565931091781,0.11669885311157532,0.19032258064516133,1,0,0.021150598873037385,0.08638546814016079
1,0.5946180603868095,0.55,0.2906976744186046,0.38225000000000003,0.5525308727451252,0.6959704072382904,0.770967741935484,1,1,0.5498463982143333,0.4264403347381721
3,0.7710755530819535,1.0,0.627906976744186,0.58325,0.6367527285086672,0.977653411106294,0.6903225806451615,1,2,0.21887412471224543,0.7887307123138301
4,0.18322526784471962,0.6000000000000001,0.08139534883720931,0.05525000000000001,0.14767305731441738,0.2257799348013355,0.3483870967741936,1,0,0.4321004654269187,0.16694365356156915
1,0.7312647836371226,0.30000000000000004,0.43023255813953487,0.4475,0.6404599755787459,0.7747887236713942,0.4946236559139786,1,1,0.6124321291292716,0.3846183136742447
3,0.5742702101015722,0.7000000000000002,0.5465116279069767,0.34725,0.514086280038772,0.6891915478207995,0.5279569892473119,1,1,0.4505576966254654,0.47714174448088753
3,0.5070432725754834,0.8,0.627906976744186,0.54725,0.40903712282380195,0.6471389722483405,0.717204301075269,1,1,0.2209822109636781,0.4654449473401816
0,0.25269514401001814,0.8500000000000001,0.3372093023255814,0.418,0.25176550560807665,0.3416792878819443,0.9559139784946239,1,1,0.5057467116256729,0.27111991899820864
1,0.7644357868373451,0.6000000000000001,0.36046511627906974,0.69575,0.7100479613288182,0.7747887236713942,0.5580645161290324,1,2,0.8027754973447851,0.5645859475738406
4,0.2745902323639905,0.3500000000000001,0.20930232558139536,0.12125,0.2505318546305971,0.318617653185895,0.16559139784946236,1,0,0.602089110003561,0.16940001557726758
0,0.5504772505913453,0.6000000000000001,0.5232558139534883,0.74125,0.41735167864650874,0.7275844401529186,0.5591397849462367,0,2,0.08433300597229088,0.4182035948871946
3,0.3983804090719354,0.7000000000000002,0.34883720930232553,0.73525,0.31470688201009583,0.5226027667205297,0.3150537634408603,0,1,0.1899378100827247,0.3458648412416814
2,0.03922638096563236,0.4,0.09302325581395349,0.21275,0.003600246730195489,0.0633125200578793,0.0946236559139785,0,0,0.20109826569934897,0.0496610213495106
2,0.1446778906358703,0.9000000000000001,0.12790697674418605,0.04975,0.10671080955198331,0.1844255141854953,0.15268817204301077,0,0,0.3621911130576241,0.18839320484972263
1,0.22810630304716847,0.55,0.2906976744186046,0.57125,0.1888241292060575,0.2955503882079376,0.6247311827956991,0,1,0.35556074681348804,0.18708471437349095
0,0.46610825100876574,0.25,0.4767441860465116,0.44975,0.34394315134883374,0.6225515311551648,0.6021505376344086,0,1,0.06271297290616173,0.23471740240409164
4,0.3168276053986364,0.7000000000000002,0.23255813953488372,0.31825,0.23490980500761593,0.3806689900963341,0.11397849462365592,0,1,0.2707020446280566,0.2849971874377991
1,0.7136440795881451,0.6000000000000001,0.41860465116279066,0.48775,0.6778345648862649,0.7747887236713942,0.3290322580645162,0,1,0.7146624945836602,0.5298361790693448
2,0.14032002226241827,1.0,0.0,0.24875000000000003,0.09363159153564371,0.18730821852250146,0.033333333333333326,0,0,0.24236450037380308,0.20026827516377768
2,0.04390148879922082,0.6500000000000001,0.023255813953488372,0.01725,0.025522728131018774,0.0531554914954592,0.15376344086021507,0,0,0.5980113041985196,0.07645997940339065
1,0.3119521358007513,0.6500000000000001,0.27906976744186046,0.41700000000000004,0.2775777640705447,0.3700221270078993,0.5258064516129033,0,1,0.5202920905563879,0.26818602719098594
4,0.07270905802142758,0.3500000000000001,0.24418604651162792,0.268,0.04303931318370069,0.09577672554064784,0.13655913978494624,0,0,0.39261105391174156,0.0626713283082222
2,0.028518157784889364,0.6000000000000001,0.08139534883720931,0.34349999999999997,0.0,0.053634065457657476,0.1752688172043011,0,0,0.24247686856272943,0.06109888968698346
1,0.3424627800194796,0.25,0.27906976744186046,0.55975,0.28485378718261817,0.4252383016817652,0.7591397849462367,0,1,0.35209489232141733,0.17703997299940286
2,0.07390009739807984,0.6500000000000001,0.1744186046511628,0.0285,0.032893163307695206,0.10726250063340673,0.0924731182795699,0,0,0.19308935752925827,0.09791680008307874
4,0.28366773340754137,0.6500000000000001,0.26744186046511625,0.11174999999999999,0.19128513702337646,0.3806689900963341,0.03870967741935484,0,0,0.05856667156147277,0.24795531055013717
2,0.14024210379852506,0.15000000000000002,0.08139534883720931,0.0195,0.10054255466458542,0.18097415137575945,0.08172043010752689,0,0,0.33343807502985157,0.06704438655854889
2,0.22190065395853623,0.75,0.10465116279069767,0.09275,0.17404549402686337,0.26806335193203124,0.13870967741935486,0,0,0.3914412946194361,0.22451948456552404
4,0.11448448587727841,0.75,0.05813953488372093,0.1755,0.10168808771510215,0.12783555072602487,0.11290322580645162,0,0,0.7248836377682621,0.1410080222928007
1,0.6377514957562265,0.3500000000000001,0.43023255813953487,0.28175,0.5953435969737786,0.744948229557854,0.6301075268817206,1,1,0.5566123236548786,0.3613927808018832
4,0.20564352302768887,0.6000000000000001,0.13953488372093023,0.342,0.1546847266456023,0.26486535180816506,0.28924731182795704,0,0,0.2847459611752121,0.18228137737661504
4,0.1761792124669542,0.45000000000000007,0.24418604651162792,0.219,0.1336560127896877,0.22406269881932994,0.13763440860215054,0,0,0.3428477541413102,0.13527299161423761
3,0.7460581605676916,0.6500000000000001,0.6744186046511628,0.988,0.6512166568058511,0.9140987889263616,0.6451612903225807,0,2,0.3571698826641063,0.5786849324552371
1,0.49370251843606505,0.55,0.43023255813953487,0.6295000000000001,0.3972670854366243,0.6306816582306276,0.613978494623656,1,1,0.21973063091375833,0.36053603108530285
0,0.8181327396688465,0.6500000000000001,0.5465116279069767,0.58975,0.8139578796309119,0.887394361835697,0.9774193548387099,1,2,0.8013618481538438,0.6302370340882539
1,0.5320662306943091,0.5,0.3023255813953488,0.217,0.46698095393950073,0.645945352483799,0.356989247311828,0,1,0.40856291627864905,0.3655725078535391
0,0.7151746208431891,1.0,0.43023255813953487,0.597,0.5721496997696345,0.887394361835697,0.9774193548387099,0,2,0.21343681839792472,0.7365780204754528
0,0.42034228468067336,0.4,0.2906976744186046,0.76625,0.39638590616699604,0.4830444060334101,0.8784946236559141,0,1,0.6290621252611917,0.2629979316850276
2,0.02886322526784471,0.9000000000000001,0.09302325581395349,0.10075,0.0,0.054664407046860874,0.008602150537634409,0,0,0.2326352174176829,0.08754735922044429
2,0.2363155697787672,0.5,0.12790697674418605,0.22825,0.19408602827326632,0.26806335193203124,0.05698924731182796,0,0,0.5167365777283279,0.18162574749249263
1,0.7213023514679281,0.6500000000000001,0.34883720930232553,0.34500000000000003,0.5521406362114327,0.7747887236713942,0.5215053763440861,0,2,0.3708530641147916,0.5609780793229082
1,0.455800751356616,0.30000000000000004,0.36046511627906974,0.30925,0.3805624441395285,0.5689399868251404,0.7182795698924732,0,1,0.31183692582577516,0.24755497477348057
3,0.5740030610825101,0.8,0.627906976744186,0.7040000000000001,0.5325532798751242,0.6721261633569993,0.5419354838709679,0,2,0.5489230888501246,0.5195856446825268
3,0.3438653123695561,0.7000000000000002,0.4767441860465116,0.6809999999999999,0.31470688201009583,0.4244669530603397,0.46451612903225814,1,1,0.48828581049518793,0.30517701833790556
3,0.7473605120356197,0.8,0.6395348837209303,0.6265,0.5791361925502587,0.9812061189903778,0.5354838709677421,0,2,0.08519286464275133,0.659754744576082
4,0.05426464449700849,0.7000000000000002,0.046511627906976744,0.177,0.029884565515678696,0.0702208759592593,0.14731182795698927,1,0,0.47177168964737204,0.08903100741651018
0,0.6329094197857241,0.7000000000000002,0.46511627906976744,0.5035,0.47987764196427446,0.8384278000799501,0.9215053763440861,0,1,0.06386433838315608,0.5209076354573227
3,0.4287073883400584,0.9500000000000002,0.6162790697674418,0.43225,0.359942849230227,0.5325627354161624,0.44301075268817214,0,1,0.3338676992488947,0.4525156421728558
4,0.17265061917350769,0.4,0.13953488372093023,0.312,0.11489948262188598,0.23370174144619427,0.21720430107526884,0,0,0.16543966448115333,0.12434778846070635
4,0.18482816195909277,0.7000000000000002,0.25581395348837205,0.27825,0.11246994549276804,0.26050751361120655,0.17204301075268819,0,0,0.03559298623990026,0.18647823942260264
0,0.5202671490190621,0.7000000000000002,0.37209302325581395,0.44275000000000003,0.4365299160362039,0.6493010005010951,0.9430107526881722,1,1,0.3036003732873078,0.4368360838749318
2,0.16358424933908447,0.3500000000000001,0.11627906976744187,0.1185,0.14555822706730953,0.1879331798143133,0.03978494623655915,1,0,0.6464297941068546,0.11071439079902728
3,0.28809238903575896,0.8,0.6046511627906976,0.73875,0.31470688201009583,0.3811475640585324,0.3483870967741936,1,1,0.6567128637576334,0.28841103216705755
4,0.18511200779184636,0.8500000000000001,0.13953488372093023,0.0,0.11207970895907551,0.26143651012606206,0.1795698924731183,1,0,0.02946893953344354,0.21437349095220376
0,0.7557367469041324,0.6500000000000001,0.41860465116279066,0.47625,0.7091919586097508,0.881820382746564,0.9784946236559142,1,2,0.5578660066691217,0.5856076432459565
4,0.34360372895505775,0.6500000000000001,0.22093023255813954,0.1005,0.2541006306725916,0.3806689900963341,0.0913978494623656,0,0,0.36402202045838616,0.2908251624795548
4,0.06426603589814942,0.9500000000000002,0.19767441860465115,0.0935,0.014067397625851269,0.10461626813654562,0.23440860215053763,0,0,0.011226488441986149,0.12384412347580764
4,0.25767636009461525,0.30000000000000004,0.22093023255813954,0.08925000000000001,0.24028499855234836,0.29356852897624586,0.03548387096774194,1,0,0.6664302340907489,0.14897371768798734
0,0.6756532628356754,0.6500000000000001,0.5697674418604651,0.454,0.6342602500031471,0.7868150058273418,0.8516129032258066,1,2,0.5680822770841478,0.5283270880029078
0,0.4710783358842354,0.8,0.313953488372093,0.623,0.4071299991188208,0.5760904448485735,0.881720430107527,0,1,0.3867859471958206,0.4363653042326898
2,0.1010435508557117,0.4,0.09302325581395349,0.27875,0.08047054972998152,0.11962096942193898,0.043010752688172046,1,0,0.5859263226924687,0.08426436353880903
1,0.26792263809656325,0.6000000000000001,0.18604651162790697,0.7625,0.193702085877214,0.3559689433649943,0.7731182795698925,0,1,0.14995302361806684,0.22489039661454055
3,0.6043411715597606,0.6500000000000001,0.8255813953488371,0.28500000000000003,0.600341142260099,0.6728749908507918,0.5473118279569894,0,1,0.7560899983280376,0.4773203638157383
1,0.2609878948100738,0.6500000000000001,0.26744186046511625,0.59675,0.19887586701745996,0.33731581940307753,0.3268817204301076,1,1,0.24323012643398711,0.23173331717912996
0,0.6931904828161958,0.6000000000000001,0.5116279069767442,0.6615,0.6519593650473949,0.8064646896870127,0.8000000000000002,1,2,0.5716149540923572,0.5158426003652004
2,0.1339529706414359,0.9500000000000002,0.08139534883720931,0.0,0.09088105338687547,0.17688656671039515,0.04193548387096774,1,0,0.27937249741759373,0.18669130182686733
1,0.35091136774732146,0.55,0.27906976744186046,0.47875,0.26653784664963054,0.458727218471829,0.817204301075269,0,1,0.16978493540731088,0.2672842764791914
2,0.2548712953944622,0.3500000000000001,0.10465116279069767,0.03225,0.1885471871498886,0.26806335193203124,0.15268817204301077,0,0,0.48210722812536777,0.15897518887436934
1,0.6682732711840823,0.75,0.2906976744186046,0.19724999999999998,0.6448406953763266,0.7624133640371373,0.5204301075268818,1,1,0.6537788080865561,0.5715550440057809
0,0.7323389453179352,0.9000000000000001,0.3953488372093023,0.29575,0.7145986228426844,0.8296389300212261,0.8913978494623657,0,2,0.6832786536588753,0.7001002137547273
2,0.17900653958536242,0.10000000000000009,0.12790697674418605,0.29475,0.1201236168632536,0.24188817134073903,0.17204301075268819,0,0,0.16373226597337598,0.07367805249539172
1,0.29014609711979966,0.45000000000000007,0.3255813953488372,0.38575,0.24398595148478708,0.3559520525192697,0.3150537634408603,0,1,0.40706620233995006,0.20261230777219114
3,0.8943036037289551,0.9500000000000002,0.5,0.48775,0.77867294401994,1.0,0.44301075268817214,1,2,0.4956402205459083,0.8724136976106204
1,0.47686656463058286,0.7000000000000002,0.34883720930232553,0.31325,0.3444529764976901,0.6438621481777593,0.760215053763441,0,1,0.021540333961258762,0.404443675196663
2,0.24141366355920404,1.0,0.13953488372093023,0.14575,0.2101549616687018,0.26806335193203124,0.1817204301075269,1,1,0.6172010431105519,0.2945834379029536
3,0.6404396827605398,0.9000000000000001,0.6395348837209303,0.63925,0.5757877113256713,0.7678747374881061,0.6279569892473119,1,2,0.45037903621268893,0.6200787517416251
0,0.7660108529288994,0.45000000000000007,0.43023255813953487,0.521,0.6470625259633178,0.887394361835697,0.5688172043010754,0,1,0.3955775780458748,0.48378527602052745
4,0.03312647836371224,0.20000000000000007,0.22093023255813954,0.22175,0.0,0.06340260456841076,0.22150537634408604,1,0,0.15347292284747804,0.028241239950498903
3,0.9365465423681647,0.7000000000000002,0.8255813953488371,0.12175,0.8688490539911127,1.0,0.30107526881720437,0,1,0.6929665184058218,0.7475298780646111
0,0.4724586058160567,0.9500000000000002,0.25581395348837205,0.7887500000000001,0.4579236898752502,0.5334410593938439,0.5430107526881721,1,2,0.6975317609640335,0.49197268785752
1,0.6682064839293168,0.6000000000000001,0.2906976744186046,0.5585,0.6537406059995721,0.7543282792169406,0.6301075268817206,1,1,0.6983184709065837,0.4987494915752946
4,0.025473772088493107,0.6000000000000001,0.15116279069767444,0.52325,0.00695502209242313,0.03248672661040139,0.28709677419354845,0,1,0.580823547144053,0.059016035931563876
0,0.6288910532906636,0.8,0.15116279069767444,0.3155,0.5588438927982478,0.7596657864659284,0.9236559139784948,1,1,0.42116701198003015,0.5639656261628864
0,0.22614164463614858,0.75,0.43023255813953487,0.448,0.25176550560807665,0.29430046562431383,0.8107526881720432,1,1,0.7299834345523062,0.2278166728687269
2,0.19916515931543063,0.25,0.05813953488372093,0.19425,0.14861717796044766,0.2571856472853596,0.16129032258064518,0,0,0.2811726317759975,0.11019532162730522
3,0.6955057743147349,0.75,0.6976744186046512,0.6795,0.536254232807563,0.9146505565533667,0.48064516129032275,1,2,0.08399827946847149,0.5927271468503631
0,0.8263587032141365,0.6000000000000001,0.627906976744186,0.6507499999999999,0.7867734991628796,0.887394361835697,0.6666666666666669,1,2,0.735266575013237,0.6069512691146055
4,0.131960484207597,0.8,0.15116279069767444,0.40225,0.08456173919611276,0.1785080878999612,0.21182795698924733,0,1,0.21885928701474144,0.1621697402923334
1,0.3595436204257687,0.45000000000000007,0.12790697674418605,0.3365,0.2978637696849155,0.44816480961201727,0.7806451612903227,1,1,0.33462481662884946,0.24361704153072614
1,0.25819396131904826,0.4,0.3837209302325581,0.47350000000000003,0.2022621130678886,0.3286282944187016,0.4333333333333334,0,1,0.2945778802502803,0.17223230898375638
0,0.7166439404480311,0.7000000000000002,0.45348837209302323,0.472,0.6331776583290323,0.870717466823564,0.7376344086021506,0,2,0.39269609992918153,0.5834036329649599
4,0.2695310978155002,0.6000000000000001,0.24418604651162792,0.07725,0.21100467025012903,0.34374560134225923,0.04408602150537634,1,0,0.28320916322399525,0.22599084402828143
2,0.24181438708779737,0.30000000000000004,0.15116279069767444,0.282,0.1796158058384421,0.26806335193203124,0.16451612903225807,0,0,0.42626740189059475,0.14108123545039938
0,0.8036399053847224,0.75,0.5,0.524,0.7312654993139389,0.887394361835697,0.7741935483870969,1,2,0.6003061180030478,0.6767967945444948
3,0.7057576179212466,0.6000000000000001,0.686046511627907,0.6155,0.647849293168343,0.8355619865886685,0.6107526881720431,1,2,0.49889095559690233,0.5244405597431482
1,0.4805398636426882,0.6500000000000001,0.34883720930232553,0.46775,0.386315285942673,0.6138471153250644,0.6784946236559142,1,1,0.22201617189754996,0.38877017472501796
3,0.9341199387783499,0.75,0.8953488372093023,0.27,0.8238900288271505,1.0,0.3279569892473119,1,2,0.5945857167297299,0.7782394226026154
4,0.32349519966606366,1.0,0.16279069767441862,0.0195,0.31545588438927985,0.359493499839537,0.3301075268817205,0,1,0.7559715778526723,0.3711612852976556
3,0.6935912063447891,0.8500000000000001,0.5930232558139534,0.6317499999999999,0.5669759186293886,0.8832955166065164,0.4451612903225807,0,2,0.2076983651662232,0.6413199138057861
4,0.015383331014331425,0.45000000000000007,0.1744186046511628,0.33849999999999997,0.0,0.025201141821171003,0.3505376344086022,0,0,0.5669654230921404,0.04026394814500704
1,0.5336134687630443,0.6500000000000001,0.3837209302325581,0.235,0.394075957653042,0.7142857142857142,0.706451612903226,1,1,0.04089863025001983,0.42673162964180933
0,0.7975233059691108,0.7000000000000002,0.40697674418604646,1.0,0.6322524200959228,0.887394361835697,0.6451612903225807,0,2,0.3595687385691797,0.6437686602684483
4,0.14316404619451786,0.8500000000000001,0.20930232558139536,0.0,0.1308173567139566,0.1598099216827787,0.16344086021505377,1,0,0.7289322587755109,0.1791517312402101
1,0.24706275219145682,0.8,0.19767441860465115,0.2435,0.1888241292060575,0.3325188192172782,0.7870967741935485,0,1,0.2072841104057288,0.2552362984950629
0,0.5231223041602894,0.9500000000000002,0.441860465116279,0.40225,0.42732159266858843,0.6633204024525508,0.7440860215053764,1,1,0.24311291179875605,0.5376637560253736
0,0.6899568665646305,0.8,0.40697674418604646,0.33525,0.5401628922821284,0.887394361835697,0.870967741935484,1,2,0.13566507074787593,0.6133407181120353
0,0.7494921385835536,0.9000000000000001,0.5581395348837209,0.22325,0.6468862901093921,0.887394361835697,0.8268817204301077,1,2,0.3951490835684641,0.7150363902278608
0,0.2426213997495478,0.9000000000000001,0.46511627906976744,0.45925,0.25176550560807665,0.2992100714482775,0.8806451612903227,1,1,0.7044265172318174,0.2736777063338901
2,0.20731320439682757,0.6500000000000001,0.16279069767441862,0.0,0.18395876081018142,0.24206271007989377,0.003225806451612901,0,0,0.5902434802886656,0.1933419296772909
1,0.6781911785167662,0.75,0.313953488372093,0.2465,0.6066919271390627,0.7747887236713942,0.4752688172043012,0,1,0.5200667012642002,0.5792657914550033
1,0.5114623625991372,0.7000000000000002,0.3953488372093023,0.32275,0.4854290713629326,0.5877451283985788,0.670967741935484,0,1,0.6265364654283021,0.43026455392763496
4,0.29851676638374836,0.8,0.15116279069767444,0.0,0.20417553091050994,0.3806689900963341,0.3107526881720431,0,0,0.12124929225695147,0.29683971857069913
3,0.2941088075692222,0.75,0.40697674418604646,0.18675,0.31470688201009583,0.3754666096131433,0.6946236559139787,1,1,0.6809586191551287,0.2806582260953848
2,0.26212327814108805,0.8,0.15116279069767444,0.0435,0.2393345837686779,0.26806335193203124,0.16129032258064518,0,1,0.7996347530643273,0.2674135678000571
1,0.3681424794768331,0.4,0.25581395348837205,0.36975,0.3044789083447677,0.4596393241409597,0.7548387096774195,0,1,0.32683127402744105,0.23377809316936818
2,0.2622902462780019,0.5,0.12790697674418605,0.15625,0.19603721094172888,0.26806335193203124,0.12473118279569895,1,0,0.5289355531566431,0.19778110477443253
3,0.8016641157645749,0.8,0.6162790697674418,0.8185,0.6166240763353015,1.0,0.6086021505376344,0,2,0.14103961576463253,0.7036622156066914
4,0.035013218310839006,0.8500000000000001,0.11627906976744187,0.06475,0.0012336509774795723,0.05691088952823872,0.09892473118279571,0,0,0.22817542522833234,0.0883424921897311
2,0.03537498260748573,0.55,0.08139534883720931,0.21925,0.014917106207278541,0.045402593307846933,0.0946236559139785,0,0,0.5397265828351447,0.06121883464730471
2,0.06290246278001946,0.8500000000000001,0.12790697674418605,0.05425,0.03636752728508666,0.08190934120071394,0.0043010752688172026,0,0,0.43867770497068204,0.11175979853400603
2,0.039081675246973674,0.6500000000000001,0.08139534883720931,0.13724999999999998,0.0032918339858256096,0.06330125949406287,0.1623655913978495,1,0,0.19718514462775283,0.07301255700847228
4,0.16808682343119521,0.3500000000000001,0.06976744186046513,0.18125,0.11654854668361889,0.22299294525676905,0.27849462365591404,0,0,0.22767763558990306,0.11309477036511387
3,0.5771531932656184,0.7000000000000002,0.6046511627906976,0.577,0.5091642644041341,0.6994217700480263,0.39139784946236567,1,1,0.41189346123552784,0.4792934843751352
3,0.8538861833866703,0.8,0.441860465116279,0.5589999999999999,0.7236684751822153,1.0,0.5322580645161291,0,2,0.3752776521786445,0.7458866494162851
2,0.12839849728676775,0.15000000000000002,0.11627906976744187,0.09175000000000001,0.10323644557459183,0.15459628063577147,0.033333333333333326,0,0,0.5278819090727749,0.06225628066774554
0,0.34732711840823705,0.4,0.40697674418604646,0.62175,0.26096124070041166,0.4564525845809099,0.7838709677419357,0,1,0.15265214151657802,0.2221262970238765
3,0.9270070961458188,0.75,0.6162790697674418,0.52425,0.7194073439997986,1.0,0.26021505376344095,1,2,0.3659533062827025,0.7727094926137791
0,0.820598302490608,0.6000000000000001,0.3255813953488372,0.2535,0.7650272536159821,0.887394361835697,0.867741935483871,0,1,0.682393417175591,0.6030102204183363
4,0.2623570335327675,1.0,0.18604651162790697,0.22675,0.23745893075189767,0.30556665972265235,0.08064516129032259,1,1,0.5905268780150934,0.3141225238635086
2,0.1564714067065535,0.3500000000000001,0.05813953488372093,0.1985,0.14008232732033388,0.1784405245170626,0.15806451612903227,0,0,0.6685250287364395,0.1069540384066186
2,0.07273688604424655,0.10000000000000009,0.09302325581395349,0.15325,0.051530104860333104,0.08824340834745598,0.1838709677419355,0,0,0.5561999440777832,0.03402040622052219
2,0.12223737303464588,0.050000000000000044,0.13953488372093023,0.29325,0.07473659033975755,0.1676303832532895,0.008602150537634409,1,0,0.19948648404290514,0.04522046160636245
0,0.5282482259635453,0.8,0.313953488372093,0.5625,0.5063004317778421,0.6030426043431996,0.7258064516129032,1,1,0.6527972171341341,0.48259032651683653
3,0.6748184221511061,0.75,0.5930232558139534,0.5545,0.6539168418534977,0.7675425508555214,0.49677419354838714,0,2,0.6665368430669207,0.5766436180800153
3,0.9615917629052455,0.7000000000000002,0.43023255813953487,0.99825,0.7772001158121327,1.0,0.4387096774193549,0,2,0.49241732994081144,0.7662225991536352
2,0.16746904132461385,0.45000000000000007,0.11627906976744187,0.026250000000000002,0.12162162162162163,0.21721064573703203,0.1623655913978495,1,0,0.2929223110215071,0.13012643548847713
4,0.32460832057882283,0.6500000000000001,0.20930232558139536,0.27,0.304271201802641,0.37175062355372135,0.0849462365591398,0,1,0.6454623375479989,0.2772384966205983
3,0.5041881174342563,0.75,0.7093023255813953,0.3175,0.4760696886919524,0.5814110612518368,0.45376344086021514,0,1,0.6128318290595562,0.44398587661073274
3,0.5407096145818838,0.75,0.6046511627906976,0.50425,0.39765732197031683,0.7254336724639803,0.4580645161290324,1,1,0.03130152301186184,0.47237977378345875
4,0.10639209684151937,0.6000000000000001,0.20930232558139536,0.26675,0.06654162313221468,0.1429021851124086,0.2806451612903227,0,0,0.27916458951000345,0.11437729872872188
3,0.8267371643244746,0.9000000000000001,0.6744186046511628,0.36725,0.7502737949873488,0.988716915055937,0.4731182795698926,0,2,0.4529014053268947,0.7822976469671926
3,0.5308362320857102,0.75,0.7558139534883721,0.53025,0.394075957653042,0.7086666929413155,0.6473118279569894,1,1,0.05116187317709597,0.4647036424844011
2,0.06308612773062472,0.7000000000000002,0.1744186046511628,0.0805,0.044058963481413416,0.07540073531481722,0.11720430107526883,0,0,0.5948623484052937,0.09561499917786642
2,0.07825796577153193,0.45000000000000007,0.10465116279069767,0.24175,0.04670250129029821,0.10373231387695583,0.15268817204301077,0,0,0.3669305179686331,0.07741451974418667
1,0.6341728120217058,0.8,0.37209302325581395,0.035,0.5171389367942698,0.7747887236713942,0.38064516129032266,0,1,0.2751132422401106,0.568236220608725
4,0.3430026436621678,0.75,0.25581395348837205,0.24275000000000002,0.2935271088508164,0.3806689900963341,0.19569892473118283,0,1,0.5557426923511983,0.318671085995171
1,0.23989981911785166,0.4,0.1744186046511628,0.2465,0.19876886667757648,0.29474525789506284,0.7989247311827958,1,1,0.417312969072291,0.16199181328048604
0,0.7284708501460971,0.55,0.5465116279069767,0.45825,0.6284129961353995,0.887394361835697,0.9182795698924733,1,2,0.35023368031130286,0.5138547679419835
4,0.038736607764018355,0.8,0.18604651162790697,0.17,0.004235954631855887,0.061747301687395506,0.0946236559139785,0,0,0.22348104004007663,0.08679307330835201
1,0.7662780019479615,0.6000000000000001,0.45348837209302323,0.5105,0.675436498445348,0.7747887236713942,0.7795698924731184,0,2,0.7081030858200827,0.5658463216013432
1,0.3480339501878391,0.55,0.3023255813953488,0.11525,0.28529437681743225,0.43612163661034514,0.5612903225806453,0,1,0.31848571807136805,0.26540513876749194
2,0.24903854181160426,0.6000000000000001,0.046511627906976744,0.118,0.20737924696937277,0.26806335193203124,0.19032258064516133,1,0,0.599847016775432,0.21197061088851002
3,0.5845276193126477,0.75,0.5348837209302325,0.5269999999999999,0.5342967560014604,0.6918659317272016,0.5849462365591398,1,1,0.5051191659160428,0.506446392564451
1,0.5781216084597188,0.6500000000000001,0.25581395348837205,0.45475,0.571130049471922,0.6459566130476153,0.3322580645161291,1,1,0.7409532902469562,0.45856654522167317
1,0.7779991651593154,0.5,0.24418604651162792,0.47524999999999995,0.6924369642115336,0.7747887236713942,0.6290322580645162,0,1,0.7546043012280157,0.5185343522020199
0,0.43234729372478076,0.5,0.6162790697674418,0.8094999999999999,0.3257908583944914,0.5704883143498996,0.5956989247311829,1,1,0.11408746899651767,0.3035507516031605
2,0.09526645331849173,0.8500000000000001,0.09302325581395349,0.2855,0.06592479764347489,0.12093845538846132,0.1817204301075269,0,1,0.42977507590737374,0.13893434181717482
1,0.42116042855155134,0.9000000000000001,0.5116279069767442,0.35200000000000004,0.3215549037626355,0.5516437608031035,0.44623655913978505,0,1,0.14311594897337954,0.42914091369328355
2,0.08550438291359397,0.3500000000000001,0.046511627906976744,0.253,0.03531640629917296,0.12857311765600105,0.1053763440860215,0,0,0.07620118361890116,0.0694358432926882
4,0.34384861555586477,0.4,0.11627906976744187,0.21350000000000002,0.3211709613665832,0.3806689900963341,0.3075268817204302,0,0,0.6901675312645492,0.22017913857710317
4,0.288008904967302,0.6000000000000001,0.13953488372093023,0.15699999999999997,0.22412165309230986,0.36939153543417924,0.2612903225806452,0,0,0.2569827857443556,0.23863266206848807
2,0.1905551690552386,0.8500000000000001,0.11627906976744187,0.30974999999999997,0.18044663200694872,0.21128758916958973,0.18817204301075272,1,1,0.7537943146706219,0.21894386125847012
1,0.7184082370947543,0.6500000000000001,0.43023255813953487,0.3185,0.6952504437367035,0.7747887236713942,0.7881720430107528,0,1,0.7622999855254406,0.5589080335430495
3,0.7078280228189786,0.75,0.7558139534883721,0.1115,0.5769080678256271,0.9032154539977817,0.5215053763440861,0,1,0.19874080591934296,0.6023071664084879
1,0.5022791150688742,0.3500000000000001,0.3837209302325581,0.23249999999999998,0.3666020468535606,0.675470550810479,0.7376344086021506,0,1,0.030270530583108135,0.28977248535304145
2,0.1685877278419368,0.55,0.11627906976744187,0.0,0.1235161570513224,0.21777367392785357,0.16881720430107527,0,0,0.3035902677918114,0.14821527783787528
0,0.762203979407263,0.6500000000000001,0.441860465116279,0.419,0.711438965747303,0.887394361835697,0.5645161290322582,0,2,0.5521004892943402,0.5902333993924866
4,0.10724919994434395,0.6500000000000001,0.16279069767441862,0.1355,0.07491912033132339,0.13714240672030453,0.24086021505376345,0,0,0.39617384623970286,0.12177009683868009
0,0.6763600946152775,0.8,0.41860465116279066,0.369,0.5315839826785331,0.8800918862007421,0.9494623655913981,0,2,0.12640857220294444,0.6023469749811775
4,0.24886044246556285,0.55,0.18604651162790697,0.28400000000000003,0.18689812308815568,0.3234878470365012,0.1849462365591398,0,0,0.2306983881558311,0.20063849488979088
3,0.521196604981216,0.9000000000000001,0.6046511627906976,0.6185,0.47607598282959257,0.6158120837110315,0.5236559139784948,1,2,0.515633148350285,0.5162476093221293
4,0.08348406845693612,0.9000000000000001,0.1744186046511628,0.35725,0.04373796246176312,0.116952215797445,0.14516129032258066,1,1,0.23619235823407703,0.13510856490095455
1,0.18710449422568529,0.5,0.313953488372093,0.4335,0.1888241292060575,0.22967045959991217,0.4118279569892474,0,1,0.6961953438770496,0.15101814751672393
4,0.00943369973563378,0.6500000000000001,0.18604651162790697,0.0,0.0,0.027898046855206055,0.05376344086021506,1,0,0.5310421151220563,0.05180653033672859
3,0.361580631696118,0.8,0.5465116279069767,0.872,0.34810987046664743,0.4073452657774575,0.4311827956989248,1,2,0.7058925321709826,0.3478303462480421
2,0.25819952692361203,0.6500000000000001,0.11627906976744187,0.02425,0.17434131849595286,0.26806335193203124,0.11827956989247312,0,0,0.39329081670050337,0.22973890768738156
2,0.1337414776680117,0.10000000000000009,0.1744186046511628,0.0775,0.10161255806341973,0.16686466491377228,0.05268817204301077,1,0,0.42996916448894895,0.056786063537943646
4,0.13699735633783217,0.9000000000000001,0.08139534883720931,0.23099999999999998,0.1045015672402724,0.17086779535051322,0.3387096774193549,0,0,0.42814348217061426,0.18170536463787182
0,0.4706720467510783,0.8500000000000001,0.5930232558139534,0.54325,0.42742859300847197,0.5571107645359803,0.8946236559139786,1,2,0.5119663927219995,0.4541450243611157
4,0.22342562960901627,0.5,0.16279069767441862,0.23575,0.1519971298732361,0.3032469835764677,0.04408602150537634,1,0,0.11120962088267827,0.17360864711431118
3,0.5019563100041742,0.75,0.36046511627906974,0.5862499999999999,0.4130087236747693,0.6332997393179478,0.335483870967742,1,1,0.26493831303187476,0.4422507420837192
4,0.19547516348963404,0.6500000000000001,0.23255813953488372,0.20850000000000002,0.16784576845126453,0.23251938224546903,0.13870967741935486,0,0,0.5347157235684745,0.1848746462662155
4,0.10862390427160151,0.6500000000000001,0.13953488372093023,0.0485,0.06984604539332068,0.144456142919076,0.1817204301075269,0,0,0.299137277149228,0.12275336858411295
4,0.35086684291081116,0.6500000000000001,0.12790697674418605,0.1625,0.33543977139692094,0.3806689900963341,0.08064516129032259,0,1,0.7595530298566644,0.2960201812155462
2,0.2639209684151941,0.30000000000000004,0.16279069767441862,0.0,0.17167889827414745,0.26806335193203124,0.16559139784946236,1,0,0.3766451179708987,0.1520808633267851
2,0.19158480589954083,0.3500000000000001,0.03488372093023256,0.147,0.1546847266456023,0.23642679788977033,0.04838709677419355,0,0,0.42349205736961415,0.12551746817477694
4,0.04686795603172392,0.6000000000000001,0.34883720930232553,0.1685,0.004431072898702149,0.07803007696595371,0.21612903225806454,0,0,0.08962856276139664,0.07365312886727302
0,0.3509058021427577,0.6000000000000001,0.5232558139534883,0.40675000000000006,0.26692808318332306,0.4583612501477949,0.7333333333333334,0,1,0.17246573816950161,0.2816643444999264
2,0.17318491721163212,0.0,0.046511627906976744,0.22825,0.12247762434068907,0.2279982658731723,0.06236559139784946,0,0,0.24474702749044397,0.0537917665486833
2,0.08525393070822318,0.3500000000000001,0.11627906976744187,0.07875,0.030639862032502935,0.13224969174206552,0.10322580645161292,0,0,0.009386729139449379,0.06930343651830762
2,0.20471963267009877,0.4,0.10465116279069767,0.0,0.18066063268671556,0.23975429449752556,0.15698924731182798,0,0,0.5811152119181082,0.14229903161319915
1,0.7236065117573396,0.45000000000000007,0.36046511627906974,0.10075,0.6280164654640668,0.7747887236713942,0.5333333333333334,0,1,0.5783955120017323,0.4587299334504513
2,0.07120634478920271,0.6000000000000001,0.05813953488372093,0.054000000000000006,0.058044537317942096,0.07931941152293495,0.19139784946236563,0,0,0.7229987551631953,0.09030453558107537
4,0.04933351885348544,0.75,0.24418604651162792,0.26675,0.018076763302659893,0.07081768584153011,0.26236559139784954,0,0,0.3180574040861288,0.09035594056407018
4,0.25937386948657304,0.30000000000000004,0.20930232558139536,0.32899999999999996,0.178646508641851,0.35214035166740804,0.1709677419354839,0,0,0.0854538194708021,0.14981835175200992
3,0.8699763461806038,0.9000000000000001,0.5465116279069767,0.524,0.8719331814348117,0.9673668860599849,0.3182795698924732,1,2,0.7648802633007825,0.8199482488555037
3,0.4061388618338666,0.6000000000000001,0.5,0.46875,0.358507785848261,0.4881848534156105,0.37634408602150543,1,1,0.45942975044444845,0.31945271866589353
1,0.5154473354668151,0.45000000000000007,0.43023255813953487,0.4145,0.4809161746749078,0.5998446042193333,0.5354838709677421,0,1,0.576042908789608,0.33573546338044025
1,0.6674050368721302,0.6500000000000001,0.3837209302325581,0.34225,0.615831014992636,0.7747887236713942,0.3892473118279571,1,1,0.5450647630088568,0.5224274575303108
0,0.5255711701683594,0.75,0.45348837209302323,0.2865,0.40718035221994237,0.6862863223561604,0.8010752688172045,0,1,0.1331984507888162,0.46061028272740645
1,0.22379852511479056,0.6000000000000001,0.3372093023255814,0.34675,0.20240687823361325,0.2589085135492734,0.7774193548387098,0,1,0.6175696804319435,0.1947023443787699
4,0.3822902462780019,0.8,0.1744186046511628,0.2405,0.36978058636186256,0.3806689900963341,0.21397849462365595,1,1,0.9265434490532127,0.36457521656728953
4,0.20694587449561705,0.75,0.23255813953488372,0.2935,0.17264819547073856,0.2514314991751637,0.3258064516129033,1,0,0.4649394416126238,0.2128927851289019
0,0.7626937526088771,0.6500000000000001,0.4883720930232558,0.69925,0.5784186608592756,0.887394361835697,0.9935483870967743,1,2,0.2286789790943926,0.5905837148321551
0,0.44399053847224146,0.9500000000000002,0.40697674418604646,0.6837500000000001,0.36115132365714575,0.5624088598116108,0.8236559139784948,0,2,0.25939666883977175,0.46629875468399784
4,0.19083344928342835,0.55,0.20930232558139536,0.09875,0.1671282367602815,0.22376429387819452,0.21290322580645163,0,0,0.5801781307100626,0.16274315681981427
1,0.5797078057604007,0.4,0.3255813953488372,0.18825000000000003,0.5690592781882955,0.651023866765009,0.48172043010752696,1,1,0.7198800391587852,0.3522058276288803
1,0.20769723111172952,0.45000000000000007,0.36046511627906974,0.23575,0.1888241292060575,0.28713874703706416,0.6784946236559142,0,0,0.3930043657619351,0.15389596116067952
0,0.7432308334492834,1.0,0.41860465116279066,0.4445,0.6517957174687496,0.887394361835697,0.9645161290322583,0,2,0.4070857154391918,0.7627530224226113
4,0.07884235425073047,0.8,0.16279069767441862,0.1335,0.028355090069109634,0.12132131455821996,0.06451612903225808,0,0,0.052590238779016696,0.119220790459789
4,0.1150243495199666,0.8,0.10465116279069767,0.174,0.06015307342740972,0.16608205572853035,0.2548387096774194,0,1,0.08540128906808397,0.14847593744861667
0,0.2740670655349937,0.55,0.3953488372093023,0.38175000000000003,0.2524830372990597,0.31581940307751216,0.5612903225806453,1,1,0.6261785107181701,0.2171000320199389
4,0.035085571170168334,0.9500000000000002,0.22093023255813954,0.1495,0.019153060839134428,0.041016603701347354,0.3301075268817205,0,0,0.6553203568183592,0.09752771455522574
0,0.44543759565882834,1.0,0.4883720930232558,0.46875,0.40677123327332926,0.5245339534150475,0.9193548387096776,0,2,0.5336581349599794,0.4849272628144662
1,0.5820286628635034,0.55,0.40697674418604646,0.379,0.4304434849381286,0.7747887236713942,0.8215053763440862,0,1,0.037975981585218754,0.41821865291251636
4,0.12037289550577429,0.30000000000000004,0.313953488372093,0.30775,0.09994461158876625,0.1413088153323837,0.06236559139784946,0,0,0.5975170367226819,0.08065528372262079
1,0.4036844302212327,0.45000000000000007,0.3372093023255814,0.356,0.3260363297624593,0.5122768297008631,0.5419354838709679,0,1,0.2607454365375854,0.26969840679168866
0,0.534793376930569,0.6000000000000001,0.45348837209302323,0.701,0.49183020934301797,0.6292346757802163,0.6494623655913979,1,2,0.5314983228130117,0.4074732806590915
3,0.8385084179769027,0.6000000000000001,0.5116279069767442,0.698,0.6376968491546975,1.0,0.7516129032258065,1,2,0.18715174288370773,0.6152636452536931
3,0.7513844441352441,0.8500000000000001,0.46511627906976744,0.7062499999999999,0.7368672818137187,0.8482526420097856,0.4774193548387098,0,2,0.6981973109635307,0.6898462177528927
1,0.4415194100459162,0.6000000000000001,0.3255813953488372,0.42025,0.3145935875325722,0.5990563647521832,0.7774193548387098,0,1,0.013085723144909744,0.3436587539916749
0,0.36302768888270487,0.9500000000000002,0.23255813953488372,0.33025,0.2901912159015093,0.46207160592530866,0.8784946236559141,0,1,0.25948243893724965,0.39328238989900743
4,0.17418672603311533,0.6500000000000001,0.06976744186046513,0.20400000000000001,0.14502322536789236,0.20986875812871952,0.27634408602150545,0,0,0.5034076149381348,0.16964786721244796
1,0.7034812856546542,0.6500000000000001,0.2906976744186046,0.1285,0.6035259759060412,0.7747887236713942,0.6365591397849464,1,1,0.5114069043926002,0.548231374347702
3,0.8889272297203283,0.8,0.5,0.60375,0.7898953914324198,1.0,0.46021505376344096,0,2,0.5201975451138023,0.7742192760032194
4,0.3146625852233198,0.5,0.11627906976744187,0.35525,0.2925703999295057,0.3620946900811324,0.27419354838709686,0,1,0.6285163217349712,0.23035490207956524
4,0.31558090997634614,0.8,0.19767441860465115,0.072,0.26669520009063563,0.3806689900963341,0.33978494623655925,0,1,0.4252661239797013,0.31063702370340884
4,0.22515096702379297,0.6500000000000001,0.23255813953488372,0.1495,0.16761917949621724,0.2927633986633711,0.1817204301075269,0,0,0.24304351523636214,0.20610057722430403
4,0.057782106581327375,0.8500000000000001,0.24418604651162792,0.16875,0.00983144299399541,0.09527563045081669,0.0935483870967742,0,0,0.027158296688005956,0.10746047268353051
4,0.009027410602476693,1.0,0.25581395348837205,0.17500000000000002,0.0,0.026850814420278035,0.23440860215053763,0,1,0.5448409625658359,0.07777902780542263
2,0.1700403506330875,0.3500000000000001,0.05813953488372093,0.043,0.12580092901471568,0.21866888875125978,0.026881720430107527,0,0,0.31528016403647907,0.11412754320528243
2,0.1712480868234312,0.5,0.09302325581395349,0.20600000000000002,0.1500900061682549,0.19938517321562294,0.07849462365591399,0,0,0.6057833810058748,0.14115600633475547
3,0.9866369834423263,0.9000000000000001,0.6744186046511628,0.4565,0.793892168833948,1.0,0.6548387096774195,1,2,0.5289434234652399,0.9215307261602901
0,0.5071991095032696,0.75,0.3837209302325581,0.587,0.47793275343345215,0.5858364628316941,0.9978494623655916,1,2,0.6062473613442825,0.44632679376563134
1,0.45626269653541107,0.5,0.3953488372093023,0.5055,0.3490917559385189,0.5980260231629797,0.4881720430107528,0,1,0.1326139036231726,0.31842531132900054
1,0.5309141505496034,0.6500000000000001,0.313953488372093,0.29975,0.38654816903536043,0.7155525277150627,0.6311827956989249,1,1,0.016563749530572824,0.4248009138663644
1,0.33451509670237933,0.9000000000000001,0.3023255813953488,0.2345,0.31673988846788104,0.3806464689687013,0.7107526881720432,0,1,0.6687160450240965,0.3536943220859692
2,0.028239877556699572,0.6000000000000001,0.10465116279069767,0.026250000000000002,0.0,0.05369036827673965,0.0913978494623656,0,0,0.24193615913283484,0.06090850086107674
1,0.18396549325170444,0.6500000000000001,0.2906976744186046,0.27675,0.1888241292060575,0.20375427197639784,0.5322580645161291,0,1,0.8674923003992931,0.17664223343400867
0,0.3145011826909698,0.5,0.5348837209302325,0.26075000000000004,0.25176550560807665,0.40617979742245697,0.6989247311827959,0,1,0.26464552047844503,0.23025451524408716
1,0.501689160985112,0.5,0.441860465116279,0.0995,0.46628230466143844,0.5851101564655341,0.7634408602150539,0,1,0.5680149817111044,0.34667901309355886
2,0.1536941700292194,0.7000000000000002,0.08139534883720931,0.25025,0.12241468296428706,0.18862570448902377,0.007526881720430107,0,0,0.460519685493209,0.16324111013993578
2,0.13459858077083622,0.75,0.12790697674418605,0.0925,0.11882702450937199,0.1531999707225341,0.1064516129032258,0,0,0.6755067432803157,0.15664586812977596
1,0.21115903715041048,0.7000000000000002,0.4767441860465116,0.0,0.1888241292060575,0.2797630777373023,0.6204301075268818,1,1,0.42711369844740954,0.20613052019419664
3,0.9590037567830805,0.8,0.5,0.17525,0.8212276086053449,1.0,0.6806451612903227,1,2,0.5887597221743632,0.8308800290775662
0,0.4178934186726032,0.9000000000000001,0.37209302325581395,0.5135,0.3316821712257204,0.5359746862525407,0.5494623655913979,1,1,0.2193142220031461,0.4262961584727355
4,0.3496368443022123,0.55,0.11627906976744187,0.11499999999999999,0.2829340752023565,0.3806689900963341,0.23118279569892472,0,0,0.504231534816779,0.2664519311484773
3,0.9954250730485599,0.7000000000000002,0.8488372093023255,0.9510000000000001,0.7546859854731303,1.0,0.30215053763440863,1,2,0.44315117740050924,0.7914743883758968
2,0.02064282732711839,0.45000000000000007,0.09302325581395349,0.0,0.006539609008169772,0.023084155823682118,0.15161290322580648,0,0,0.7041205260997876,0.0433716130260573
3,0.5207012661750382,0.6000000000000001,0.6162790697674418,0.603,0.50592278351943,0.5881110967226129,0.3075268817204302,1,1,0.6961639898504652,0.3978319905151748
0,0.538283010992069,0.75,0.4883720930232558,0.48750000000000004,0.3932136607963343,0.724510306231033,0.6774193548387099,0,1,0.020073044075365143,0.47049319359947384
2,0.028312230416028927,0.75,0.12790697674418605,0.14425,0.014860458968516732,0.031152349798154427,0.1548387096774194,0,0,0.7222563929660224,0.07401279066748591
4,0.12223737303464588,1.0,0.26744186046511625,0.217,0.0824594972242853,0.16072202735190955,0.34946236559139787,0,1,0.30639174858634766,0.18339809438093344
1,0.6340225406984833,0.5,0.45348837209302323,0.355,0.6162149573886881,0.718728006711296,0.6290322580645162,1,1,0.68081798058183,0.4289858333405451
2,0.2568359538054821,0.4,0.10465116279069767,0.16375,0.24265788844270447,0.26806335193203124,0.06344086021505377,0,0,0.8204123628261033,0.1714721383261361
0,0.717083623208571,0.55,0.627906976744186,0.49974999999999997,0.6048414506728435,0.887394361835697,0.6193548387096776,1,2,0.29292254395761663,0.5064181804020667
1,0.34532350076527063,0.55,0.25581395348837205,0.5485,0.2601178262566246,0.45315323938269597,0.34516129032258075,1,1,0.15838543884540868,0.26363504192881193
4,0.16622791150688745,0.6500000000000001,0.20930232558139536,0.2605,0.1311194753206863,0.20619218404265505,0.19032258064516133,0,0,0.4222816965661307,0.16395524131783687
3,0.34719354389870594,0.75,0.5813953488372092,0.673,0.31470688201009583,0.4200471817623909,0.4322580645161291,0,1,0.504245959376006,0.32192933112943845
3,0.9366801168776957,0.8500000000000001,0.5697674418604651,0.6585000000000001,0.8761250771031861,1.0,0.5774193548387099,0,2,0.7088881489164705,0.8454304085571124
2,0.09743147349380826,0.25,0.046511627906976744,0.19275,0.07204899356739136,0.11984618069826758,0.08172043010752689,1,0,0.49964237963450797,0.06273917596254533
4,0.00292750800055655,0.75,0.18604651162790697,0.23224999999999998,0.0,0.023889286136556886,0.09677419354838711,0,0,0.584906767880568,0.05427725805474544
1,0.646456101294003,0.4,0.3372093023255814,0.37925,0.6263862838152545,0.7347912009954338,0.7752688172043012,0,1,0.6695421284443566,0.38956946163232453
4,0.1331682203979407,0.7000000000000002,0.11627906976744187,0.14225,0.11741713767796674,0.15156718896915167,0.2451612903225807,0,0,0.6756922859627859,0.1479213867229756
3,0.5248420759705023,0.8,0.7558139534883721,0.52125,0.42662923752816634,0.6674248779636396,0.33118279569892484,0,1,0.23203031738164315,0.47983626560972026
4,0.024716849867816887,0.8500000000000001,0.22093023255813954,0.09825,0.006898374853661293,0.03101159275044904,0.2053763440860215,1,0,0.5993245922596071,0.07969710868605748
2,0.22542368164741897,0.20000000000000007,0.09302325581395349,0.009250000000000001,0.15818426717355455,0.26806335193203124,0.14946236559139786,0,0,0.2922754298473236,0.11196282225472295
1,0.5542618616947266,0.4,0.36046511627906974,0.295,0.5442918465741009,0.6216844677412998,0.4526881720430108,0,1,0.7247267233697696,0.33796197415904394
2,0.013646862390427145,0.75,0.03488372093023256,0.03924999999999999,0.0,0.023388191046725737,0.1763440860215054,0,0,0.5918430366945142,0.06261109620693535
0,0.26501182690969805,0.8500000000000001,0.45348837209302323,0.573,0.25176550560807665,0.34751225993885515,0.7580645161290324,1,1,0.4812421147580539,0.2814616669407113
3,0.6079810769444831,0.6000000000000001,0.5232558139534883,0.8674999999999999,0.5730623497274638,0.7046354110950337,0.7623655913978495,1,2,0.5895362641721229,0.4575455418725607
4,0.26568526506191736,0.8500000000000001,0.20930232558139536,0.14275,0.17785974143682576,0.3656136162737668,0.22580645161290328,1,1,0.03851016110162897,0.2820271217536542
4,0.2083317100320022,0.9000000000000001,0.19767441860465115,0.4095,0.18309016981583354,0.24489474187972593,0.16451612903225807,1,1,0.5686399515235003,0.24381989217069225
4,0.38877974119938774,0.8500000000000001,0.20930232558139536,0.22249999999999998,0.3753131333476,0.3806689900963341,0.28387096774193554,0,1,0.9534467808849152,0.3853838498351406
3,0.9855071657158758,0.7000000000000002,0.5465116279069767,0.3135,0.8829856871310062,1.0,0.6129032258064517,0,2,0.7239007590000399,0.7840720708246433
3,0.6099067761235564,0.8500000000000001,0.3837209302325581,0.5815,0.5116189780838127,0.7635000084454229,0.38279569892473125,0,2,0.28214324991907525,0.5710539752321446
2,0.13420342284680672,0.7000000000000002,0.06976744186046513,0.05475,0.10587368924583643,0.16398196057676612,0.16129032258064518,0,0,0.485190798227916,0.14869401919465527
2,0.2538305273410324,0.5,0.10465116279069767,0.016,0.22690366192927908,0.26806335193203124,0.16989247311827957,0,0,0.721915474125866,0.1925194499493739
0,0.23261444274384305,0.9000000000000001,0.34883720930232553,0.36975,0.25176550560807665,0.3138882163829943,0.6258064516129033,1,1,0.6314214255245918,0.2649641290143917
4,0.16522053708084042,0.8,0.15116279069767444,0.07275000000000001,0.13779755535694055,0.1981859231691731,0.10215053763440862,1,0,0.52009548726518,0.18906233503240938
3,0.6768776958397106,0.7000000000000002,0.7093023255813953,0.78375,0.5686879240675236,0.8479486067867419,0.4043010752688173,1,2,0.27341215070507063,0.5537237458136095
1,0.5838987059969389,0.5,0.20930232558139536,0.2995,0.5270459094399476,0.6970739424923007,0.7473118279569894,0,1,0.4708298129294328,0.39781052850207266
1,0.301199387783498,0.55,0.25581395348837205,0.495,0.28823373909540656,0.33872902016203954,0.5129032258064518,1,1,0.7117125387550625,0.2348191738855763
2,0.06265757617921244,0.3500000000000001,0.12790697674418605,0.03924999999999999,0.020241946650889353,0.09583865864163821,0.013978494623655916,0,0,0.13892990706318242,0.05735740309641463
4,0.2551106163907054,0.6000000000000001,0.23255813953488372,0.259,0.20241317237125345,0.322254815298602,0.29247311827956995,1,1,0.3206898317421316,0.2161248950697948
4,0.07247530262974813,0.7000000000000002,0.18604651162790697,0.24025000000000002,0.034214932212137616,0.10319180681376719,0.09677419354838711,0,0,0.23707132364040162,0.10262269261724058
0,0.4369389174899123,0.75,0.45348837209302323,0.23525000000000001,0.30966527776029407,0.5941974314653935,0.9000000000000001,1,1,0.006323177141586589,0.3917025088054832
4,0.1820564908863225,1.0,0.11627906976744187,0.06125,0.10750387089464875,0.2593476755381142,0.037634408602150546,0,0,0.008414773440235557,0.23920625167671974
2,0.00321691943787393,0.9000000000000001,0.046511627906976744,0.16975,0.0,0.0017566479553631498,0.037634408602150546,0,0,0.9431219358892815,0.0652157884260902
1,0.19953805482120499,0.6000000000000001,0.23255813953488372,0.594,0.1888241292060575,0.23992320295477193,0.4387096774193549,1,1,0.6351255522645836,0.1781042465362215
1,0.2148323361625156,0.7000000000000002,0.2906976744186046,0.32775,0.1888241292060575,0.265360816616088,0.6268817204301076,0,1,0.49742380503232964,0.20887211928725347
1,0.5602727146236259,0.4,0.3255813953488372,0.5447500000000001,0.4271138861264619,0.7386760955121023,0.6311827956989249,0,1,0.09203745919286366,0.3413266639550683
1,0.5847836371225824,0.4,0.34883720930232553,0.5445,0.4825274739107995,0.7386986166397351,0.7193548387096775,1,1,0.24989448145816517,0.35504712123441196
0,0.675258104911646,0.9000000000000001,0.3837209302325581,0.41725,0.5144387517466233,0.887394361835697,0.7978494623655915,1,1,0.0731201804201016,0.6503969607020156
1,0.7588701822735494,0.6000000000000001,0.1744186046511628,0.55825,0.6003537305353794,0.7747887236713942,0.3193548387096775,0,1,0.5027298912250335,0.560778171055706
2,0.10762209545011828,0.6500000000000001,0.12790697674418605,0.0545,0.09225317539243949,0.12239669840268902,0.04086021505376344,0,0,0.6796600170310907,0.12203681427570032
2,0.26348128565465423,0.25,0.11627906976744187,0.21075,0.1950805020204182,0.26806335193203124,0.07526881720430108,0,0,0.5229541200434047,0.1401971389751889
0,0.2726255739529706,0.6500000000000001,0.6627906976744186,0.804,0.2624655395964199,0.3039676596607192,0.6505376344086022,1,1,0.7415297485393817,0.24005728972852283
3,0.6185835536385139,0.9500000000000002,0.5348837209302325,0.81025,0.5531728747844258,0.7438841062772013,0.5720430107526884,0,2,0.4396611482146189,0.6237555061313856
0,0.8008515374982607,0.6000000000000001,0.3372093023255814,0.4945,0.6190724958773399,0.887394361835697,0.5559139784946238,1,1,0.32752347300853346,0.5895002293319949
4,0.06034228468067343,0.8,0.23255813953488372,0.25325,0.024622666448469888,0.08723558788588545,0.335483870967742,1,1,0.2549883834272806,0.10426245965054998
4,0.12037846111033809,0.8,0.1744186046511628,0.39875,0.09763466307481214,0.1433863893565151,0.19032258064516133,1,1,0.5603446026971148,0.152805033188234
1,0.20596632809238904,0.6500000000000001,0.24418604651162792,0.49775,0.1888241292060575,0.2619094538063521,0.6892473118279572,0,1,0.515048316012847,0.1923785622182029
2,0.11431751774036453,0.9000000000000001,0.05813953488372093,0.02375,0.06593109178111509,0.15948336533210217,0.03225806451612903,1,0,0.17152493655916223,0.1619568509688195
4,0.26983720606650896,0.30000000000000004,0.12790697674418605,0.151,0.18324122911919838,0.3691944755673917,0.12473118279569895,0,0,0.05427878239878714,0.15502462073680476
2,0.08057882287463475,0.8500000000000001,0.10465116279069767,0.19125,0.05958030690215135,0.09689715164038265,0.12903225806451615,0,0,0.5659920652842259,0.12660181907869117
2,0.12376234868512592,0.10000000000000009,0.11627906976744187,0.1895,0.09524289077153539,0.1523779495639347,0.06236559139784946,1,0,0.4731678755103512,0.05306205810320805
1,0.21062473911228605,0.5,0.3372093023255814,0.5845,0.19522526718614286,0.23867328037114816,0.45913978494623664,0,1,0.6856322423755812,0.1656469325763935
0,0.7201947961597328,0.6000000000000001,0.5581395348837209,0.599,0.6744923777993177,0.8409445360929222,0.7086021505376345,1,2,0.5557460337003539,0.5343179320311892
4,0.20277723667733408,0.45000000000000007,0.22093023255813954,0.11075,0.12858923198932515,0.28240931023416344,0.22258064516129036,0,0,0.05136670780503927,0.15098889686983463
4,0.20031167385557255,1.0,0.23255813953488372,0.38475000000000004,0.13417842621382448,0.272426820410898,0.08064516129032259,0,1,0.12438446766139011,0.2562373975578307
0,0.8473855572561568,0.45000000000000007,0.441860465116279,0.594,0.8204911945014413,0.887394361835697,0.5838709677419355,0,2,0.8172467505664274,0.5318669355187663
2,0.05005704744677891,0.7000000000000002,0.011627906976744186,0.0755,0.009516736111985308,0.07992748196902222,0.030107526881720432,1,0,0.13597264409529242,0.08589063027355413
0,0.6643773479894253,0.75,0.41860465116279066,0.40474999999999994,0.5673220961995997,0.8238791516291222,0.7870967741935485,1,1,0.3143919279681522,0.5685261308663557
2,0.2511868651732294,0.5,0.11627906976744187,0.146,0.16894724253829985,0.26806335193203124,0.15698924731182798,0,0,0.359566552371257,0.19087518281654306
1,0.5154473354668151,0.45000000000000007,0.23255813953488372,0.18175,0.46893843074560354,0.6105590306906667,0.4397849462365592,0,1,0.5060153095229363,0.33573546338044025
0,0.37796577153193267,0.8,0.46511627906976744,0.49175,0.30723574063117615,0.4770537860830692,0.838709677419355,0,1,0.28581546263036883,0.3610786392391371
0,0.5482064839293167,0.7000000000000002,0.5,0.48775,0.5178501743476127,0.6330914188873438,0.6010752688172044,1,2,0.6057168741533758,0.4576888527342432
0,0.24120773619034366,0.6500000000000001,0.5581395348837209,0.53025,0.25176550560807665,0.27634549661901575,0.6967741935483872,0,1,0.8287585686814769,0.21758535044525026
1,0.29727563656602196,0.6500000000000001,0.23255813953488372,0.6984999999999999,0.2601996500459472,0.35587322857255466,0.7107526881720432,0,1,0.4902749948601557,0.25768850657274156
2,0.17435369417002924,0.15000000000000002,0.05813953488372093,0.0,0.10468409723183827,0.24627979122914684,0.13870967741935486,0,0,0.04212396369288207,0.08083494154197643
1,0.2759649366912481,0.20000000000000007,0.24418604651162792,0.355,0.23562733669859892,0.33473152000720674,0.6666666666666669,0,0,0.44944499072389177,0.1339672704300191
4,0.05274523445109225,1.0,0.27906976744186046,0.22499999999999998,0.03210010196502977,0.06517051308759031,0.04408602150537634,0,1,0.5519658354568635,0.11856550673716823
3,0.607112842632531,0.7000000000000002,0.4883720930232558,0.6625000000000001,0.5472500912649958,0.725974179527169,0.6903225806451615,1,2,0.4629628539325421,0.5016541327356279
4,0.2622902462780019,0.6500000000000001,0.15116279069767444,0.21125000000000002,0.2178967509661502,0.3229304491275879,0.25698924731182804,1,0,0.4029495690872662,0.23266483778006633
3,0.8691582023097258,0.7000000000000002,0.40697674418604646,1.0,0.6893591309054747,1.0,0.4021505376344087,0,2,0.3002008287240212,0.697233996521077
2,0.08256017809934602,0.3500000000000001,0.11627906976744187,0.0,0.0693173378315437,0.0922014965289312,0.02795698924731183,0,0,0.7200189565759947,0.0678793281005253
4,0.056051203561986895,0.5,0.1744186046511628,0.0685,0.021595186243532766,0.08125622849936098,0.15268817204301077,0,0,0.2691531607848565,0.06950749872352946
2,0.08334492834284124,0.3500000000000001,0.09302325581395349,0.20025,0.04359319729603847,0.11679456790401496,0.037634408602150546,0,0,0.235840008072697,0.06829420266025114
3,0.8958675386113817,0.6500000000000001,0.5465116279069767,0.20350000000000001,0.7692820906607587,1.0,0.7548387096774195,0,1,0.4750908496792232,0.6858376675638019
0,0.2783525810491164,0.6500000000000001,0.3953488372093023,0.20350000000000001,0.25176550560807665,0.34866083744813103,0.9408602150537636,0,1,0.4764878487243487,0.24415359185828148
0,0.44553221093641293,0.8,0.5930232558139534,0.18875,0.414991377031433,0.5173666045458896,0.6774193548387099,0,1,0.5876108512754052,0.41570984742931816
0,0.5696730207318769,0.7000000000000002,0.627906976744186,0.47050000000000003,0.5057969007666261,0.6873054033815473,0.6806451612903227,1,1,0.4299306193840984,0.4737105916765467
0,0.6129789898427717,0.8,0.4883720930232558,0.33425000000000005,0.5025994788454033,0.7777840336465647,0.9795698924731184,1,2,0.22964659482293026,0.551099841631113
3,0.7289160985112008,0.75,0.36046511627906974,0.59475,0.6029532093807828,0.92258925404395,0.6537634408602152,0,2,0.22885691648944317,0.6187022405303195
1,0.5052010574648671,0.4,0.23255813953488372,0.416,0.43376049547451506,0.6213016085715413,0.39139784946236567,0,1,0.3614312024069981,0.31049925142575274
2,0.10406010852928896,1.0,0.15116279069767444,0.12325,0.08842004556955654,0.11861314896036848,0.17204301075268819,1,0,0.6745110750950947,0.1664396424151688
1,0.7092695144010018,0.6000000000000001,0.43023255813953487,0.601,0.6592165057465476,0.7747887236713942,0.7236559139784947,0,2,0.663736691112107,0.5268432667260912
3,0.6779017670794489,0.8,0.5581395348837209,0.78925,0.5049031332217173,0.9070778273868172,0.45591397849462373,0,2,0.02071573403636573,0.6035935025486141
3,0.31846945874495614,0.75,0.6162790697674418,0.684,0.31470688201009583,0.396602687896583,0.4774193548387098,1,1,0.5934193424431469,0.2995975872543335
4,0.1713260052873243,0.6500000000000001,0.25581395348837205,0.26525,0.12885358577021366,0.2185337619854626,0.178494623655914,0,0,0.33781436991982505,0.16760170657620313
0,0.578772784193683,0.9000000000000001,0.5581395348837209,0.33399999999999996,0.5239491937209684,0.6894843224800267,0.5978494623655914,1,2,0.4796630846462917,0.5663821796058953
3,0.4824599972171977,0.8,0.441860465116279,0.32925000000000004,0.3882916451616964,0.6159697316044614,0.5311827956989248,1,1,0.2236997140832011,0.4455680077540177
4,0.34427716710727696,0.9000000000000001,0.18604651162790697,0.01175,0.3293281637482849,0.3806689900963341,0.16774193548387098,0,1,0.7298338771734072,0.3621946639204521
2,0.2705329066369834,0.7000000000000002,0.08139534883720931,0.1765,0.185878472790443,0.26806335193203124,0.011827956989247313,1,0,0.4654221778621235,0.250444730989243
3,0.5862696535411159,0.6500000000000001,0.6511627906976744,0.70975,0.4691146665995292,0.7536976876432202,0.6860215053763442,1,1,0.182770022773185,0.464394520263429
4,0.3823792959510227,0.7000000000000002,0.22093023255813954,0.104,0.2977315927944712,0.3806689900963341,0.0913978494623656,0,1,0.5761880002733564,0.33392226943480485
0,0.284602754974259,0.8500000000000001,0.41860465116279066,0.37374999999999997,0.25176550560807665,0.3886752509698161,0.9559139784946239,0,1,0.3241030287676925,0.29791126149905234
1,0.21254487268679564,0.55,0.3837209302325581,0.34775,0.19596797542768668,0.24189943190455548,0.6731182795698926,0,1,0.6715853665900562,0.17692210500809155
3,0.5431139557534437,0.75,0.6395348837209303,0.4765,0.5341142260098943,0.6082449848263902,0.5516129032258066,0,1,0.7309942066506083,0.47424904589236117
3,0.8129622930290802,0.75,0.5813953488372092,0.6282500000000001,0.777307116152016,0.936670589096396,0.703225806451613,1,2,0.6104273288971436,0.6840445509852623
3,0.5777153193265617,0.9000000000000001,0.5930232558139534,0.5742499999999999,0.42336887423054165,0.7773110899662747,0.5419354838709679,1,2,0.014429994571203864,0.56546139001151
2,0.0108306664811465,0.55,0.06976744186046513,0.05,0.0,0.01517924002454804,0.05913978494623656,0,0,0.7124807537218933,0.04518982631346655
3,0.5822457214414916,0.8,0.5232558139534883,0.07875,0.5648233235564397,0.6599422333076217,0.5881720430107528,0,1,0.6815970510768017,0.5262502920737671
3,0.5874217336858215,0.9500000000000002,0.8255813953488371,0.35700000000000004,0.48423947934893447,0.7424990569277805,0.34301075268817216,0,1,0.24716574379706513,0.5956522115392937
1,0.7674467789063587,0.55,0.3953488372093023,0.39225000000000004,0.6657812913052783,0.7747887236713942,0.44838709677419364,1,1,0.6816932878060997,0.539308542400457
3,0.8718853485459857,0.7000000000000002,0.4767441860465116,0.7330000000000001,0.8138005261899068,1.0,0.3516129032258065,0,2,0.5725075387811407,0.6992694261507707
4,0.14058717128148043,0.9000000000000001,0.313953488372093,0.2315,0.09650801243721596,0.185281317035544,0.1623655913978495,0,1,0.27636729358799084,0.1848312029977586
2,0.05007930986503406,0.6000000000000001,0.10465116279069767,0.17475000000000002,0.018788000856002712,0.07168474925539522,0.15806451612903227,0,0,0.31901962443744813,0.07585021591823665
1,0.6805398636426881,0.45000000000000007,0.27906976744186046,0.70675,0.5111595060360781,0.7747887236713942,0.42365591397849467,1,1,0.25875776107108583,0.43328325530276146
4,0.13329622930290802,0.6500000000000001,0.13953488372093023,0.403,0.06972645677815681,0.19449245823738398,0.0946236559139785,0,0,0.019918721887695945,0.14040050885740743
4,0.06586336440795879,0.6000000000000001,0.06976744186046513,0.1185,0.05049157214969979,0.07525997826711187,0.09677419354838711,0,0,0.6750495540477528,0.0866490701236662
0,0.698227354946431,0.6000000000000001,0.5348837209302325,0.41225,0.5820818489658732,0.8791685199677948,0.9849462365591399,1,2,0.25167128143193085,0.5192886381141122
1,0.30319187421733684,0.55,0.25581395348837205,0.4965,0.24700084341444378,0.3796555393528554,0.4784946236559141,0,1,0.33313134694510205,0.23612039497027335
0,0.8626742729929038,1.0,0.40697674418604646,0.4715,0.8203653117486374,0.887394361835697,0.5483870967741937,0,2,0.8169406830825625,0.8741876022258185
4,0.04057882287463474,0.7000000000000002,0.11627906976744187,0.082,0.028254383866866406,0.04399502283079315,0.24731182795698928,1,0,0.7497348312565626,0.07881647382586345
1,0.5422290246278001,0.6500000000000001,0.25581395348837205,0.33575,0.4786880499502763,0.6560348176633204,0.3612903225806452,0,1,0.42103567855535573,0.4328939966941576
2,0.26248504243773474,0.7000000000000002,0.13953488372093023,0.10775,0.2031999395762787,0.26806335193203124,0.1774193548387097,1,0,0.5737175984386529,0.2444381366126366
0,0.5813997495477946,0.7000000000000002,0.3372093023255814,0.4675,0.48651166303704735,0.7282825951095373,0.6698924731182797,1,2,0.2825219133882939,0.48246293908422977
1,0.4088994016975094,0.8500000000000001,0.3837209302325581,0.0,0.3817016830524051,0.47302813451869535,0.5096774193548388,0,1,0.6039895005469014,0.40227739651934613
0,0.36882704883818007,0.9000000000000001,0.3953488372093023,0.7122499999999999,0.28333690001132944,0.4799477509838917,0.660215053763441,1,1,0.1801899147138446,0.38357152129325944
3,0.3454181160428551,0.75,0.5581395348837209,0.7897500000000001,0.3345460038520122,0.3867722156848394,0.37419354838709684,0,2,0.7285609598336322,0.3205490121416147
2,0.2654236816474189,0.5,0.08139534883720931,0.2295,0.1761036770352094,0.26806335193203124,0.013978494623655916,0,0,0.40430924611962693,0.1997299940287141
1,0.5086962571309308,0.6000000000000001,0.34883720930232553,0.18775,0.38622716801571016,0.6708931316191002,0.30322580645161296,0,1,0.09964504686747899,0.38961861656555863
4,0.21611799081675245,0.55,0.24418604651162792,0.20125,0.14654011253918103,0.2933433176999172,0.23440860215053763,0,0,0.1168112890875046,0.17925557969070469
3,0.3852734103241964,0.7000000000000002,0.6395348837209303,0.542,0.31470688201009583,0.5128680093012257,0.4161290322580646,0,1,0.2154382106121835,0.3360823172050921
4,0.3268067343815222,0.55,0.20930232558139536,0.194,0.2846146099522905,0.3806689900963341,0.2849462365591398,0,1,0.5124035366359652,0.2515424091109707
3,0.5954306386531237,0.9500000000000002,0.4767441860465116,0.48625,0.5563262377421669,0.6942193895648356,0.2720430107526883,1,1,0.5655885423460021,0.6028750443519425
2,0.2299540837623487,0.3500000000000001,0.11627906976744187,0.14475,0.2198668160475334,0.25574429511685653,0.046236559139784944,0,0,0.7476678298879238,0.1458021860098829
3,0.9834868512592181,0.75,0.5348837209302325,0.64125,0.7503807953272323,1.0,0.6376344086021506,0,2,0.4337304202471497,0.8166200790979032
0,0.4467733407541393,0.6000000000000001,0.3837209302325581,0.9107500000000001,0.4210148667531061,0.5144951607727,0.8688172043010753,1,2,0.6200673828941279,0.34725329502479374
3,0.5229887296507583,0.7000000000000002,0.441860465116279,0.4965,0.47790128274525107,0.6178052035065396,0.2666666666666667,1,1,0.5163223712509699,0.43886735956660583
1,0.6238486155558647,0.45000000000000007,0.441860465116279,0.54125,0.5685368647641587,0.7407874512276829,0.613978494623656,0,1,0.4902055463222712,0.399786245272732
0,0.23663837484346736,0.6500000000000001,0.3372093023255814,0.5135,0.25176550560807665,0.31352224805896034,0.860215053763441,1,1,0.6331823877114104,0.21431706662743505
1,0.49695839710588563,0.4,0.43023255813953487,0.332,0.3984252067624215,0.6362274859102195,0.7161290322580647,1,1,0.21108103467508554,0.30588526477027855
2,0.17253930708223178,0.6000000000000001,0.10465116279069767,0.10075,0.14821435315147474,0.20368107831159105,0.05591397849462365,1,0,0.5645441119025223,0.15963272264675085
0,0.5779713371364964,0.8500000000000001,0.3255813953488372,0.33025,0.5581641259331058,0.6572453282735866,0.9860215053763444,0,2,0.6681041052776246,0.5442392668299396
3,0.5309586753861137,0.6500000000000001,0.5813953488372092,0.7994999999999999,0.5146464582887498,0.6010607451115078,0.5784946236559141,0,2,0.6869038712882454,0.42483276072451603
3,0.669425351328788,0.8,0.5697674418604651,0.70275,0.5052618990672089,0.8896070626256256,0.4118279569892474,1,2,0.047464734904884454,0.5967398509774735
0,0.34691526367051617,0.6000000000000001,0.45348837209302323,0.43325,0.27482093178413625,0.4432270523785126,0.9451612903225808,0,1,0.25065854839275836,0.27893416873642396
1,0.5839098372060665,0.3500000000000001,0.18604651162790697,0.7455,0.5286949735016806,0.6956213297599811,0.6559139784946237,1,1,0.479230484574263,0.33292826668282083
2,0.1369695283150132,0.55,0.09302325581395349,0.06875,0.11048729213610445,0.16545709443671847,0.09892473118279571,0,0,0.5142248651602186,0.12756657118378578
0,0.500598302490608,0.6000000000000001,0.3953488372093023,0.59275,0.3942333110940471,0.6473529229608528,0.706451612903226,1,1,0.17334585359760313,0.3840783017316729
1,0.6765493251704466,0.75,0.22093023255813954,0.05675,0.6684185349765228,0.7580780469678117,0.5913978494623656,1,1,0.7299712216249195,0.5779893209176742
4,0.16749686934743283,1.0,0.1744186046511628,0.256,0.1265310489809791,0.21286969838579822,0.31182795698924737,0,1,0.35137038693930256,0.22562287435202896
1,0.17911228607207455,0.5,0.3953488372093023,0.25425,0.1888241292060575,0.24009211141201847,0.49247311827956997,1,1,0.634148096455762,0.14604726835305012
1,0.3615138444413525,0.3500000000000001,0.36046511627906974,0.32849999999999996,0.28920933042963787,0.4598983171087377,0.7376344086021506,0,1,0.2618189399829305,0.21535399340562342
1,0.6887157367469041,0.6000000000000001,0.313953488372093,0.7775,0.6439658102443384,0.7747887236713942,0.78494623655914,0,2,0.6220216059831098,0.5127811480446203
1,0.5550855711701683,0.3500000000000001,0.2906976744186046,0.66025,0.4374803308198743,0.7189025454504507,0.5408602150537636,1,1,0.15914409777235639,0.3176897181379974
4,0.2363155697787672,0.45000000000000007,0.22093023255813954,0.17675,0.2136733846095747,0.2741553169567201,0.1064516129032258,0,0,0.6068835152049787,0.1708056043547117
4,0.021104772505913444,0.6000000000000001,0.12790697674418605,0.55025,0.003902365336925173,0.026377870739987985,0.04731182795698925,1,0,0.6142159050077056,0.05602693136482827
3,0.9928704605537775,0.75,0.25581395348837205,0.38150000000000006,0.8336900011329449,1.0,0.5967741935483871,0,2,0.6160303349867198,0.8239154327451473
2,0.05093641296785861,0.15000000000000002,0.08139534883720931,0.08800000000000001,0.008667027530558036,0.08246673910962724,0.007526881720430107,1,0,0.10620805053125437,0.03094008809810217
1,0.7282482259635452,0.6500000000000001,0.3837209302325581,0.4625,0.6416684500056649,0.7747887236713942,0.7688172043010754,0,1,0.6157376579550113,0.5659461891945688
0,0.453730346458884,0.8500000000000001,0.34883720930232553,0.2425,0.3505142310452045,0.5916356531971556,0.5688172043010754,0,1,0.1518898168367444,0.43991986361236834
4,0.11306525671351048,0.75,0.18604651162790697,0.34175,0.07634788957564925,0.14763725219721752,0.30860215053763446,0,1,0.3369514524098576,0.1399046325062958
3,0.5515903715041045,0.7000000000000002,0.5930232558139534,0.609,0.4369705056710181,0.7122869642082978,0.3698924731182796,0,1,0.17061001260819353,0.46021444705027126
0,0.48117434256296077,0.6500000000000001,0.5,0.53,0.4002064477145986,0.6027047874287066,0.9483870967741937,1,1,0.295064673946716,0.3892239924536792
4,0.16358981494364824,0.9500000000000002,0.26744186046511625,0.11075,0.10238673699316458,0.22656254398657744,0.24408602150537637,0,0,0.11139118598055742,0.2134192967729094
1,0.4910755530819535,0.55,0.18604651162790697,0.42924999999999996,0.372568889336472,0.6474598983171087,0.435483870967742,1,1,0.10410362840473564,0.3588204546831325
3,0.618939752330597,0.6500000000000001,0.6046511627906976,0.42999999999999994,0.6132630068354334,0.6908524809837229,0.4774193548387098,0,1,0.7457754264991208,0.4877621524322173
3,0.7805871712814804,0.7000000000000002,0.5930232558139534,0.94275,0.7805800677249211,0.8682401427839492,0.37526881720430116,1,2,0.7626650726222233,0.6311282268742483
2,0.23792959510226794,0.55,0.08139534883720931,0.0,0.21665051171339017,0.26806335193203124,0.13763440860215054,0,0,0.6578118258267505,0.19349995240279352
2,0.2578655906497843,0.8500000000000001,0.05813953488372093,0.19224999999999998,0.2422865343219326,0.26806335193203124,0.03225806451612903,1,1,0.8180906223413598,0.2754613034711345
4,0.04684012800890494,0.45000000000000007,0.27906976744186046,0.23074999999999998,0.002064477145986232,0.08009076014436045,0.13978494623655915,0,0,0.0456130353024804,0.058850743814526665
3,0.6360873799916515,0.8500000000000001,0.686046511627907,0.56325,0.4752010976976045,0.8490465117588439,0.49784946236559147,0,2,0.03519363037567791,0.593036615232837
1,0.3242131626547934,0.5,0.19767441860465115,0.28575,0.2911101599969788,0.3827184127109245,0.37096774193548393,0,1,0.5358217040008169,0.2362950334478551
3,0.6819034367608181,0.7000000000000002,0.6744186046511628,0.3835,0.5271717921927517,0.8952486050976571,0.7397849462365592,1,2,0.09186796032605549,0.5574747518454736
0,0.48524279949909555,0.75,0.25581395348837205,0.40449999999999997,0.4407343999798588,0.5746828743715198,0.6978494623655915,0,1,0.5087094694045657,0.4292567047155852
2,0.23185195491860303,0.75,0.09302325581395349,0.1935,0.2000717531690983,0.26806335193203124,0.11290322580645162,0,1,0.5541598862197084,0.2322561941273701
2,0.23883678864616667,0.20000000000000007,0.12790697674418605,0.0,0.22276211936202617,0.26806335193203124,0.15698924731182798,1,0,0.6960221649909253,0.1178025667875347
1,0.658227354946431,0.6500000000000001,0.26744186046511625,0.38075,0.5880864562746257,0.7747887236713942,0.335483870967742,1,1,0.4691753303845816,0.5158630238937977
4,0.2338667037706971,0.5,0.10465116279069767,0.0,0.1823034026108083,0.29726762418994324,0.1053763440860215,0,0,0.31014386180441966,0.1801026368852388
1,0.7502601920133574,0.6000000000000001,0.3953488372093023,0.6365,0.5855562129432645,0.7747887236713942,0.4698924731182797,0,2,0.46225437940568925,0.5548875407821519
4,0.3770752748017253,0.7000000000000002,0.23255813953488372,0.1115,0.2972217676456149,0.3806689900963341,0.12795698924731186,1,1,0.5737088536540529,0.32996356650195147
0,0.8529066369834423,0.6500000000000001,0.27906976744186046,0.049,0.8187980714762271,0.887394361835697,0.78494623655914,1,1,0.8131301429084459,0.6551094303047088
1,0.19860859885905105,0.4,0.27906976744186046,0.28075,0.1888241292060575,0.2781134051381953,0.5548387096774194,0,0,0.43491309307935055,0.1388782636539077
4,0.006873521636287738,1.0,0.12790697674418605,0.1485,0.0,0.009346267967637156,0.21182795698924733,0,1,0.8070910333483636,0.07576956028835254
3,0.5138945317935161,0.6500000000000001,0.8023255813953488,0.5355,0.49187426830649933,0.5869062163942549,0.30645161290322587,1,1,0.6512948072479088,0.41262745233788833
3,0.2908417976902741,0.6000000000000001,0.5465116279069767,0.615,0.31470688201009583,0.3245294491895209,0.49139784946236564,1,1,0.9256700386438077,0.24057082031621854
3,0.6377459301516627,0.9000000000000001,0.5465116279069767,0.5257499999999999,0.6299739422701696,0.7139535276531297,0.324731182795699,0,2,0.7334813750490625,0.6177331614064543
3,0.7565437595658827,0.75,0.7906976744186046,0.86125,0.5912398192323669,0.9889590171779901,0.5225806451612904,1,2,0.10103162449000447,0.6401815617076148
4,0.25101989703631555,0.8500000000000001,0.26744186046511625,0.39725000000000005,0.1974848625989753,0.31838118134575,0.26451612903225813,0,1,0.3090930999189465,0.2697132917362596
1,0.48485877278419365,0.3500000000000001,0.3023255813953488,0.44325000000000003,0.38923576580772673,0.6199728620412024,0.4956989247311828,1,1,0.2176560992079788,0.2805628586016806
0,0.35709475441769856,0.75,0.36046511627906974,0.5912499999999999,0.3436976799808658,0.4022104486771653,0.8107526881720432,0,2,0.7065955705315117,0.3296270975223491
0,0.5370418811743425,0.45000000000000007,0.3953488372093023,0.40474999999999994,0.40575787711325667,0.7107780486568962,0.9870967741935486,0,1,0.08168689018662545,0.3484949763312073
4,0.14511200779184638,0.6000000000000001,0.08139534883720931,0.13974999999999999,0.08381273681692875,0.20579243402717173,0.335483870967742,0,0,0.07331153231369192,0.14086799996538385
0,0.7857798803395019,0.6500000000000001,0.5116279069767442,0.50075,0.6835181711753673,0.887394361835697,0.6569892473118281,0,2,0.4842147213731247,0.6070963107837963
1,0.46694309169333514,0.6000000000000001,0.26744186046511625,0.46399999999999997,0.4577726305718854,0.5224113371356505,0.6408602150537636,1,1,0.7340587577821809,0.36105267712651334
1,0.746347572005009,0.5,0.3023255813953488,0.39175000000000004,0.6907564294615995,0.7747887236713942,0.7000000000000002,0,1,0.7500075502047212,0.49884814760326435
2,0.13179908167524695,0.55,0.023255813953488372,0.16225,0.11581213257971526,0.1502328121569047,0.189247311827957,0,0,0.671807384166969,0.12418993881595458
2,0.1146236259913733,0.4,0.11627906976744187,0.06975,0.09664018932766025,0.13262692062991593,0.10752688172043012,0,0,0.6358917539793969,0.09186607011501216
2,0.08716293307360512,0.3500000000000001,0.1744186046511628,0.10149999999999999,0.0726280542302899,0.09854682423948971,0.043010752688172046,1,0,0.6940811593712184,0.0703126703763641
4,0.3687268679560317,0.55,0.16279069767441862,0.04,0.25934994146451995,0.3806689900963341,0.3408602150537635,0,0,0.3895480486126972,0.27891893763035147
3,0.8018143870877974,0.6500000000000001,0.5116279069767442,0.5085,0.765398607736754,0.9247625428605208,0.6000000000000001,0,2,0.606234390340268,0.6185651605756667
1,0.2247836371225824,0.45000000000000007,0.3953488372093023,0.33924999999999994,0.19224814008232732,0.2699832780627326,0.4344086021505377,1,1,0.4956037082218341,0.16399176135626073
4,0.07479059412828717,0.6000000000000001,0.24418604651162792,0.13325,0.039609008169790655,0.1030510497660618,0.0913978494623656,0,0,0.296142363053437,0.092756743658754
3,0.2878586336440796,0.75,0.7674418604651162,0.5855,0.31470688201009583,0.35740466525158915,0.6548387096774195,1,1,0.7618309663688911,0.2757989840159927
3,0.6890886322526785,0.7000000000000002,0.6627906976744186,0.6719999999999999,0.5416294263522954,0.8968588657234067,0.7204301075268817,0,2,0.12421426947879777,0.5628374858290136
3,0.5713816613329623,0.8500000000000001,0.6976744186046512,0.28225,0.48141341154848377,0.7125684783037087,0.38817204301075275,1,1,0.3006381774980105,0.5387062213875885
0,0.6959231946570196,0.6000000000000001,0.5465116279069767,0.63925,0.6805599264844724,0.7864096255299504,0.6376344086021506,1,2,0.6940240208443542,0.5177122186356046
0,0.642315291498539,0.75,0.5,0.44475,0.5115119777439292,0.8291716166228442,0.9021505376344088,1,2,0.1604634860089882,0.5513738284596679
2,0.10987616529845554,0.6000000000000001,0.06976744186046513,0.08750000000000001,0.08595903775223757,0.13258187837465024,0.15591397849462368,1,0,0.534500464971911,0.11676096682907411
4,0.12144149158202308,0.3500000000000001,0.22093023255813954,0.18974999999999997,0.10213497148755649,0.1415171357629877,0.24301075268817204,1,0,0.6160675990408457,0.08843474422992047
1,0.274111590371504,0.30000000000000004,0.3255813953488372,0.43525,0.24515036694822445,0.3224687660111142,0.6225806451612904,1,1,0.554615439387802,0.1571514370029337
1,0.4669319604842075,0.55,0.27906976744186046,0.19574999999999998,0.453272322159141,0.5264200978542994,0.670967741935484,0,1,0.7034374150904885,0.3430531444445406
1,0.40888270488381795,0.55,0.4883720930232558,0.3295,0.330360402321278,0.518920562352557,0.3698924731182796,0,1,0.259295694611817,0.3051432675914948
0,0.4086934743286489,0.55,0.41860465116279066,0.37875,0.38472916325734213,0.469903328059636,0.7731182795698925,1,1,0.6274536324035467,0.30501968793540624
2,0.03859190204535967,0.9500000000000002,0.12790697674418605,0.08524999999999999,0.007181611047470393,0.05882518537703185,0.013978494623655916,0,0,0.2897234774352453,0.10068989987278565
4,0.20395157924029497,0.45000000000000007,0.12790697674418605,0.28600000000000003,0.16616523370133057,0.25117250620738585,0.26559139784946245,0,0,0.42393039066133165,0.15168277759988924
1,0.6556671768470849,0.5,0.25581395348837205,0.76575,0.6104495273102633,0.7676833079032268,0.7215053763440861,1,1,0.546357205784932,0.4424480541396588
0,0.6518770001391401,0.6000000000000001,0.43023255813953487,0.073,0.49886705522476366,0.8598285016130758,0.841935483870968,0,1,0.07773160556698167,0.48757747527108775
4,0.18888548768609983,0.7000000000000002,0.15116279069767444,0.23650000000000002,0.14828358866551694,0.23668016057564006,0.11397849462365592,0,1,0.3786769046086096,0.1895064602390245
3,0.762699318213441,0.8500000000000001,0.41860465116279066,0.6719999999999999,0.7613451830964639,0.8492435716256312,0.4043010752688173,0,2,0.7578232715141453,0.6993467932463892
2,0.15356616112425212,0.6000000000000001,0.05813953488372093,0.14975,0.10224826596508013,0.20641176503707542,0.18602150537634413,1,0,0.20704513934324353,0.14665201249643023
2,0.07062195631000417,0.75,0.11627906976744187,0.0,0.02606402396807614,0.10673888441594273,0.178494623655914,1,0,0.12457642945827185,0.10690678736164358
2,0.2379407263113956,0.55,0.13953488372093023,0.1445,0.21164667228942963,0.26806335193203124,0.0913978494623656,0,0,0.626527356583167,0.19350722179432817
3,0.8601753165437594,0.75,0.6744186046511628,0.431,0.7013368748347788,1.0,0.5473118279569894,1,2,0.3264109177047856,0.7207506512163251
1,0.1904995130096007,0.5,0.36046511627906974,0.58125,0.1888241292060575,0.21233482160451778,0.4935483870967743,0,1,0.8078724049374622,0.15312973267678037
0,0.2692027271462363,0.55,0.5,0.6445,0.25176550560807665,0.37324264825939835,0.7236559139784947,0,1,0.37998075029221945,0.21392330791930977
2,0.04164185334631973,0.6500000000000001,0.09302325581395349,0.11725,0.020437064917735615,0.05313297036782633,0.046236559139784944,0,0,0.5283388431447624,0.07484375135219337
1,0.2144817030749965,0.7000000000000002,0.3372093023255814,0.34450000000000003,0.1888241292060575,0.2650229997015951,0.6483870967741937,1,1,0.49913514547984783,0.2086104211920071
3,0.475775706136079,0.7000000000000002,0.6744186046511628,0.7345,0.39525925552939994,0.5962074421066264,0.7655913978494625,0,1,0.29418861096950333,0.40362950334478553
0,0.7313927925420899,0.75,0.27906976744186046,0.514,0.6329133045481439,0.887394361835697,0.8978494623655915,1,2,0.36117559285946976,0.6206277638832398
0,0.62283010992069,0.75,0.34883720930232553,0.27775,0.5664660934805323,0.7405847610789873,0.9806451612903229,1,1,0.4847795021283694,0.5362249357437713
3,0.28490886322526787,0.8,0.46511627906976744,0.44875,0.31470688201009583,0.33796330182252227,0.7107526881720432,1,1,0.8559151694124563,0.28583697524079854
3,0.9405036872130235,0.6500000000000001,0.7674418604651162,0.4325,0.8264832135349136,1.0,0.28709677419354845,1,2,0.6002602078805841,0.7177641428608519
0,0.6577542785585083,0.9500000000000002,0.25581395348837205,0.51775,0.5724581125140045,0.8058847706504666,0.9182795698924733,0,2,0.3626908520316303,0.6590816335361263
3,0.4619952692361208,0.8,0.441860465116279,0.41474999999999995,0.35772101864323574,0.6019109176796482,0.7548387096774195,1,1,0.15319694147695806,0.4290211418137133
0,0.8670766662028663,0.6500000000000001,0.5465116279069767,0.24325,0.8372021299361776,0.887394361835697,0.7989247311827958,1,2,0.8578772090494813,0.6652446929114779
0,0.6613719215249755,0.6500000000000001,0.5930232558139534,0.39275,0.6581402082100731,0.7365647397965216,0.9462365591397851,1,2,0.7558199470651543,0.5181122082507594
2,0.15952692361207735,0.30000000000000004,0.023255813953488372,0.013500000000000002,0.10297209179370337,0.21782434646502752,0.005376344086021504,1,0,0.15611864409892284,0.10013725303540366
0,0.6409739807986642,0.75,0.3837209302325581,0.26475,0.6275821699668929,0.722629792073689,0.5537634408602152,1,1,0.7038700955220831,0.5503310169359515
4,0.3547182412689578,0.45000000000000007,0.27906976744186046,0.311,0.34672516018580296,0.3806689900963341,0.10430107526881721,0,1,0.8144309297135945,0.2407658823223975
3,0.6339056630026436,0.9500000000000002,0.5930232558139534,0.5415,0.49422198164629466,0.827623289098085,0.6612903225806452,0,1,0.1184598079834216,0.6375737540349451
3,0.6501015722832891,0.8,0.6046511627906976,0.5377500000000001,0.5677941565226148,0.7945791645787705,0.6763440860215055,1,2,0.3728823638662364,0.5811155054390625
4,0.21224433004035062,0.7000000000000002,0.22093023255813954,0.17525,0.19057389947003361,0.2461165130538086,0.07956989247311828,0,0,0.6114504887585259,0.2069405381080543
3,0.7069931821344092,0.8500000000000001,0.3023255813953488,0.6545,0.6849532345573333,0.8048769501888959,0.7698924731182797,1,2,0.6624513998235997,0.6525729319013787
4,0.07251426186169471,0.55,0.13953488372093023,0.32075,0.04257984113596594,0.09578798610446426,0.03870967741935484,0,0,0.3874123575262949,0.08547315950256591
1,0.7523083344928342,0.6500000000000001,0.3255813953488372,0.56625,0.6769722680295573,0.7747887236713942,0.603225806451613,0,2,0.7123038620361271,0.5831554351682778
0,0.6823932099624321,0.8500000000000001,0.5697674418604651,0.6074999999999999,0.5215322448671307,0.887394361835697,0.6569892473118281,1,2,0.09036708313588337,0.6319174750980071
4,0.3047391122860721,0.3500000000000001,0.20930232558139536,0.24525000000000002,0.26994926925061996,0.3622523379745624,0.0924731182795699,0,0,0.513685043227061,0.1853388488399263
0,0.4109920690134965,0.9000000000000001,0.3837209302325581,0.418,0.367797933005199,0.4896993992489204,0.9935483870967743,1,1,0.4918266629343051,0.4202867948041159
3,0.7573118129956866,0.6500000000000001,0.7558139534883721,0.787,0.685563765908433,0.9061375703081453,0.6182795698924732,1,2,0.4533627166504415,0.5867342258530718
2,0.1824961736468624,0.7000000000000002,0.09302325581395349,0.08399999999999999,0.15484208008660733,0.21788627956601792,0.08387096774193549,0,0,0.5274302075452544,0.1847377393923135
4,0.2742896897175455,0.6000000000000001,0.18604651162790697,0.282,0.23993882098213726,0.3274853471913339,0.14516129032258066,0,1,0.5037552984622535,0.22924649295128643
1,0.49563934882426597,0.8500000000000001,0.5465116279069767,0.40800000000000003,0.42774329989048204,0.6073441397210757,0.6559139784946237,1,1,0.37633040237497983,0.47510891106245623
2,0.03885905106442186,0.7000000000000002,0.11627906976744187,0.0065,0.021941363813743897,0.04616268136545598,0.14623655913978495,0,0,0.6312975940515229,0.07753290697775048
3,0.9151022679838596,0.75,0.5116279069767442,0.58575,0.7782008836969248,1.0,0.513978494623656,1,2,0.4946072427878645,0.7634539994634497
0,0.42982607485738134,0.6500000000000001,0.3255813953488372,0.6255,0.3186155414846612,0.5718058003164219,0.9677419354838712,0,1,0.08573571228394328,0.3524966032902651
1,0.3621928481981356,0.6500000000000001,0.313953488372093,0.32599999999999996,0.2935271088508164,0.4574041022233983,0.3516129032258065,1,1,0.2875158237100628,0.30412122575787737
0,0.8068289967997774,0.45000000000000007,0.6511627906976744,0.5347500000000001,0.7368043404373166,0.887394361835697,0.6591397849462367,0,2,0.6137730872930998,0.50790338632489
2,0.11658828440239319,0.45000000000000007,0.16279069767441862,0.12025,0.10323015143695163,0.13071262478112283,0.019354838709677417,1,0,0.7149345784980745,0.10006265523179839
0,0.3249255600389592,0.8,0.6395348837209303,0.62425,0.25176550560807665,0.42723705175918164,0.8870967741935485,0,1,0.19810550037437458,0.31819269079989276
4,0.3165326283567552,0.6500000000000001,0.25581395348837205,0.184,0.24765543372902482,0.3806689900963341,0.33118279569892484,1,1,0.3326807101106466,0.2714622727233391
0,0.25675246973702515,0.8,0.40697674418604646,0.2885,0.25176550560807665,0.35531020038173317,0.5548387096774194,1,1,0.44941024613175307,0.26307097176187555
2,0.06923612077361901,0.4,0.13953488372093023,0.0,0.03820541547602563,0.09306855994279636,0.10107526881720431,0,0,0.36144338361982964,0.06645954670151358
3,0.6525727007096145,0.8,0.4767441860465116,0.5885,0.650404713050265,0.7256814048679416,0.746236559139785,0,2,0.7620578206906641,0.5831135496265784
1,0.7415834144983998,0.55,0.20930232558139536,0.382,0.6900451919082566,0.7747887236713942,0.7344086021505377,0,1,0.7480621087604054,0.5224181111697663
0,0.7908724085153749,0.6500000000000001,0.4767441860465116,0.6769999999999999,0.7042195898739914,0.887394361835697,0.9118279569892475,0,2,0.5345475190946927,0.6107387951848936
3,0.49347989425351324,0.75,0.7325581395348837,0.4985,0.3599994964689888,0.6635625045746041,0.5021505376344086,0,1,0.03249909415549346,0.4356606924960841
4,0.2839738416585501,0.6000000000000001,0.23255813953488372,0.0,0.2580155842847971,0.33091418887343693,0.08817204301075268,0,0,0.5863156882022136,0.2358720240928405
3,0.41756504800333927,0.8,0.5581395348837209,0.2765,0.3883231158498975,0.48464340609534323,0.6763440860215055,0,1,0.5909981311138293,0.39309684733412376
0,0.8188673994712674,0.9000000000000001,0.5930232558139534,0.77725,0.6872065358325257,0.887394361835697,0.5494623655913979,0,2,0.4931824986503637,0.775445033880557
4,0.302724363433978,0.6000000000000001,0.23255813953488372,0.297,0.27285716084039324,0.35557482363141923,0.29462365591397854,1,1,0.5562551227311856,0.24870042318243576
1,0.47352720189230546,0.6500000000000001,0.24418604651162792,0.74875,0.37639572502171476,0.6085264989218011,0.37956989247311834,1,1,0.20109700648354156,0.38375429456612986
0,0.3588646166689856,0.6500000000000001,0.3837209302325581,0.21100000000000002,0.3275783934843088,0.42021045993772915,0.8322580645161293,1,1,0.5617119262715085,0.3017406731110399
4,0.3020064004452483,0.9000000000000001,0.3023255813953488,0.0,0.22781631188710838,0.3806689900963341,0.12795698924731186,1,0,0.23620823919651146,0.3253873114501571
2,0.038118825657437044,0.15000000000000002,0.08139534883720931,0.08024999999999999,0.022042070015987125,0.04457494186733932,0.05913978494623656,0,0,0.6524324766277905,0.025758223499173546
1,0.5208125782663141,0.45000000000000007,0.12790697674418605,0.20125,0.37654049018743946,0.7040723829042121,0.3784946236559141,0,1,0.007606136572192224,0.33890561041253797
0,0.8813802699318213,0.6500000000000001,0.41860465116279066,0.25225000000000003,0.8747151902717809,0.887394361835697,0.6064516129032259,1,2,0.9490853192411957,0.6754754960927022
4,0.04999026019201336,0.5,0.11627906976744187,0.18075000000000002,0.021916187263183062,0.06870633012594943,0.34946236559139787,0,0,0.3861651676683753,0.06573779997057627
3,0.91209684151941,0.7000000000000002,0.686046511627907,0.63125,0.7208235249688442,1.0,0.2881720430107527,1,2,0.36905223955683364,0.7292816283437038
3,0.9937275636566021,0.8,0.6627906976744186,0.5785,0.8067447978952405,1.0,0.7440860215053764,0,2,0.5570679645575793,0.8589561499917787
3,0.8885487686099902,0.9500000000000002,0.5813953488372092,0.68525,0.7398507030551744,1.0,0.4075268817204302,1,2,0.41068812972438584,0.8672236982164029
0,0.7763350493947405,0.8,0.5813953488372092,0.20074999999999998,0.6098767607850049,0.887394361835697,0.5204301075268818,0,2,0.3051652433122092,0.6831822626846557
4,0.033755391679421154,0.5,0.3837209302325581,0.2645,0.0013406513173629953,0.05426465703137756,0.33118279569892484,1,0,0.25476010779257496,0.05564026896748678
0,0.7388451370530122,0.7000000000000002,0.3837209302325581,0.366,0.7297171414544492,0.8292842222610086,0.5354838709677421,0,2,0.7230778563563909,0.5999736917258748
4,0.31374982607485735,0.7000000000000002,0.26744186046511625,0.2315,0.2649391356890192,0.3806689900963341,0.2290322580645162,1,1,0.41672684117987746,0.28270005971285905
4,0.2385362459997217,0.8,0.27906976744186046,0.20675,0.18074875061367845,0.30809465629944094,0.24946236559139787,1,1,0.2565837164187792,0.2483421460282295
1,0.39965493251704465,0.6500000000000001,0.25581395348837205,0.392,0.3055237351930412,0.5224676399547326,0.8365591397849464,0,1,0.15539508393337798,0.33091637603523927
2,0.005560038959231933,0.4,0.12790697674418605,0.07974999999999999,0.0,0.024694416449431655,0.12688172043010756,0,0,0.5738585437962251,0.030815643038259496
0,0.43774593015166274,1.0,0.4767441860465116,0.4055,0.38052467931368733,0.5324444994960897,0.6849462365591399,1,1,0.41121010517190015,0.47775133488529087
0,0.8194350911367746,0.8,0.45348837209302323,0.53375,0.7171666309998868,0.887394361835697,0.6967741935483872,1,2,0.5660265598101895,0.7180310333786227
2,0.053969667455127296,0.45000000000000007,0.13953488372093023,0.20074999999999998,0.03836906305467086,0.06203444606471448,0.18709677419354842,0,0,0.6680336043112265,0.06306335620883922
1,0.31564769723111175,0.6500000000000001,0.3023255813953488,0.1335,0.3051146162464281,0.35286665803356776,0.7795698924731184,0,1,0.7337562322599702,0.2708293164175747
3,0.3406873521636288,0.8,0.6395348837209303,0.07225,0.31470688201009583,0.45617107048549915,0.7387096774193549,0,1,0.380902907485825,0.3309369726445873
2,0.0726478363712258,0.5,0.05813953488372093,0.12125,0.05279522652601368,0.0869259223809336,0.013978494623655916,0,0,0.5834554572964665,0.07983003470269052
2,0.010808404062891325,0.4,0.06976744186046513,0.016999999999999998,0.0,0.03086520542083543,0.16881720430107527,0,0,0.4929455590785625,0.03375351570275112
4,0.08503130652567134,0.5,0.27906976744186046,0.16075,0.07106710809551986,0.09563033821103425,0.14408602150537636,0,0,0.7053822132014569,0.08753212811437175
0,0.722259635452901,0.9500000000000002,0.45348837209302323,0.3375,0.5526819320484899,0.887394361835697,0.5322580645161291,1,1,0.16610348201823122,0.7172558046956808
0,0.8135745095310977,0.75,0.5232558139534883,0.4095,0.7401213509737032,0.887394361835697,0.706451612903226,1,2,0.621837965492938,0.6845205230500291
1,0.46965354111590374,0.5,0.3255813953488372,0.47375,0.4037689296189529,0.5762086807686462,0.7236559139784947,0,1,0.3746778630936878,0.3267539570586657
4,0.341360790315848,0.25,0.18604651162790697,0.0,0.31378793791462634,0.3806689900963341,0.2989247311827958,0,0,0.654265815407227,0.17652592316945473
0,0.5720773619034367,0.55,0.441860465116279,0.325,0.4180692103374917,0.7706504664688563,0.8903225806451615,1,1,0.010995174169595279,0.4117198168805657
0,0.6307443996104076,0.6500000000000001,0.5465116279069767,0.61825,0.5894900489683907,0.7359960813237918,0.6053763440860216,1,2,0.5610690681719348,0.496205550699679
1,0.4217336858216223,0.30000000000000004,0.5581395348837209,0.48175,0.37430607132516774,0.5056049456396283,0.6053763440860216,0,1,0.4674688224006984,0.2306041383607522
3,0.5006372617225545,0.8500000000000001,0.627906976744186,0.4345,0.47977064162439104,0.5709162157749239,0.5150537634408603,1,1,0.6574858015984522,0.4793054269469421
4,0.2566244608320578,0.3500000000000001,0.1744186046511628,0.21525,0.24545248555495414,0.2868178209682959,0.18279569892473121,0,0,0.7324266658129017,0.15990203629503344
2,0.12525949631278696,0.3500000000000001,0.16279069767441862,0.242,0.10722692883847987,0.14468135419540457,0.06666666666666668,0,0,0.6378699242708874,0.09045321194603342
3,0.9910393766522889,0.8,0.5116279069767442,0.454,0.8662684575586299,1.0,0.5064516129032259,1,2,0.6873195733285156,0.8567826019229273
1,0.44983442326422696,0.5,0.441860465116279,0.23249999999999998,0.392363952214907,0.5463062535541154,0.695698924731183,0,1,0.41553147976846305,0.31442714598495924
0,0.7694003061082509,0.75,0.5930232558139534,0.43999999999999995,0.6600913908785357,0.887394361835697,0.9688172043010754,0,2,0.42725556262588293,0.6501769750677179
1,0.40942813413106993,0.5,0.26744186046511625,0.33275,0.28766726670778836,0.5582199300718986,0.7139784946236561,0,1,0.005452136946872299,0.2892958209652714
1,0.643511896479755,0.5,0.5,0.39675000000000005,0.5349135814902,0.7747887236713942,0.5107526881720431,0,1,0.32373206205203275,0.43488788694365355
3,0.7679421177125364,0.9000000000000001,0.5813953488372092,0.41625,0.6305215322448672,0.9768820624848686,0.6655913978494625,1,2,0.20614375307239952,0.731101745519372
1,0.7110560734659802,0.3500000000000001,0.40697674418604646,0.32525,0.6469869963116355,0.7747887236713942,0.5505376344086023,0,1,0.6302854280474597,0.40014677247669905
3,0.5187366077640183,0.7000000000000002,0.6162790697674418,0.608,0.47625221868351814,0.6106772666107392,0.34946236559139787,0,2,0.5301576147765326,0.4356937509194915
1,0.5356059551968833,0.6500000000000001,0.26744186046511625,0.10024999999999999,0.5058535480053878,0.6183231894420953,0.6774193548387099,0,1,0.6074592422114746,0.4281567765440967
4,0.20704605537776535,0.8,0.26744186046511625,0.11975,0.14307833683706994,0.2780908840105624,0.3161290322580646,0,0,0.156109347656042,0.22288058293596877
4,0.3200779184638931,0.9000000000000001,0.20930232558139536,0.014499999999999999,0.260161885220106,0.3806689900963341,0.15161290322580648,0,0,0.3934963191545513,0.34112312099209885
0,0.5400862668707388,0.9000000000000001,0.5813953488372092,0.52525,0.4141857274134871,0.7093986295893835,0.6763440860215055,0,1,0.10912848402171216,0.5326958192344639
1,0.250596911089467,0.6500000000000001,0.34883720930232553,0.17500000000000002,0.19866816047533326,0.3164725157788651,0.6494623655913979,1,1,0.32341453202858994,0.2243010566579838
3,0.6386865173229441,0.8,0.5348837209302325,0.664,0.48918037739649295,0.8417947086610627,0.46559139784946246,0,2,0.08216465938280892,0.5718858013206062
2,0.14570752748017254,0.30000000000000004,0.06976744186046513,0.15775,0.13473231032616223,0.16145396399997747,0.15268817204301077,1,0,0.7498324068825994,0.09326110096665599
3,0.5279142896897174,0.75,0.627906976744186,0.46275,0.41492214151739076,0.6841074032576813,0.681720430107527,0,1,0.16109343909664853,0.46243195762983225
4,0.07478502852372337,0.75,0.1744186046511628,0.07900000000000001,0.05108951522551897,0.0927814155654774,0.0978494623655914,0,0,0.5089370932292736,0.11014339740205792
3,0.9975288715736745,1.0,0.7441860465116279,0.5525,1.0,1.0,0.5397849462365593,1,2,0.9799552856639375,1.0
0,0.40191456796994574,0.8500000000000001,0.3837209302325581,0.429,0.3902868867936405,0.4512107921243617,0.7827956989247313,1,2,0.7195395248693857,0.39641255527766484
0,0.5786948657297898,0.6500000000000001,0.3255813953488372,0.30925,0.5557597653545487,0.6608712298224773,0.6881720430107529,1,1,0.6506604575170367,0.4589765735203759
3,0.9403756783080561,0.8,0.6511627906976744,1.0,0.7420032981281235,1.0,0.7473118279569894,0,2,0.41539850830106584,0.8158181959793342
0,0.8697091971615416,0.8,0.3372093023255814,0.38575,0.8450886843993506,0.887394361835697,0.5462365591397851,0,2,0.8770523369136118,0.7586804323557157
0,0.8026102685404202,0.75,0.4767441860465116,0.60875,0.7307556741650827,0.887394361835697,0.906451612903226,1,2,0.5990665446933956,0.6759962960719325
4,0.04387366077640181,1.0,0.08139534883720931,0.10775,0.01712634851898942,0.06061561502384427,0.20215053763440863,0,0,0.4039843392978637,0.11028878523275035
4,0.1710421594545707,0.55,0.3372093023255814,0.246,0.11246365135512784,0.23263198788363337,0.26559139784946245,1,0,0.15362480437729054,0.1498181786712591
3,0.6908529288994016,0.75,0.5232558139534883,0.508,0.5303943906645352,0.910472887377471,0.4935483870967743,0,2,0.07638672732509377,0.5891097591581352
2,0.05516070683177959,0.6500000000000001,0.1744186046511628,0.0,0.04140283739724818,0.06173604112357908,0.16129032258064518,0,0,0.7112597432843224,0.08451325365849438
0,0.39940448031167375,0.9000000000000001,0.441860465116279,0.4865,0.39228842256322466,0.44434747847824746,0.7311827956989249,0,2,0.7546965718048517,0.41019687935406257
2,0.2055711701683595,0.7000000000000002,0.0,0.056,0.15834791475219978,0.26144214040797026,0.12150537634408604,0,0,0.3236629046919357,0.20195996642233435
4,0.08177542785585085,0.5,0.16279069767441862,0.3935,0.034347109102581846,0.1218956033128579,0.3440860215053764,0,0,0.10857881078980869,0.08550708332972749
4,0.3660442465562822,0.55,0.19767441860465115,0.10575,0.34509497853699067,0.3806689900963341,0.12580645161290324,0,1,0.8065037818815,0.27716701427050794
0,0.6711228607207458,0.7000000000000002,0.25581395348837205,0.16775,0.4989362907388059,0.887394361835697,0.8021505376344088,1,1,0.03542796978214979,0.5494285739011536
2,0.12400723528593294,0.5,0.10465116279069767,0.0885,0.09460718286987502,0.15343644256267913,0.06451612903225808,1,0,0.4601521497016947,0.11177381807482281
4,0.11966606372617225,0.5,0.1744186046511628,0.444,0.09494706630244593,0.1443491675628199,0.23548387096774195,0,1,0.5285759004416699,0.10907375836196379
2,0.125476554890775,0.5,0.08139534883720931,0.25575000000000003,0.08760180767633027,0.16268136545596845,0.13548387096774195,0,0,0.3381283681500913,0.1126876844391751
4,0.16244330040350632,0.55,0.12790697674418605,0.12125,0.10593663062223846,0.22106175856225124,0.1064516129032258,0,0,0.16186870089476435,0.14420257371076475
2,0.22181160428551552,0.15000000000000002,0.023255813953488372,0.28,0.15416231322146556,0.26806335193203124,0.16129032258064518,0,0,0.26712979985153784,0.10002111585160056
1,0.6253791568109085,0.75,0.3255813953488372,0.7252500000000001,0.5915482319767369,0.7233110561845832,0.6172043010752689,0,2,0.5975785234767497,0.5382067103407095
0,0.4123667733407541,0.75,0.4883720930232558,0.3215,0.3392351363939627,0.5180366080929673,0.8698924731182797,1,1,0.29563944763336303,0.3725987209332514
1,0.5803923751217475,0.55,0.23255813953488372,0.31224999999999997,0.5135449842017146,0.7020623722629793,0.5075268817204301,0,1,0.4188837699047654,0.41715005235692704
2,0.21514401001808822,0.15000000000000002,0.06976744186046513,0.17825000000000002,0.16183486700487165,0.26806335193203124,0.11182795698924733,0,0,0.3150993193583653,0.09732555623826297
4,0.1632614442743843,0.5,0.18604651162790697,0.1575,0.09857248958320222,0.2293044912758782,0.06236559139784946,0,0,0.07263524511079744,0.13618858878609816
4,0.029096980659524124,1.0,0.11627906976744187,0.21675,0.015156283437606222,0.03248672661040139,0.034408602150537634,0,0,0.708287355634124,0.09650290342959508
1,0.2506692639487964,0.7000000000000002,0.3837209302325581,0.44825,0.22970455317916894,0.2888559830190698,0.3182795698924732,1,1,0.6280167597735848,0.23561932619663709
2,0.07136774732155277,0.0,0.12790697674418605,0.2725,0.03785294376817433,0.09770791223516564,0.07634408602150537,1,0,0.3193054609480561,0.02212837399288637
2,0.21696952831501318,0.5,0.1744186046511628,0.1665,0.18151663540578306,0.2637730771179713,0.178494623655914,0,0,0.4593029535674855,0.16959317369518748
1,0.4798163350493947,0.6000000000000001,0.3255813953488372,0.502,0.44054557585065274,0.5638727331077469,0.3698924731182796,1,1,0.5392537116006124,0.3698600642129586
0,0.3071712814804508,0.45000000000000007,0.5348837209302325,0.55125,0.2527662734928688,0.382549504253678,0.6935483870967744,0,1,0.3507254920029059,0.2126719340908501
3,0.6291526367051621,0.8,0.5116279069767442,0.38150000000000006,0.5943931821901081,0.7284008310296097,0.3215053763440861,0,1,0.5933849058770491,0.5641771308403937
0,0.25517183804090715,0.45000000000000007,0.3953488372093023,0.25125000000000003,0.25176550560807665,0.3148341037435745,0.895698924731183,1,1,0.6268835581410925,0.18194715844677334
4,0.2300765270627522,0.7000000000000002,0.10465116279069767,0.38825,0.16658694092322412,0.3036523638738592,0.19462365591397854,0,1,0.1933671348127901,0.22024975552343948
2,0.243895923194657,0.8,0.06976744186046513,0.0,0.22762119362026212,0.26806335193203124,0.07956989247311828,0,1,0.7264015489607949,0.2526757418673682
4,0.38920829275080004,0.5,0.16279069767441862,0.1445,0.32801898311912286,0.3806689900963341,0.046236559139784944,0,0,0.7234676735090224,0.2767197736103779
1,0.5000584388479198,0.75,0.40697674418604646,0.23324999999999999,0.4682901345686628,0.5800034907747831,0.8333333333333335,1,1,0.5898616507825338,0.44077522868294206
3,0.8284346737164323,0.6500000000000001,0.6511627906976744,0.69075,0.7346517453643677,1.0,0.6064516129032259,0,2,0.39931160134913024,0.6376056008930967
4,0.36560456379574235,0.55,0.10465116279069767,0.29025,0.2972406500585355,0.3806689900963341,0.08924731182795699,1,0,0.5738006738992121,0.2768798733048904
2,0.18974815639348822,0.8,0.1744186046511628,0.12475,0.16373569657221265,0.22460883616442678,0.10860215053763442,1,0,0.551368510245245,0.20889427362335897
2,0.05133713649645194,0.6000000000000001,0.023255813953488372,0.0,0.03189239542290309,0.06250738974500455,0.012903225806451615,1,0,0.5780022591234821,0.07671077341133506
0,0.8797606790037568,0.75,0.6627906976744186,0.46825,0.778087589219401,0.887394361835697,0.6096774193548388,0,2,0.7141479186265649,0.7359774302700925
2,0.07549186030332544,0.5,0.09302325581395349,0.22825,0.029349563816261526,0.11365850088113913,0.0946236559139785,0,0,0.11192344707694635,0.08159891997611486
4,0.25115347154584666,0.4,0.26744186046511625,0.25475000000000003,0.16560505545135262,0.34717444302436223,0.15591397849462368,0,0,0.03401458297929216,0.1682912602874871
1,0.6985891192430778,0.5,0.3372093023255814,0.44875,0.6227293898462973,0.7747887236713942,0.6860215053763442,0,1,0.5639338233891216,0.4691440291467984
2,0.03957701405315153,0.20000000000000007,0.09302325581395349,0.0,0.012770805271969693,0.05581298455613673,0.16881720430107527,0,0,0.3948220228559636,0.031049648213373957
4,0.0324140809795464,1.0,0.18604651162790697,0.251,0.0,0.06016519247118704,0.10860215053763442,0,0,0.18193539519225332,0.09959758725433351
1,0.17698622512870457,0.45000000000000007,0.313953488372093,0.3215,0.1888241292060575,0.20395133184318542,0.35483870967741943,0,1,0.8660882934377458,0.13574982908275854
4,0.011008765827187975,0.6000000000000001,0.19767441860465115,0.20500000000000002,0.0,0.025724758038635,0.046236559139784944,0,0,0.5598908842880641,0.04911962476093222
4,0.029631278697648505,0.8500000000000001,0.1744186046511628,0.454,0.005331134581251035,0.04235661079550254,0.15591397849462368,1,1,0.4360701015105559,0.08382352686645955
1,0.31661611242521215,0.55,0.36046511627906974,0.07575,0.30028071853875304,0.3591556829250441,0.4225806451612904,0,1,0.6804662255217717,0.24488728116102568
4,0.177737581744817,0.9000000000000001,0.1744186046511628,0.5225,0.14243633479776935,0.21936141342597026,0.13010752688172042,0,1,0.4303437012195843,0.21717999532681972
2,0.18600250452205372,0.30000000000000004,0.09302325581395349,0.15025,0.17524138017850177,0.20673832138775194,0.16774193548387098,0,0,0.7458404982133453,0.11331077514214258
0,0.26903019340475853,0.55,0.313953488372093,0.49549999999999994,0.25176550560807665,0.3297993930556103,0.8860215053763442,0,1,0.5575939630650428,0.21381063235052314
0,0.8256351746208431,0.8,0.3953488372093023,0.5750000000000001,0.8262629187175066,0.887394361835697,0.5440860215053764,0,2,0.831279944701629,0.7230441442454978
4,0.22138861833866705,0.75,0.3372093023255814,0.23775000000000002,0.21036896234846864,0.24691038280286692,0.0935483870967742,1,1,0.7377705309636051,0.22412139883862822
4,0.2491665507165716,0.6000000000000001,0.24418604651162792,0.153,0.20311182164931585,0.3096035718508426,0.04086021505376344,1,0,0.37704061263202093,0.21205818974842716
4,0.10462780019479617,0.75,0.15116279069767444,0.40725,0.05414217198101687,0.15042424174178404,0.2580645161290323,0,1,0.12069486421573217,0.13334487205005496
0,0.6966021984138027,0.8500000000000001,0.5,0.8029999999999999,0.5574969473432445,0.887394361835697,0.6354838709677421,0,2,0.1778105632760607,0.6438481043330767
0,0.3943453457631835,0.75,0.5930232558139534,0.00325,0.350935938267098,0.4711082083879941,0.7333333333333334,1,1,0.48375336092107535,0.3585878341540246
4,0.11602059273688603,0.9500000000000002,0.20930232558139536,0.09575,0.09762836893717194,0.13458062845206664,0.3387096774193549,0,0,0.6293455221206925,0.17051898263134666
3,0.5143898705996939,0.9000000000000001,0.45348837209302323,0.55925,0.4702790820629666,0.6072315340829115,0.3107526881720431,1,2,0.519549366375262,0.5103206320909021
4,0.30152219284819803,0.75,0.03488372093023256,0.23275,0.24659801860547087,0.37663207796814396,0.3483870967741936,1,1,0.3420844954872537,0.28642181509783393
2,0.07870321413663556,0.10000000000000009,0.06976744186046513,0.0,0.05736477045280025,0.09508420086593736,0.15806451612903227,0,0,0.5581093677195612,0.036246916999125925
0,0.3573730346458883,0.8,0.7093023255813953,0.21725,0.29386699228338725,0.4473484187353261,0.7526881720430109,1,1,0.32003851159217045,0.34442827100983964
3,0.8535856407402254,0.75,0.5697674418604651,0.7277500000000001,0.6898123088155692,1.0,0.7086021505376345,1,2,0.3011924873717431,0.7156274609919259
0,0.5739641018505635,0.6500000000000001,0.27906976744186046,0.379,0.4882614333010235,0.7116732634803025,0.917204301075269,0,1,0.32268756665091325,0.4555928448417609
0,0.34709892862112146,0.6000000000000001,0.441860465116279,0.59675,0.27671546721383705,0.44190956641199025,0.5666666666666668,1,1,0.26290103779000473,0.2790598253615224
1,0.396727424516488,0.55,0.3255813953488372,0.37775000000000003,0.3250985032540692,0.4990400369346493,0.5559139784946238,0,1,0.2939890958492204,0.29720509203568923
0,0.32641157645749264,0.75,0.37209302325581395,0.58775,0.3011996626342225,0.37814662380145375,0.903225806451613,1,1,0.603441835972222,0.3057722430399903
4,0.012622791150688734,0.8,0.15116279069767444,0.27975,0.0,0.025195511539262777,0.2849462365591398,1,0,0.567041759579985,0.06567860635379436
3,0.8569138722693752,0.8,0.6976744186046512,0.64825,0.7193129319351956,1.0,0.5559139784946238,1,2,0.36574671073109344,0.7483347035559441
2,0.1768582162237373,0.6000000000000001,0.046511627906976744,0.11249999999999999,0.14828988280315714,0.21234608216833417,0.0,0,0,0.512646553320806,0.16258755722482326
0,0.46418811743425625,0.7000000000000002,0.41860465116279066,0.04125,0.3622024446430595,0.6023331888227643,0.7129032258064518,0,1,0.16740819846865662,0.394981004387597
2,0.09880061221650199,0.45000000000000007,0.13953488372093023,0.29225,0.04241619355732071,0.14912364662098632,0.13440860215053763,0,0,0.023278812789305325,0.08955249971874378
0,0.7007374426047028,0.75,0.5697674418604651,0.369,0.5175921147043645,0.887394361835697,0.8537634408602152,0,2,0.08078717089091514,0.5967945444947341
2,0.09036872130235146,0.45000000000000007,0.10465116279069767,0.0,0.043807197975805345,0.13081396985547067,0.19139784946236563,0,0,0.14404217460892998,0.0845703703062664
0,0.3748045081396967,0.9500000000000002,0.37209302325581395,0.48825,0.32719445108825645,0.45280979218629486,0.8086021505376346,0,1,0.44488636877501153,0.40390331709258964
4,0.33098650340893276,0.75,0.1744186046511628,0.262,0.31783506841727616,0.372527602457055,0.2849462365591398,0,1,0.709178817942479,0.30932905246942966
4,0.01940726311395574,0.9500000000000002,0.20930232558139536,0.011999999999999999,0.0,0.043409473512338786,0.2397849462365592,1,0,0.3466267132940202,0.08338822877813643
1,0.7643244747460691,0.8500000000000001,0.3953488372093023,0.5952500000000001,0.6689472425382998,0.7747887236713942,0.3193548387096775,1,2,0.6903530846776993,0.7007113618858879
4,0.18266314178377627,0.7000000000000002,0.13953488372093023,0.39475000000000005,0.16854441772932688,0.20597823333014287,0.12043010752688174,1,0,0.7012453592503214,0.18486235753290697
3,0.7987922638096563,0.9000000000000001,0.27906976744186046,0.6677500000000001,0.62904870403706,1.0,0.25376344086021513,1,2,0.16822759035634527,0.7579645703703063
4,0.2506692639487964,0.4,0.26744186046511625,0.12475,0.16761917949621724,0.3443987140436122,0.22473118279569895,0,0,0.05351871627860216,0.16802021583169632
3,0.566211214693196,0.75,0.7209302325581395,0.6427499999999999,0.5150996361988445,0.6719797760273858,0.6129032258064517,1,2,0.49540483707323046,0.492206173790382
1,0.19146792820370115,0.4,0.37209302325581395,0.5085,0.1888241292060575,0.25144839002088837,0.7473118279569894,1,1,0.5704368370920869,0.13488113679437141
4,0.34599693891748995,0.7000000000000002,0.22093023255813954,0.10500000000000001,0.3065370913531137,0.3806689900963341,0.18279569892473121,0,1,0.6190068412660199,0.3067679765994825
0,0.32223180743008206,0.6000000000000001,0.5465116279069767,0.34375,0.25176550560807665,0.4292245412727816,0.9612903225806454,1,1,0.19208576125586396,0.2620466798784973
0,0.46612494782245717,1.0,0.4883720930232558,0.2675,0.35731819383426283,0.6106209637916571,0.9247311827956991,1,1,0.1324953838417937,0.5042274973388835
2,0.2591289828857659,0.55,0.05813953488372093,0.224,0.23045355555835295,0.26806335193203124,0.061290322580645165,0,1,0.7441097390986722,0.20734450858047823
2,0.20781967441213303,0.4,0.12790697674418605,0.23224999999999998,0.1590150933420612,0.26539459830753725,0.02903225806451613,0,0,0.30961338298891117,0.14403433922096356
0,0.5447780715180186,0.8500000000000001,0.5813953488372092,0.25325,0.4893943780762598,0.6516094160834633,0.6204301075268818,0,1,0.4657985636216335,0.5163684196862047
1,0.7391122860720745,0.5,0.34883720930232553,0.30224999999999996,0.6312453580734905,0.7747887236713942,0.6322580645161291,0,1,0.5872274718330062,0.49434804808183264
3,0.7088353972450258,0.8500000000000001,0.46511627906976744,0.5327500000000001,0.5746988255139163,0.9072354752802472,0.6763440860215055,1,2,0.18692678138178564,0.6541197545714954
3,0.7849227772366772,0.75,0.5697674418604651,1.0,0.7819710721434057,0.8757565691314164,0.4935483870967743,1,2,0.7492320396358727,0.662245030418942
0,0.5347599833031863,0.8,0.22093023255813954,0.2975,0.48648019234884626,0.6339472217373923,0.7903225806451615,1,1,0.5016567178764679,0.48785544295691163
4,0.3848671211910393,0.6500000000000001,0.11627906976744187,0.26425,0.3231976736867282,0.3806689900963341,0.0870967741935484,0,1,0.7000229042449913,0.3203392382716156
0,0.4686851259218032,1.0,0.5,0.63775,0.42619494203099234,0.5541886482256166,0.9505376344086023,0,2,0.5160706108600086,0.5066160117002588
4,0.2883094476137471,0.55,0.19767441860465115,0.094,0.20550988809023274,0.3806689900963341,0.26989247311827963,0,0,0.12773792291488206,0.22640121848848585
4,0.37119799638235706,0.7000000000000002,0.11627906976744187,0.26025,0.3455355681718048,0.3806689900963341,0.23010752688172045,0,1,0.8086462542685526,0.32557700795306055
1,0.6088660080701266,0.75,0.23255813953488372,0.1325,0.4746094487594255,0.7747887236713942,0.5978494623655914,1,1,0.15878273038842572,0.5253684456483173
2,0.10823431195213579,0.45000000000000007,0.08139534883720931,0.11775000000000001,0.05761653595840835,0.15460754119958792,0.010752688172043012,0,0,0.1272837557049762,0.09512656529904026
3,0.9729956866564631,0.8500000000000001,0.5348837209302325,0.73875,0.8091680408867181,1.0,0.6591397849462367,1,2,0.5623705837155375,0.8759229098335829
0,0.5420286628635035,0.8,0.5581395348837209,0.32349999999999995,0.5118896260023413,0.6259297003000941,0.9483870967741937,0,2,0.6060850461318597,0.4937325729319014
0,0.532995686656463,0.7000000000000002,0.3837209302325581,0.85275,0.5175984088420047,0.6025415092533684,0.5193548387096775,0,2,0.6924756876569631,0.44633614012617595
2,0.10097119799638235,0.30000000000000004,0.046511627906976744,0.13525,0.04971109908231475,0.14698976977777278,0.1548387096774194,0,0,0.10088829173753577,0.0710015317646448
1,0.4895672742451649,0.6000000000000001,0.26744186046511625,0.45425,0.41604249801734666,0.6055199283828141,0.45376344086021514,0,1,0.3415582613625996,0.37653128867273034
1,0.49408654515096695,0.55,0.1744186046511628,0.251,0.40891124007099783,0.6210426156037634,0.3268817204301076,0,1,0.280113332933867,0.3607868250932472
3,0.817793237790455,0.6500000000000001,0.6627906976744186,0.16049999999999998,0.6790870982766652,1.0,0.30215053763440863,1,1,0.277723232708988,0.6299942017948476
4,0.13561152080144703,0.6500000000000001,0.10465116279069767,0.21825,0.0807474917861504,0.1893069685999178,0.28924731182795704,1,0,0.13075542306838095,0.1420565454812943
3,0.4713065256713509,0.55,0.5930232558139534,0.51775,0.4366683870642883,0.5501235846878854,0.717204301075269,0,1,0.5662594452652383,0.3459100153176464
2,0.2441185473772088,0.20000000000000007,0.11627906976744187,0.0045,0.22042699429751134,0.26806335193203124,0.08924731182795699,0,0,0.6814227460105868,0.12010211764298631
2,0.2208209266731598,0.45000000000000007,0.12790697674418605,0.1495,0.15598761313712406,0.26806335193203124,0.021505376344086027,0,0,0.2785417446070584,0.16165032495910966
0,0.36116321135383334,0.5,0.5813953488372092,0.7302500000000001,0.31291305278263826,0.43797962964005605,0.8591397849462367,0,1,0.4332052026970399,0.25927669554230526
2,0.03150132183108387,0.30000000000000004,0.12790697674418605,0.14775,0.010360150555772357,0.04163030442934279,0.11505376344086024,0,0,0.5182843351271449,0.03643522885602277
3,0.4694142201196605,0.75,0.6627906976744186,0.7582500000000001,0.4378894497664875,0.5451970880181971,0.6129032258064517,0,2,0.5857872302337566,0.4169506633319776
3,0.6857381383052734,0.7000000000000002,0.3837209302325581,0.47250000000000003,0.5529966389305001,0.8799173474615873,0.5408602150537636,0,2,0.17913697264783157,0.5603368151411042
2,0.2779518575205232,0.6500000000000001,0.15116279069767444,0.1005,0.2322725613363713,0.26806335193203124,0.15591397849462368,0,0,0.7554823323205533,0.2438669701349165
1,0.4502574092110755,0.7000000000000002,0.36046511627906974,0.16549999999999998,0.40483263888014703,0.5360140982258983,0.8268817204301077,0,1,0.4914619655534478,0.38458369752407984
2,0.11302073187700012,0.0,0.05813953488372093,0.13924999999999998,0.10143632220949411,0.1251048640005405,0.16129032258064518,0,0,0.7464263128678785,0.035081737384576775
3,0.6111646027549742,0.75,0.6395348837209303,0.64775,0.5396090081697906,0.7410126625040117,0.3526881720430108,1,1,0.40748443968081416,0.5271555044005782
4,0.009834423264227066,0.75,0.15116279069767444,0.29600000000000004,0.0,0.014920247056770142,0.26774193548387104,1,0,0.7165155019963583,0.05964708834906926
0,0.48632252678447185,0.6500000000000001,0.2906976744186046,0.33675,0.34974005211545967,0.6582644092989736,0.7526881720430109,1,1,0.010509554045285752,0.3929062854274662
0,0.6864115764574926,0.7000000000000002,0.3953488372093023,0.45825,0.5387844761389242,0.887394361835697,0.8161290322580647,1,1,0.13231363179955613,0.5608394416414979
0,0.6339668846528455,0.8,0.3953488372093023,0.58125,0.5174599378139202,0.8069545242130274,0.9591397849462368,1,2,0.21532413641249581,0.5680697169264322
4,0.31917072491999443,0.3500000000000001,0.23255813953488372,0.28375,0.31165422525459785,0.3541447320267326,0.3322580645161291,1,0,0.7614112153643238,0.19296842141701212
0,0.37725337414776683,0.8,0.3372093023255814,0.30224999999999996,0.2717682750286383,0.5073390724673585,0.6537634408602152,0,1,0.06322803488568307,0.3605026265003938
3,0.8946764992347294,0.8,0.5581395348837209,1.0,0.7372952831732524,1.0,0.4075268817204302,1,2,0.4050962767941757,0.7788678788088583
4,0.1590649784332823,0.6000000000000001,0.10465116279069767,0.13174999999999998,0.14787446971890383,0.17671765825314872,0.22258064516129036,0,0,0.7441869669215404,0.15041409569634714
1,0.21447613747043268,0.55,0.45348837209302323,0.23925,0.1888241292060575,0.2990467932729392,0.5172043010752689,1,1,0.3404328113233468,0.17818334443934816
3,0.8332878808960623,0.9500000000000002,0.5465116279069767,0.2845,0.8206233713918856,0.9390409377797546,0.6559139784946237,0,2,0.7059777732940058,0.817386653743304
4,0.35917072491999436,0.55,0.05813953488372093,0.213,0.3132340538022885,0.3806689900963341,0.11505376344086024,0,1,0.6515724215492178,0.2726781649978798
3,0.5237233894531793,0.9500000000000002,0.46511627906976744,0.5982500000000001,0.45924545877969264,0.6359741232243499,0.5010752688172044,0,2,0.4083106163014014,0.5382058449369553
2,0.178065952414081,0.6500000000000001,0.16279069767441862,0.10800000000000001,0.1649882299626128,0.1998468563320966,0.06021505376344086,0,0,0.7154650694973237,0.17242252472891229
1,0.7234562404341172,0.4,0.40697674418604646,0.31899999999999995,0.5659940331575171,0.7747887236713942,0.5978494623655914,1,1,0.40874613153902706,0.4326717610100993
3,0.376540976763601,0.7000000000000002,0.7558139534883721,0.8575,0.35097370309293924,0.43504062248396785,0.5430107526881721,1,2,0.6103904984521289,0.3295647884520524
2,0.10296925003478502,0.55,0.09302325581395349,0.14800000000000002,0.08783469076901776,0.11692969466981212,0.006451612903225806,0,0,0.6835278738852193,0.10536221474128754
2,0.027232503130652563,0.6500000000000001,0.06976744186046513,0.0,0.0,0.047626554661591936,0.12473118279569895,0,0,0.30218483180893085,0.06453731188285895
1,0.32005009044107413,0.6000000000000001,0.3255813953488372,0.34075,0.2808192449552487,0.3835066521780745,0.4086021505376345,0,1,0.48293430254097713,0.2605540314833886
2,0.043433978015861935,0.8500000000000001,0.13953488372093023,0.09425,0.02455343093442766,0.053087928112560606,0.025806451612903226,1,0,0.5854640497781076,0.09541301394165447
4,0.19214136635592036,0.3500000000000001,0.313953488372093,0.07925,0.1642958748221906,0.22894978351566064,0.07741935483870968,0,0,0.5303717764764986,0.12581170545117826
1,0.7090134965910672,0.55,0.4767441860465116,0.50925,0.6658064678558391,0.7747887236713942,0.5010752688172044,0,1,0.6817621529899693,0.5011478715394668
3,0.7938221789341866,0.8,0.7558139534883721,0.50575,0.6041302131195005,1.0,0.4075268817204302,0,1,0.11370013776840615,0.697321575380994
1,0.3246417142062057,0.5,0.24418604651162792,0.56,0.31094928183889525,0.36584445783200364,0.5440860215053764,1,1,0.7044796958551649,0.23656157780412454
0,0.7583191874217335,0.7000000000000002,0.5581395348837209,0.5725,0.6482710003902366,0.887394361835697,0.6720430107526884,1,2,0.3985158258909771,0.614508320857096
1,0.19450674829553358,0.6000000000000001,0.41860465116279066,0.5055,0.1888241292060575,0.2510824216968544,0.381720430107527,1,1,0.5724301692837377,0.17466201656382785
0,0.34044246556282176,0.6000000000000001,0.3372093023255814,0.42575,0.26652525837435015,0.43754609793312355,0.5279569892473119,1,1,0.23187204672428052,0.27450572464583356
4,0.03263113955753444,0.9000000000000001,0.10465116279069767,0.269,0.0,0.06321680526543966,0.21397849462365595,1,0,0.15508008470024204,0.09082827793306966
3,0.8567190761096423,0.75,0.686046511627907,0.5185,0.6570324399853977,1.0,0.5978494623655914,1,2,0.22946251185318167,0.7180635725597778
2,0.12751913176568805,0.45000000000000007,0.10465116279069767,0.07250000000000001,0.06842357028663501,0.18396946135092984,0.061290322580645165,1,0,0.06060103093370417,0.10652133652955786
1,0.6258744956170863,0.4,0.45348837209302323,0.5065,0.590641876156548,0.7251240069590283,0.3215053763440861,0,1,0.5905216744748218,0.3780485145344561
4,0.33257270070961453,0.7000000000000002,0.15116279069767444,0.00825,0.2671420838630899,0.3806689900963341,0.25161290322580654,0,1,0.42743920311514016,0.29674867809576566
4,0.015695004869903995,0.45000000000000007,0.15116279069767444,0.0925,0.0016364757864524848,0.01745387391546696,0.0956989247311828,1,0,0.7057690561756271,0.040448106063884104
2,0.25959649366912485,0.30000000000000004,0.06976744186046513,0.049249999999999995,0.23983811477989397,0.26806335193203124,0.1806451612903226,0,0,0.8027828757555053,0.14992912343253745
1,0.6501294003061082,0.55,0.441860465116279,0.46399999999999997,0.631383829101575,0.7377470989972468,0.7430107526881722,0,1,0.6764296221995483,0.4626927903213245
3,0.9219145679699456,0.6000000000000001,0.5,0.251,0.7090912524075077,1.0,0.2548387096774194,0,2,0.34337929901025177,0.6723269841544574
2,0.04271044942256852,0.20000000000000007,0.03488372093023256,0.11624999999999999,0.0011203564999559545,0.07257433379689324,0.17204301075268819,1,0,0.09177342847476133,0.03241387069137107
1,0.41542229024627797,0.55,0.23255813953488372,0.299,0.40680270396153023,0.4637719510615896,0.4365591397849463,0,1,0.7416145303233186,0.3094140351180844
2,0.12103520244886598,0.20000000000000007,0.11627906976744187,0.15699999999999997,0.09650801243721596,0.1457285866303326,0.046236559139784944,0,0,0.5325145340535917,0.06651458638027571
0,0.5505718658689299,0.5,0.3023255813953488,0.25025,0.4324764913959139,0.7142463023123569,0.5892473118279571,0,1,0.15357447584723438,0.37708237778335485
4,0.2957395297064144,0.55,0.19767441860465115,0.3775,0.2440929518246705,0.3671675740804342,0.21720430107526884,1,1,0.3646053724628211,0.23125353733784496
4,0.2597634618060386,0.75,0.13953488372093023,0.57125,0.2217487632019537,0.31437805090900905,0.1548387096774194,0,1,0.46113608121723004,0.2539561932619664
4,0.3440434117155976,0.7000000000000002,0.23255813953488372,0.298,0.3373594833771825,0.3806689900963341,0.18279569892473121,0,1,0.7688880881145355,0.3053099443545386
0,0.34094336997356334,0.8,0.5465116279069767,0.514,0.3184455997683758,0.39212098349764374,0.9483870967741937,0,2,0.6291632414639705,0.33114397722257316
0,0.5732795324892166,0.75,0.6395348837209303,0.1825,0.5198768866677577,0.6820073081059168,0.9827956989247315,0,1,0.48541252663581025,0.4977014876290533
2,0.26065952414080973,0.8500000000000001,0.1744186046511628,0.18100000000000002,0.25238862523445665,0.26806335193203124,0.14408602150537636,0,1,0.8812498338331218,0.277807239967807
3,0.2811576457492695,0.75,0.5581395348837209,0.40700000000000003,0.31470688201009583,0.3110449240193457,0.5279569892473119,1,1,1.0000000000000002,0.27058925341618134
0,0.25214414915820227,0.7000000000000002,0.4767441860465116,0.19924999999999998,0.25176550560807665,0.3033990011879895,0.9935483870967743,0,1,0.6830830488972734,0.2367201197718796
2,0.2761263392235981,0.9500000000000002,0.09302325581395349,0.11050000000000001,0.183851760470298,0.26806335193203124,0.15698924731182798,0,1,0.45275098403013136,0.31491038744126065
3,0.7863976624460831,0.7000000000000002,0.6395348837209303,0.47825,0.6366520223064238,1.0,0.4946236559139786,1,2,0.18486541877923734,0.6354649381669017
4,0.33685265061917347,0.75,0.2906976744186046,0.34975,0.28819597426956534,0.3806689900963341,0.22043010752688175,0,1,0.5298187764678632,0.31388973025364986
4,0.04239320996243218,0.6000000000000001,0.26744186046511625,0.02925,0.0,0.07322744649824617,0.3301075268817205,1,0,0.07275719925388113,0.07059167654669286
1,0.513760957283985,0.6000000000000001,0.4767441860465116,0.6102500000000001,0.4025038079532724,0.6665747053954991,0.7537634408602152,0,1,0.15887128217057023,0.39308369319706116
4,0.13760957283984973,0.8,0.16279069767441862,0.193,0.071602109794937,0.20154157118646931,0.14946236559139786,1,0,0.0016716615280758518,0.1667373413065866
2,0.03348824266035899,0.5,0.08139534883720931,0.17525,0.012569392867483237,0.043679727043933136,0.18709677419354842,0,0,0.5261833319261553,0.055474111446695465
3,0.9117350772227633,0.6000000000000001,0.5232558139534883,0.5155,0.8749480733644683,1.0,0.6655913978494625,1,2,0.7063125910397476,0.6653625609027893
4,0.2165799359955475,0.8,0.22093023255813954,0.32975,0.1897556615768074,0.25561479863296754,0.24086021505376345,0,1,0.5540269847434731,0.2305892534161814
4,0.10930290802838458,0.7000000000000002,0.13953488372093023,0.39825,0.0692229257669407,0.14638732961359374,0.3161290322580646,0,0,0.2808638608043419,0.13010930049414554
2,0.1370975372199805,0.75,0.09302325581395349,0.08449999999999999,0.10528833444529764,0.17037233054259027,0.1053763440860215,1,0,0.43787911795818224,0.15858869955777868
3,0.8412689578405453,0.8,0.7674418604651162,0.52325,0.7732159266858849,0.9975958696251921,0.2720430107526883,1,2,0.48790846283198896,0.7356849238011995
1,0.41030193404758586,0.55,0.3837209302325581,0.1985,0.3781895542491724,0.4790018636233117,0.7473118279569894,0,1,0.5690744140759871,0.30607011501215897
2,0.06541811604285513,0.30000000000000004,0.25581395348837205,0.20325,0.03920618336081774,0.08444859834131896,0.17204301075268819,0,0,0.4487161782831739,0.053311294384395025
4,0.35364964519270903,0.7000000000000002,0.19767441860465115,0.18575000000000003,0.3012248391847833,0.3806689900963341,0.1709677419354839,0,1,0.5931747456278444,0.31247964137668427
4,0.36774732155280365,0.4,0.11627906976744187,0.17350000000000002,0.3498281700424225,0.3806689900963341,0.3204301075268818,0,0,0.8295200566681211,0.23355689596981474
3,0.6243272575483511,0.8500000000000001,0.6976744186046512,0.7130000000000001,0.6058548068329157,0.7083795485639965,0.7720430107526883,0,2,0.6770689178734319,0.5831621853175599
3,0.6872965075831362,0.75,0.36046511627906974,0.958,0.6334986593486827,0.8110477391602999,0.4096774193548388,1,2,0.5130213427902466,0.5863447941637171
4,0.09814943648253788,1.0,0.24418604651162792,0.00625,0.07822983673006964,0.11576422631481159,0.16774193548387098,0,0,0.5961028030978424,0.1609252896939067
3,0.6225406984833727,0.9500000000000002,0.8372093023255813,0.39075,0.4573320409370712,0.8376283000489835,0.27419354838709686,0,2,0.007500774167493063,0.6273242581326317
0,0.7909614581883957,0.5,0.6976744186046512,0.24325,0.6003726129483,0.887394361835697,0.9301075268817206,0,2,0.2820571482804157,0.5265964535754156
3,0.6033171003200222,0.8,0.627906976744186,0.385,0.5564395322196907,0.7100742634183694,0.4150537634408603,0,1,0.527062687683532,0.5432876688619075
2,0.18642549046890214,0.3500000000000001,0.10465116279069767,0.14325,0.1339392489834968,0.24453440383760017,0.19247311827956992,0,0,0.2438290758841679,0.12278988862253684
2,0.19730624739112282,0.6500000000000001,0.16279069767441862,0.1895,0.1846133511247624,0.22121940645568122,0.15053763440860218,0,0,0.7193673219633621,0.18618434830770295
2,0.06266314178377624,0.45000000000000007,0.11627906976744187,0.0165,0.013054041465778793,0.10227407086272813,0.18709677419354842,1,0,0.015625892629131943,0.06820004673180272
0,0.5547516348963405,0.9000000000000001,0.5813953488372092,0.21125000000000002,0.4878397260791299,0.6731790260738355,0.5795698924731184,0,1,0.40839179842691675,0.5454657170302806
4,0.3817225546124947,0.6000000000000001,0.24418604651162792,0.22474999999999998,0.28647138055615,0.3806689900963341,0.04731182795698925,0,0,0.5214325274099718,0.3027480030808374
4,0.05571170168359535,0.25,0.13953488372093023,0.322,0.010253150215888907,0.09071510210516243,0.26236559139784954,0,0,0.06373876685898083,0.04327797633986136
1,0.23327674968693476,0.8500000000000001,0.3023255813953488,0.813,0.1888241292060575,0.322778431516066,0.4634408602150539,1,1,0.24398182268447544,0.25481519302830735
0,0.584683456240434,0.75,0.627906976744186,0.27225,0.513494631100593,0.710794939502621,0.8505376344086023,1,1,0.3988815954168605,0.506567549090028
4,0.13166550716571587,0.6500000000000001,0.1744186046511628,0.1515,0.09907602059441839,0.16493347821925447,0.03870967741935484,0,0,0.42119054847925375,0.1392341176776025
0,0.5156421316265478,0.75,0.46511627906976744,0.57725,0.4009239794055817,0.6717996070063228,0.6064516129032259,0,1,0.14323527116720314,0.4528908812406428
3,0.969533880617782,0.6500000000000001,0.7441860465116279,0.83625,0.8326325860093908,1.0,0.746236559139785,0,2,0.6137164648087012,0.7385282943757411
4,0.30741060247669405,0.55,0.19767441860465115,0.0165,0.2843439620337618,0.3547865841642691,0.08924731182795699,0,0,0.6184632121162401,0.23887549436189456
0,0.4171031028245443,0.7000000000000002,0.6046511627906976,0.5367500000000001,0.3176021853245887,0.5469706268192849,0.9967741935483871,0,1,0.1399403242508206,0.3598386887402317
2,0.009650758313621804,0.20000000000000007,0.046511627906976744,0.065,0.0,0.009312486276187859,0.15698924731182798,0,0,0.8076627163379373,0.01802047545282251
3,0.46508974537359116,0.8,0.5348837209302325,0.9815,0.4186230944498294,0.5536931834176937,0.47096774193548396,0,1,0.490080521394616,0.4315231971476292
4,0.15002087101711423,0.7000000000000002,0.25581395348837205,0.4195,0.12031244099245961,0.18307424652752363,0.12688172043010756,1,1,0.4786783087145523,0.16049951104687896
0,0.46847919855294273,0.8500000000000001,0.4767441860465116,0.45175,0.410069361396795,0.5681967896132558,0.7236559139784947,0,1,0.418486306377017,0.4523037913338468
3,0.4533685821622373,0.6500000000000001,0.5348837209302325,0.60825,0.3731983031004922,0.570606550269972,0.3537634408602151,1,1,0.2814948174562082,0.36933562953796095
3,0.7893975233059691,0.8,0.40697674418604646,0.5895,0.6001334357179724,1.0,0.5946236559139786,0,2,0.10495425941696879,0.6937439962614559
0,0.4525170446639766,0.75,0.18604651162790697,0.593,0.4036493410037891,0.5416443801341133,0.5172043010752689,0,1,0.47043957654726865,0.4038138343444134
2,0.20888270488381802,0.55,0.0,0.02225,0.1461750525560493,0.26806335193203124,0.015053763440860218,0,0,0.21719270366272392,0.1745304751932014
2,0.002337553916794202,0.5,0.11627906976744187,0.12625,0.0,0.022864574829261713,0.010752688172043012,0,0,0.5991409208209897,0.036099452199423634
3,0.5307249199944344,0.6500000000000001,0.45348837209302323,0.48024999999999995,0.40535505230428376,0.6983463862035573,0.2559139784946237,1,1,0.10408885747832453,0.4246655647192198
2,0.1818338667037707,0.7000000000000002,0.06976744186046513,0.11499999999999999,0.15591208348544167,0.2155947548293743,0.11397849462365592,0,1,0.5486366594039784,0.1842434207679593
4,0.16071796298872962,0.6500000000000001,0.11627906976744187,0.281,0.12541698661866335,0.2001508915551402,0.05591397849462365,0,0,0.41450588201208727,0.1600141926215676
3,0.6589119243077779,0.8,0.5232558139534883,0.6205,0.5683983937360741,0.8118528694731746,0.26881720430107536,0,1,0.34027598189151265,0.5882391629814891
0,0.45283984972867675,0.6000000000000001,0.3255813953488372,0.25125000000000003,0.4463802414431199,0.5040735089605937,0.7161290322580647,1,1,0.7540512941353719,0.3514037714295605
0,0.5290274106024766,0.8,0.6046511627906976,0.51525,0.3850501642769924,0.7130864642392645,0.724731182795699,1,2,0.016574052802091455,0.48322034044983686
4,0.34227354946431054,0.55,0.15116279069767444,0.318,0.24411183423759114,0.3806689900963341,0.13655913978494624,0,1,0.31544911076906734,0.2616432286483259
0,0.6952720189230555,0.7000000000000002,0.20930232558139536,0.6815,0.5532672868490289,0.887394361835697,0.9838709677419357,0,2,0.1675266958182029,0.5674525109689926
1,0.6127007096145819,0.4,0.40697674418604646,0.5185,0.5548219388461588,0.7305121867451903,0.581720430107527,0,1,0.47443122282953176,0.37067423606483607
0,0.40227076666202866,0.6000000000000001,0.6976744186046512,0.23575,0.3275658052090283,0.5080372274239771,0.6569892473118281,0,1,0.27835270336527906,0.31680631398579007
4,0.31367747321552797,0.9000000000000001,0.11627906976744187,0.33625000000000005,0.28198366041868606,0.36957170445524207,0.2526881720430108,0,1,0.5440177668051469,0.33554992081555657
0,0.48602754974259066,0.9000000000000001,0.5,0.30075,0.44796636412845076,0.5698070502390056,0.5612903225806453,0,1,0.5482788895768571,0.4856240859172848
3,0.876104076805343,0.75,0.6744186046511628,0.50425,0.6878611261471066,1.0,0.25913978494623663,0,2,0.2969228459718285,0.7331345789378035
4,0.028835397245025735,0.7000000000000002,0.25581395348837205,0.29874999999999996,0.0,0.05832972056910893,0.11182795698924733,0,0,0.19851634491258574,0.07005166460412106
3,0.3092472519827466,0.8500000000000001,0.441860465116279,0.29374999999999996,0.31470688201009583,0.4136117695413009,0.6397849462365592,1,1,0.5279521872713617,0.31860410374460213
1,0.3763294837901767,0.55,0.25581395348837205,0.11950000000000001,0.30812950817608475,0.4729436802900722,0.7397849462365592,1,1,0.3016340929601591,0.28388393204849727
3,0.33744817030749963,0.9000000000000001,0.24418604651162792,0.79725,0.31470688201009583,0.4034941529522383,0.26881720430107536,1,1,0.5663876311870826,0.35624830164513255
0,0.47761792124669544,0.6500000000000001,0.45348837209302323,0.54225,0.38754264278251244,0.6068374143493365,0.9935483870967743,1,1,0.24245722867897168,0.3866802246588146
2,0.00828161959092806,0.050000000000000044,0.05813953488372093,0.11025,0.0,0.011390060300319249,0.06559139784946237,1,0,0.7730270101565606,0.006238349501960137
0,0.4200862668707388,0.6000000000000001,0.5697674418604651,0.2755,0.3086896864260628,0.560973137925016,0.8118279569892475,1,1,0.07488253256303956,0.32899500662033876
3,0.4509141505496034,0.6000000000000001,0.7093023255813953,0.48175,0.39971550497866287,0.5419202639476159,0.7204301075268817,1,1,0.4551210979791429,0.35008628075428594
1,0.549425351328788,0.55,0.34883720930232553,0.56075,0.4736086808746334,0.6751327338959863,0.5591397849462367,0,1,0.3600099553876195,0.396926605107613
1,0.6072686795603173,0.6500000000000001,0.27906976744186046,0.40399999999999997,0.5876710431903724,0.6901318048994713,0.5989247311827958,0,1,0.6704818654239644,0.4794142947392106
0,0.5155920411854737,0.9000000000000001,0.5348837209302325,0.68425,0.4160047331915055,0.6582081064798915,0.6688172043010754,1,2,0.21881320464443754,0.5113674244718874
0,0.4957061360790316,0.5,0.627906976744186,0.6595,0.4013834514533164,0.6310588871184781,0.5290322580645163,1,1,0.23227882542762956,0.3429577769508364
0,0.7289383609294559,0.8,0.4767441860465116,0.82925,0.6258072231523559,0.887394361835697,0.9956989247311829,1,2,0.34389808339530115,0.644859415160143
0,0.550271323222485,0.6500000000000001,0.3255813953488372,0.42325,0.5341079318722541,0.6227260698943198,0.8258064516129034,0,1,0.6881416605739463,0.4386463354478032
2,0.22665368025601776,0.6000000000000001,0.10465116279069767,0.29275,0.1704074824708267,0.26806335193203124,0.1752688172043011,0,1,0.36869610817567366,0.19665573373257292
0,0.5722220676220954,0.6000000000000001,0.3837209302325581,0.49924999999999997,0.47610115938015335,0.7190320419343397,0.5677419354838711,0,1,0.2715013363648202,0.43308057774354625
4,0.2844691804647279,0.75,0.19767441860465115,0.1205,0.20106622691625026,0.3806689900963341,0.2580645161290323,0,0,0.10612955855403827,0.27316382958469276
2,0.18520662306943095,0.75,0.08139534883720931,0.07425,0.12131950301489194,0.2533626858696815,0.008602150537634409,0,0,0.12167541727574616,0.19599144981090932
4,0.1477055795185752,0.55,0.13953488372093023,0.44275000000000003,0.09082440614811366,0.20476209243796845,0.24301075268817204,1,1,0.1303868196010909,0.13457789931892725
1,0.277027967162933,0.75,0.3953488372093023,0.64775,0.2145734462921235,0.3557212109610329,0.6688172043010754,0,1,0.25754058912538547,0.26737860548839065
1,0.2983664950605259,0.45000000000000007,0.3372093023255814,0.12525,0.2402472337265072,0.37593392301152523,0.48709677419354847,0,1,0.3134502932954011,0.20746947288257336
1,0.308774175594824,0.30000000000000004,0.40697674418604646,0.27925,0.2974672390135828,0.3458006542387578,0.3279569892473119,0,0,0.727027764570294,0.1743985876610733
0,0.6104522053708084,0.6000000000000001,0.5465116279069767,0.421,0.47598157076498954,0.7964821998637472,0.7494623655913979,0,1,0.12382378597870858,0.45923619464661236
1,0.4677445387505217,0.3500000000000001,0.37209302325581395,0.42999999999999994,0.3677098150782362,0.6046078227136833,0.5645161290322582,1,1,0.18084092287228293,0.2715150623523406
2,0.1097871156254348,0.20000000000000007,0.15116279069767444,0.0755,0.07368546935384382,0.1433807590746069,0.12580645161290324,0,0,0.3413656683674655,0.06161743961645305
1,0.6841909002365381,0.6500000000000001,0.3255813953488372,0.34825,0.5953058321479374,0.7747887236713942,0.37634408602150543,1,1,0.488922421859183,0.5344337230534906
1,0.18532350076527057,0.6500000000000001,0.3837209302325581,0.34975,0.1888241292060575,0.2056235255699253,0.7698924731182797,0,1,0.8542414354322301,0.17761356260763458
1,0.5127034924168637,0.5,0.37209302325581395,0.43624999999999997,0.5087173806316796,0.569429821351155,0.424731182795699,1,1,0.7646188934549947,0.3535295492111845
4,0.2442131626547934,0.8500000000000001,0.13953488372093023,0.36325,0.16378604967333427,0.3347596714167479,0.22150537634408604,0,1,0.06517753400809223,0.26399799226329046
2,0.27773479894253517,0.15000000000000002,0.18604651162790697,0.0,0.2044587671043191,0.26806335193203124,0.005376344086021504,0,0,0.5815879051665986,0.12262961584727355
0,0.8437623486851258,0.9000000000000001,0.3372093023255814,0.30724999999999997,0.7111746119664146,0.887394361835697,0.660215053763441,0,2,0.5514577475782241,0.7971223594367953
2,0.15126756643940445,0.25,0.15116279069767444,0.0665,0.11246994549276804,0.19261757436194832,0.15161290322580648,0,0,0.35926953867503486,0.08785232750339671
2,0.18981494364825377,0.6000000000000001,0.06976744186046513,0.1485,0.14808847039867068,0.23874647403595495,0.16451612903225807,1,0,0.36680989593498325,0.17145206095904045
1,0.25772645053568943,0.55,0.34883720930232553,0.2995,0.2018529941212755,0.32804274510024717,0.7000000000000002,1,1,0.29465097575904786,0.20642856524711606
3,0.6348629469876165,1.0,0.441860465116279,0.39625,0.47921046337441314,0.8429826981436961,0.4075268817204302,1,2,0.05489344349877645,0.6616513634436146
2,0.08711840823709474,0.8,0.12790697674418605,0.20350000000000001,0.05957401276451113,0.11014520497041289,0.006451612903225806,1,0,0.4509613297075856,0.125912438448158
2,0.21936273827744537,0.6000000000000001,0.06976744186046513,0.13575,0.17108724933596847,0.26806335193203124,0.049462365591397855,0,0,0.3729460738087642,0.1916675464938167
4,0.3344260470293585,1.0,0.19767441860465115,0.21775,0.2355958660103979,0.3806689900963341,0.19892473118279572,0,1,0.27403818020218096,0.3813592031362232
1,0.6502741060247669,0.75,0.34883720930232553,0.11174999999999999,0.4929190951547729,0.7747887236713942,0.7537634408602152,1,1,0.20886493535757666,0.5575614653016365
1,0.6531682203979408,0.6500000000000001,0.441860465116279,0.354,0.6208726192424376,0.7532979376277371,0.6677419354838711,0,1,0.6087745174994021,0.5122444246363141
1,0.428228746347572,0.3500000000000001,0.43023255813953487,0.9750000000000001,0.3137627613640655,0.572909335570432,0.33440860215053775,0,1,0.06615023803246545,0.2506242157278479
2,0.04898288576596632,0.3500000000000001,0.12790697674418605,0.0,0.0183851760470298,0.06982675622568427,0.14731182795698927,0,0,0.33105190694909203,0.050127993215234576
2,0.2378962014748852,0.5,0.16279069767441862,0.2115,0.15913468195722502,0.26806335193203124,0.1064516129032258,0,0,0.2982175114269223,0.18260884615717463
2,0.18005287324335603,0.050000000000000044,0.05813953488372093,0.00825,0.11106005866136281,0.2521071330041495,0.013978494623655916,0,0,0.060156154564289244,0.06499805284155323
0,0.5524586058160568,0.4,0.5930232558139534,0.1755,0.46163723108296933,0.691978537365366,0.9408602150537636,0,1,0.28598139889060215,0.3369525672202367
0,0.6120940587171281,0.6000000000000001,0.3953488372093023,0.41175000000000006,0.6037462707234482,0.685514973734735,0.5387096774193549,0,2,0.7315439107577577,0.4603594887194621
0,0.5834812856546542,0.7000000000000002,0.5,0.5445,0.4715504978662874,0.7458772260727096,0.9430107526881722,0,2,0.20460073126777378,0.4840165119036287
3,0.5956532628356754,0.75,0.5930232558139534,0.78125,0.4419617568196981,0.7969776646716702,0.7344086021505377,1,2,0.03214374139821574,0.5150961030868952
4,0.22757200500904415,0.9000000000000001,0.16279069767441862,0.17725000000000002,0.21841287025264672,0.25222536892422204,0.2010752688172043,0,1,0.758954452838964,0.2605734165274809
4,0.0801224433004035,0.6000000000000001,0.1744186046511628,0.09625,0.04640038268356855,0.1077692260051461,0.22150537634408604,1,0,0.3317956643533013,0.09640459356312686
4,0.041268957840545406,0.7000000000000002,0.1744186046511628,0.20975,0.01070632812598346,0.06108855870413432,0.21720430107526884,0,0,0.31468357281184955,0.07933156214031656
0,0.7047335466815082,1.0,0.5581395348837209,0.54575,0.6807865154395196,0.8040324079026637,0.8225806451612905,0,2,0.6533613501793265,0.7268370358190614
3,0.8614220119660497,0.8500000000000001,0.41860465116279066,0.2495,0.7186835181711753,1.0,0.7301075268817205,1,2,0.3643694070537018,0.7822396649156664
1,0.5944900514818422,0.5,0.40697674418604646,0.049,0.4403189868956055,0.7747887236713942,0.4451612903225807,1,1,0.0649883499580608,0.40439798187844544
3,0.5520133574509531,0.7000000000000002,0.4767441860465116,0.7315,0.4544996789989804,0.6974568016620593,0.3623655913978495,0,1,0.2528520671831409,0.46053014633977485
4,0.260843189091415,1.0,0.22093023255813954,0.18225000000000002,0.17729956318684775,0.35632365112521186,0.1053763440860215,1,1,0.06496505382266626,0.31271018493678227
3,0.6426993182134408,0.7000000000000002,0.6395348837209303,0.85275,0.5032540691599843,0.837329895107848,0.5376344086021506,1,2,0.12541841048378122,0.5282144124341211
1,0.7621705857798803,0.45000000000000007,0.25581395348837205,0.4605,0.6527524263900604,0.7747887236713942,0.30537634408602155,0,1,0.6460555551535931,0.4815161873772209
4,0.27401697509391953,1.0,0.18604651162790697,0.125,0.2088898400030212,0.3547077602175541,0.33440860215053775,0,1,0.2320808660020668,0.32500064905281567
2,0.07915402810630304,0.0,0.06976744186046513,0.069,0.06151260715769333,0.09229721132137086,0.17419354838709677,1,0,0.6309782421220065,0.02454977369691829
1,0.7499596493669124,0.55,0.3255813953488372,0.27325,0.6215335036946588,0.7747887236713942,0.5430107526881721,1,1,0.5606627271553164,0.5278883282995682
1,0.7529539446222345,0.45000000000000007,0.37209302325581395,0.53425,0.5932350608643111,0.7747887236713942,0.5301075268817206,0,1,0.48325826048591036,0.4760703746332853
1,0.26889105329066365,0.7000000000000002,0.18604651162790697,0.5485,0.23839046312264756,0.31794764963881744,0.3892473118279571,1,1,0.5378559859494934,0.24921931927340704
0,0.33368025601780993,0.6000000000000001,0.34883720930232553,0.4575,0.28169413008723676,0.4103067940611787,0.8688172043010753,1,1,0.38868600651159135,0.26987927617630003
2,0.10131069987477387,0.75,0.09302325581395349,0.1095,0.06776268583441386,0.131529015657814,0.16881720430107527,0,0,0.36868277596068855,0.13076596886277292
1,0.2149102546264088,0.6000000000000001,0.3372093023255814,0.37074999999999997,0.1888241292060575,0.2603554959996847,0.38817204301075275,1,1,0.5230864477530208,0.18862132527930908
2,0.24725198274662583,0.6000000000000001,0.16279069767441862,0.18100000000000002,0.16537846649630533,0.26806335193203124,0.14301075268817207,0,0,0.33725423279753164,0.21074831462618884
0,0.7748323361625156,0.5,0.4767441860465116,0.418,0.6389367942698172,0.887394361835697,0.6591397849462367,0,1,0.37582092196240136,0.5165646932576394
1,0.5931988312230416,0.8500000000000001,0.37209302325581395,0.19675,0.44206246302194135,0.7747887236713942,0.4322580645161291,0,1,0.06975726394102888,0.5570250880548321
1,0.22757757061360792,0.5,0.441860465116279,0.191,0.1888241292060575,0.2964230819037109,0.7795698924731184,0,1,0.35176140377412435,0.1761910119166097
4,0.027137887853068032,0.5,0.13953488372093023,0.21325,0.0005538841123377547,0.04157963189216887,0.15376344086021507,0,0,0.3747476904758764,0.051524408712884995
4,0.20853763740086265,0.55,0.22093023255813954,0.271,0.15209783607547928,0.27303489085698524,0.3193548387096775,0,1,0.23257246639204565,0.17430512405562817
0,0.8193237790454988,0.8500000000000001,0.20930232558139536,0.26525,0.6393396190787901,0.887394361835697,0.9677419354838712,0,2,0.3768003379107685,0.746891729336322
4,0.3613301794907472,0.5,0.20930232558139536,0.12200000000000001,0.2702387995820693,0.3806689900963341,0.26021505376344095,0,1,0.44249772332128057,0.25938054399279986
2,0.07913176568804786,0.4,0.08139534883720931,0.12225,0.05541988192197789,0.09769665167134922,0.15268817204301077,0,0,0.5128515522411743,0.0719988230508944
0,0.7925253930708223,0.55,0.5813953488372092,0.0,0.6302257077757776,0.887394361835697,0.6795698924731184,0,1,0.354641052078956,0.5556864815279569
4,0.18806177821065814,0.8500000000000001,0.19767441860465115,0.2425,0.12269162502045597,0.25791758393342756,0.19677419354838713,0,1,0.11143648006037221,0.2168502764964995
2,0.059596493669124784,0.5,0.05813953488372093,0.20725,0.02055035939525926,0.08936946472909901,0.10215053763440862,1,0,0.19118596189425308,0.07171254748903101
1,0.5173118129956866,0.6000000000000001,0.25581395348837205,0.37975000000000003,0.5012588275280403,0.5854254522523943,0.5537634408602152,0,1,0.6882398418748668,0.3955130546156309
3,0.7987421733685821,0.8500000000000001,0.40697674418604646,0.60225,0.7847530809803749,0.9012335947660899,0.5408602150537636,0,2,0.7005268421827278,0.7296103086895193
2,0.2077473215528037,0.8,0.13953488372093023,0.0,0.13776608466873952,0.26806335193203124,0.11935483870967745,0,0,0.16461905472004812,0.2234475954756692
0,0.6031723946013635,0.6500000000000001,0.3372093023255814,0.51125,0.5633756718991931,0.7035712878143809,0.7376344086021506,0,1,0.5634251968182753,0.47648438378925684
2,0.028367886461666908,0.55,0.16279069767441862,0.16025,0.0,0.055334410593938455,0.15376344086021507,0,0,0.22629544614005348,0.05664275267626111
4,0.20585501600111308,0.75,0.16279069767441862,0.09675,0.12827452510731507,0.2889179161200601,0.13978494623655915,1,0,0.02542087862052389,0.21204468944986282
0,0.7776207040489772,0.8500000000000001,0.27906976744186046,0.675,0.6083158146502348,0.887394361835697,0.5537634408602152,0,2,0.30137000651228574,0.7118755895563076
3,0.8036343397801585,0.8500000000000001,0.6395348837209303,0.6935,0.6167499590881054,1.0,0.47634408602150546,0,2,0.14131507650011055,0.7337180341488322
2,0.18084318909141503,0.8,0.09302325581395349,0.07775,0.14543863845214566,0.22296479384722795,0.1053763440860215,0,0,0.4317783750083881,0.20169411438906823
0,0.37007374426047024,0.8,0.3953488372093023,0.9207500000000001,0.3069273278868062,0.46136219040487353,0.5870967741935484,1,1,0.3317914786370133,0.35469749811774687
3,0.5746876304438568,0.7000000000000002,0.46511627906976744,0.6915,0.4471858910610657,0.7498747262275423,0.5784946236559141,1,2,0.1283557975708749,0.47745328983237134
1,0.7716822039794071,0.8500000000000001,0.3837209302325581,0.48675,0.5829315575473006,0.7747887236713942,0.6774193548387099,0,2,0.45507518398728575,0.7068893062058104
4,0.23206901349659106,0.8500000000000001,0.22093023255813954,0.313,0.17446090711111673,0.3006401630529641,0.26881720430107536,1,1,0.2506767307892068,0.2538011129092278
2,0.10300820926673157,0.0,0.11627906976744187,0.0605,0.0854177419151802,0.11917617715118997,0.16129032258064518,0,0,0.6393891030504519,0.031968014677247664
1,0.5933713649645193,0.75,0.5232558139534883,0.5087499999999999,0.5447135537959944,0.7004408510734133,0.6182795698924732,0,1,0.5155408133101615,0.5133220253909462
3,0.927897592876026,0.7000000000000002,0.6744186046511628,0.24875000000000003,0.7038545298908596,1.0,0.24946236559139787,1,1,0.3319201324143526,0.7410746583818681
3,0.2809127591484625,0.75,0.313953488372093,0.40925,0.31470688201009583,0.36791077129231864,0.6569892473118281,0,1,0.7140703300611169,0.2703988645902746
1,0.763756783080562,0.30000000000000004,0.3023255813953488,0.25575000000000003,0.6379674970732261,0.7747887236713942,0.5215053763440861,0,1,0.6056144759261832,0.4007854404472406
1,0.1671851954918603,0.5,0.3837209302325581,0.2245,0.1888241292060575,0.19531447939598334,0.4903225806451613,0,1,0.929239951897695,0.13862902737272073
0,0.32158063169611795,0.75,0.3372093023255814,0.46825,0.2753496393459132,0.39149602220583185,0.7903225806451615,0,1,0.4265342528332603,0.30201639074710307
1,0.4228857659663281,0.55,0.3372093023255814,0.21225,0.3720212993617744,0.5099853049642196,0.5774193548387099,0,1,0.44517966647143736,0.31428816214204736
3,0.8137581744817031,0.7000000000000002,0.627906976744186,0.40925,0.6417313913820668,1.0,0.6204301075268818,1,2,0.19598025945578823,0.6558856974721557
2,0.036566021984138025,0.55,0.023255813953488372,0.24825,0.0,0.06468630884348381,0.006451612903225806,0,0,0.14245444220213432,0.0619966595415091
0,0.8389147071100597,0.9500000000000002,0.4883720930232558,0.29425,0.7133649718652049,0.887394361835697,0.7978494623655915,0,2,0.5567833217974718,0.8224612082767215
4,0.2835953805482121,0.7000000000000002,0.23255813953488372,0.34475,0.20832336761540304,0.37459391591737007,0.10215053763440862,0,1,0.16113939156363277,0.2601940235216741
0,0.740676220954501,0.75,0.34883720930232553,0.26525,0.5577927718123341,0.887394361835697,0.7612903225806452,0,1,0.1785298218631428,0.6278452311926129
2,0.0024154723806873307,0.30000000000000004,0.11627906976744187,0.0027500000000000003,0.0,0.018838923264887897,0.0827956989247312,0,0,0.6570099093052921,0.021962908795098345
2,0.1571003200222624,0.6000000000000001,0.12790697674418605,0.06575,0.10007049434157028,0.21550467031884285,0.14516129032258066,0,0,0.1463229948976179,0.14906995058544562
4,0.3498205092528176,0.9500000000000002,0.22093023255813954,0.0,0.325281033245635,0.3806689900963341,0.13548387096774195,0,1,0.7101537379609104,0.3813714918695318
0,0.5511952135800752,0.4,0.4883720930232558,0.356,0.420353982300885,0.7263514084150193,0.7655913978494625,0,1,0.09528008719290071,0.33624535927236854
3,0.3655544733546682,0.6500000000000001,0.34883720930232553,0.289,0.3358740668940949,0.426330576371959,0.4580645161290324,0,1,0.5760546888701412,0.30652566354832844
4,0.12598302490608043,0.4,0.23255813953488372,0.24725,0.0889739296818943,0.16246741474345627,0.1763440860215054,0,0,0.35119764953976773,0.09822471073879518
4,0.09455962153888964,1.0,0.313953488372093,0.34375,0.04278125354045245,0.14021654064218997,0.3150537634408603,0,1,0.07706833349764164,0.15757617716545655
4,0.23405593432586616,1.0,0.06976744186046513,0.25775,0.1670590012462393,0.3112813958594907,0.03225806451612903,1,1,0.1667709933069732,0.287719055325262
0,0.6123834701544454,0.6500000000000001,0.45348837209302323,0.71875,0.5135009252382332,0.7668218747712698,0.7623655913978495,0,2,0.2807670647165901,0.48307270256938384
2,0.13844997912898285,0.4,0.13953488372093023,0.0895,0.09422324047382269,0.18300105286271684,0.0978494623655914,0,0,0.2711373906622645,0.10520332661203086
2,0.15272575483511894,0.5,0.06976744186046513,0.2115,0.1270471682674757,0.1825224789005186,0.14193548387096774,0,0,0.5359656381894988,0.12963575155989024
1,0.27073883400584386,0.7000000000000002,0.43023255813953487,0.258,0.1888241292060575,0.36944220797135313,0.5397849462365593,0,1,0.0812731235330868,0.250598426695975
1,0.43589814943648253,0.7000000000000002,0.25581395348837205,0.42674999999999996,0.3450257430229484,0.56045515198946,0.7215053763440861,0,1,0.20647835110864365,0.37386653743303944
2,0.18220119660498116,0.30000000000000004,0.03488372093023256,0.03225,0.16286081144022457,0.210116490532681,0.15591397849462368,0,0,0.6326888308051759,0.11141934869713463
2,0.15705579518575205,0.30000000000000004,0.046511627906976744,0.188,0.13384483691889376,0.18519686280692077,0.03978494623655915,0,0,0.5724262713339774,0.09890768738154787
3,0.28313343536941693,0.8500000000000001,0.4767441860465116,0.48675,0.31470688201009583,0.36766303888835716,0.7666666666666668,1,1,0.7151731190441633,0.29667754190717677
4,0.28069013496591066,0.25,0.19767441860465115,0.009,0.20640994977278165,0.37043313758719904,0.14516129032258066,0,0,0.16542783757807977,0.14822462419841978
0,0.6380576040072352,0.6000000000000001,0.5348837209302325,0.54825,0.5564332380820505,0.7803683330424356,0.9408602150537636,0,2,0.3711061371742921,0.4781227661765598
1,0.416457492695144,0.6500000000000001,0.4767441860465116,0.14525,0.29432646433112203,0.5664739233493421,0.38817204301075275,0,1,0.01139698179011206,0.34293458413022604
2,0.19559760679003754,0.6500000000000001,0.15116279069767444,0.11575,0.13445536826999333,0.2626357601725119,0.021505376344086027,0,0,0.16664832523114725,0.1849622251261326
0,0.3851620982329206,0.45000000000000007,0.3953488372093023,0.3455,0.3405191404725639,0.46184076436707194,0.5526881720430109,0,1,0.47110805972961534,0.2587541647555667
0,0.576563239181856,1.0,0.5232558139534883,0.4145,0.5128022759601707,0.6949851079043528,0.5870967741935484,1,2,0.43305512398281043,0.6072607374970793
3,0.9942117712536525,0.75,0.5,0.5680000000000001,0.9298896008257911,1.0,0.29139784946236563,1,2,0.8265374290392724,0.8249582442688637
4,0.15793516070683175,0.8,0.18604651162790697,0.4375,0.11151323657145737,0.20695790238217232,0.3215053763440861,1,1,0.2728266001619071,0.18317170475885525
4,0.08919437873939057,0.75,0.19767441860465115,0.05725,0.07363511625272223,0.10176734549098876,0.13548387096774195,0,0,0.6741875409794973,0.12134604899916057
0,0.878497286767775,0.6000000000000001,0.45348837209302323,0.5025000000000001,0.8467692191492844,0.887394361835697,0.9741935483870969,1,2,0.8811383378232069,0.6426225195364897
2,0.01775427855850839,0.0,0.08139534883720931,0.07100000000000001,0.0,0.028066955312452513,0.11935483870967745,1,0,0.5288340562689522,0.00545550526598184
1,0.4511757339641018,0.55,0.3255813953488372,0.25475000000000003,0.36935258500232887,0.5696043600903098,0.5569892473118281,1,1,0.27041609545187484,0.3327633207272853
4,0.1331459579796855,0.9000000000000001,0.24418604651162792,0.16325,0.12203074056823476,0.1473951500751643,0.2548387096774194,1,1,0.7502118260479544,0.17835175200990022
4,0.2300041742034228,0.5,0.22093023255813954,0.14975,0.15288460328050452,0.31576310025842996,0.178494623655914,0,0,0.07097655821168525,0.17770027606379754
3,0.8933407541394183,0.8500000000000001,0.5813953488372092,0.20275,0.6852175883382219,1.0,0.5053763440860216,0,2,0.2911381705267835,0.8090403537770547
4,0.18648114651454015,0.5,0.13953488372093023,0.39825,0.11452812850111405,0.2620220594445164,0.19569892473118283,0,0,0.04273179357779333,0.1506304466348775
1,0.272425212188674,0.7000000000000002,0.3023255813953488,0.19275,0.19093895945316536,0.3675504332501929,0.34193548387096784,0,1,0.09782829410611171,0.25185706991596934
1,0.5766912480868234,0.6000000000000001,0.4883720930232558,0.3685,0.42815241883709515,0.770960131973808,0.603225806451613,0,1,0.038177390203566475,0.43613822228760835
1,0.41765966328092385,0.7000000000000002,0.34883720930232553,0.14425,0.3124409924596231,0.5527022538018478,0.6892473118279572,0,1,0.10749303835522639,0.36025408254221014
4,0.34406010852928903,0.45000000000000007,0.2906976744186046,0.31275,0.28547690680899807,0.3806689900963341,0.3322580645161291,0,0,0.5165966611649104,0.23446833920365548
2,0.038202309725893974,0.45000000000000007,0.09302325581395349,0.173,0.0,0.06642606595312228,0.1,0,0,0.12775606385859217,0.05374693863421978
4,0.21867260331153474,1.0,0.1744186046511628,0.19625,0.13607296164352523,0.30788070558692876,0.30860215053763446,0,1,0.003754274085231657,0.27336719946691135
0,0.49724780854320294,0.9500000000000002,0.6162790697674418,0.33175000000000004,0.4789775802817256,0.5647623176492447,0.9623655913978496,1,2,0.6737313257233846,0.5143288361184911
1,0.3841435925977459,0.6000000000000001,0.3372093023255814,0.599,0.36144085398859505,0.4410593938438498,0.5989247311827958,1,1,0.6336445607669077,0.30440438586622587
2,0.20269931821344092,0.8500000000000001,0.12790697674418605,0.154,0.15122924508113145,0.26199953831688355,0.15161290322580648,0,1,0.2758647298232695,0.22914074061253278
3,0.9488187004313342,0.7000000000000002,0.5930232558139534,0.84175,0.7160022155364494,1.0,0.26236559139784954,1,2,0.358502093388013,0.7566893113982328
0,0.2671712814804508,0.7000000000000002,0.1744186046511628,0.4535,0.25176550560807665,0.3514816086841468,0.5677419354838711,0,1,0.4649089821969654,0.247935752425294
2,0.08902741060247668,0.6500000000000001,0.18604651162790697,0.26325,0.06629615176424677,0.10798880699956648,0.05268817204301077,0,0,0.539558854135963,0.10873677014010885
1,0.30705440378461113,0.3500000000000001,0.3953488372093023,0.54275,0.2852062588904694,0.3532889291766839,0.3989247311827958,1,1,0.6294639136491182,0.1865628759097557
1,0.679944343954362,0.75,0.20930232558139536,0.3785,0.5407356588073868,0.7747887236713942,0.3107526881720431,1,1,0.33965713582187274,0.5806288023677447
0,0.27230276888827043,0.55,0.27906976744186046,0.08349999999999999,0.25176550560807665,0.33807027717877836,0.5376344086021506,1,0,0.5212167809104418,0.21594783346170152
3,0.825312369556143,0.7000000000000002,0.7674418604651162,0.8747499999999999,0.7495562632963659,0.9864760628564673,0.7580645161290324,1,2,0.45521295321429256,0.6645092728012255
0,0.2443022123278141,0.45000000000000007,0.10465116279069767,0.19724999999999998,0.25176550560807665,0.31378124102673827,0.827956989247312,0,1,0.6319358652177065,0.17552465102593615
2,0.1761458188395714,0.45000000000000007,0.1744186046511628,0.33975,0.1101222321529727,0.24505238977315597,0.08817204301075268,0,0,0.08327849557044864,0.13525326040864363
0,0.2332099624321692,0.6500000000000001,0.6046511627906976,0.44175,0.25176550560807665,0.26980310904166976,0.6505376344086022,0,1,0.8669773030821737,0.2118648585497564
2,0.09568943926534018,0.55,0.08139534883720931,0.02125,0.08020619594909303,0.1090304091525863,0.10967741935483871,0,0,0.676392985921306,0.10060803267764576
4,0.07469597885070264,0.5,0.023255813953488372,0.1345,0.033856166366646095,0.10801695840910758,0.34623655913978507,0,0,0.19782212467212767,0.08110390902875736
2,0.18062613051342705,1.0,0.12790697674418605,0.39849999999999997,0.1631629300469543,0.20666512772294515,0.003225806451612901,0,1,0.6568802309568345,0.23787179908786446
3,0.7934103241964657,0.8500000000000001,0.813953488372093,0.916,0.771629804000554,0.9021907426904865,0.613978494623656,1,2,0.6670452218639438,0.7251334019886978
4,0.2437734798942535,1.0,0.19767441860465115,0.1165,0.21327055980060178,0.2896048105128624,0.22258064516129036,0,1,0.5267903194331678,0.29678502505343873
0,0.32701822735494646,0.8,0.5581395348837209,0.57875,0.25176550560807665,0.4377431577999111,0.6526881720430109,1,1,0.16676523707227742,0.31988472821995106
4,0.35267009878948097,0.7000000000000002,0.15116279069767444,0.23275,0.3088910988305492,0.3806689900963341,0.2397849462365592,0,1,0.6304537651625572,0.3117485482852025
2,0.21809934604146372,0.4,0.16279069767441862,0.06799999999999999,0.2013431689724191,0.248323583561829,0.08064516129032259,0,0,0.6699793680826207,0.14978858186286811
4,0.28633365799359956,0.75,0.15116279069767444,0.21375000000000002,0.27776029406211056,0.31802647358553243,0.12580645161290324,0,0,0.7559477105804839,0.27461338087284626
2,0.09511061639070542,0.75,0.12790697674418605,0.0,0.06925439645514167,0.1176560010359719,0.17419354838709677,0,0,0.4892115081484971,0.12594566995231626
0,0.3470043133435369,0.75,0.46511627906976744,0.41075,0.25392439481866586,0.46210538761675807,0.7784946236559142,0,1,0.10744435020996534,0.32178221249123784
1,0.4606316961179908,0.55,0.3255813953488372,0.14200000000000002,0.3790329686929594,0.5800823147214982,0.6548387096774195,1,1,0.2781670192855161,0.3389386688359455
0,0.6761040768053429,0.55,0.3255813953488372,0.39025,0.5954820680018631,0.8224152783329861,0.8397849462365593,0,1,0.3903251050796783,0.4796559154673613
0,0.4591623765131486,0.7000000000000002,0.40697674418604646,0.29000000000000004,0.44912448545424793,0.5144163368259849,0.8731182795698926,1,1,0.7284716703683325,0.3912299983557328
3,0.6937860025045219,0.75,0.45348837209302323,0.698,0.6181661400571508,0.8379041838624859,0.31182795698924737,1,2,0.4181976437283199,0.5913900980502454
1,0.5589314039237512,0.8,0.43023255813953487,0.0745,0.43323808205037834,0.7304727747718329,0.39247311827957,1,1,0.12474744729771747,0.5073993751784895
1,0.17907332684012797,0.75,0.2906976744186046,0.523,0.1888241292060575,0.24260321714308236,0.45483870967741946,1,1,0.6197222252785168,0.19122307512569986
4,0.378338667037707,0.8,0.26744186046511625,0.10300000000000001,0.2933068140334093,0.3806689900963341,0.05698924731182796,0,1,0.5546714561576722,0.361380145907073
3,0.588417976902741,0.7000000000000002,0.43023255813953487,0.6072500000000001,0.5838316192298494,0.6554323774991413,0.37741935483870975,1,2,0.7540269872908525,0.4877010549271763
3,0.9278753304577709,0.7000000000000002,0.7790697674418604,0.40474999999999994,0.8222976120041794,1.0,0.7365591397849464,1,2,0.5911011384259293,0.741058042629789
2,0.12443022123278141,0.75,0.06976744186046513,0.038,0.08176084794622288,0.165783650787395,0.1849462365591398,0,0,0.26944518748527657,0.1487404048358762
3,0.4286851259218032,0.7000000000000002,0.43023255813953487,0.36675,0.3376427195709916,0.5524657819617029,0.7204301075268817,1,1,0.19956841239444367,0.3684830337594005
2,0.01761513844441351,0.25,0.11627906976744187,0.35125000000000006,0.0,0.02479013124187132,0.16451612903225807,1,0,0.5725529622415488,0.02550691024897666
0,0.7682037011270348,0.6500000000000001,0.36046511627906974,0.7705,0.7228628255642695,0.887394361835697,0.5720430107526884,0,2,0.5798761134550718,0.5945247635284242
4,0.08453040211492974,0.9500000000000002,0.11627906976744187,0.1165,0.06592479764347489,0.09922808835038371,0.03548387096774194,0,0,0.6141778042247943,0.14211954687459433
0,0.5085960762487824,0.6500000000000001,0.441860465116279,0.34,0.47257014816400006,0.5934598645354174,0.8978494623655915,0,1,0.565738686233616,0.4088376762178394
4,0.33505496034506743,0.6500000000000001,0.20930232558139536,0.0,0.327773511751155,0.37185759890997744,0.14731182795698927,0,1,0.7613129516329245,0.284710565714434
3,0.8180269931821343,0.75,0.46511627906976744,1.0,0.6117020607006634,1.0,0.29569892473118287,0,2,0.1302691010074286,0.687982138066515
0,0.5906720467510782,0.9000000000000001,0.18604651162790697,0.31224999999999997,0.47764951723964305,0.754970131354477,0.8989247311827958,1,1,0.20423357570657763,0.5767434856732409
0,0.27683873660776404,0.6500000000000001,0.15116279069767444,0.5175,0.25176550560807665,0.32966989657172135,0.5376344086021506,0,1,0.5581740158786277,0.24307079868112472
4,0.37092528175873096,0.8,0.2906976744186046,0.10149999999999999,0.3347662986694193,0.3806689900963341,0.19032258064516133,0,1,0.7562781077793124,0.3553860133445259
1,0.34495617086406005,0.45000000000000007,0.5348837209302325,0.33,0.2554349878523144,0.4566102324743401,0.403225806451613,0,1,0.1288390986412702,0.234997793220427
1,0.3613301794907472,0.7000000000000002,0.3953488372093023,0.613,0.29917924445171773,0.45060835196018273,0.8075268817204303,0,1,0.33254072806041735,0.31821207584398503
1,0.25752052316682894,0.4,0.10465116279069767,0.43575,0.19307896625083398,0.3354803475009994,0.3322580645161291,1,0,0.21914929874500277,0.17185533910846107
4,0.35157367469041323,0.8500000000000001,0.18604651162790697,0.035,0.3433640906859351,0.3806689900963341,0.21935483870967745,0,1,0.7980869260752221,0.3541436397151091
3,0.3999610407680534,0.6000000000000001,0.6627906976744186,0.58775,0.3926597766839966,0.4451413482273057,0.3043010752688173,1,1,0.753187494134137,0.31522608673076424
2,0.1027187978294142,0.6000000000000001,0.08139534883720931,0.31899999999999995,0.05306587444454236,0.14753027684096148,0.07096774193548387,0,0,0.12797261832212237,0.1118641662267531
1,0.2686350354807291,0.7000000000000002,0.43023255813953487,0.32025,0.2569392867483226,0.3008484834835681,0.706451612903226,0,1,0.7258913943150207,0.24902823812449695
1,0.5169333518853484,0.6500000000000001,0.3837209302325581,0.29600000000000004,0.4953989853850124,0.5899071566513336,0.8193548387096776,0,1,0.6544766104428239,0.41480100040673973
2,0.17902880200361762,1.0,0.15116279069767444,0.315,0.14549528569090753,0.21923191694208133,0.07634408602150537,0,1,0.4528910792625016,0.23638157382326727
2,0.11295951022679837,0.050000000000000044,0.08139534883720931,0.14425,0.07354070418811917,0.1499231466519529,0.012903225806451615,0,0,0.29680711896678535,0.042046679878497306
2,0.24594963127869765,0.8500000000000001,0.11627906976744187,0.10725,0.1769722680295573,0.26806335193203124,0.015053763440860218,0,0,0.4097397577619095,0.26545602450823436
3,0.45575066091554184,0.6000000000000001,0.43023255813953487,0.8340000000000001,0.4504210778081295,0.5063425125696044,0.7000000000000002,1,2,0.7617669380641392,0.3533952385485448
2,0.11930986503408933,0.5,0.10465116279069767,0.08075,0.10141743979657347,0.13784056167692316,0.012903225806451615,0,0,0.6386220102723674,0.10885221500090866
3,0.6680228189787115,0.6500000000000001,0.5813953488372092,0.8247500000000001,0.6326237742166945,0.7728350158492436,0.4956989247311828,1,2,0.5955072036557543,0.5228693326871652
3,0.8016863781828301,0.75,0.5465116279069767,0.892,0.7651027832676645,0.9247625428605208,0.49139784946236564,0,2,0.6055407093141325,0.6752780109560116
4,0.2757590093223876,0.8,0.1744186046511628,0.20425,0.2655119022142777,0.3075935612096098,0.2666666666666667,0,1,0.7402334467311393,0.2784388116275649
3,0.8282398775566996,0.75,0.6976744186046512,0.66025,0.6764498546054205,1.0,0.5946236559139786,1,2,0.2719523303007165,0.6959222175105796
4,0.1835480729094198,0.6000000000000001,0.23255813953488372,0.26875,0.12668840242198415,0.24519877710276955,0.21935483870967745,1,0,0.19261263969231956,0.16716450459962098
0,0.6655795185752053,0.7000000000000002,0.5116279069767442,0.577,0.49099308903687106,0.887394361835697,0.6172043010752689,0,2,0.016115111550280004,0.5452912516334496
1,0.48855989981911774,0.5,0.313953488372093,0.06949999999999999,0.3642606276514055,0.649796465309018,0.6860215053763442,0,1,0.07293500737099912,0.33851306326966846
3,0.7779156810908584,0.75,0.7790697674418604,0.49750000000000005,0.6010460856758015,1.0,0.7010752688172045,0,2,0.10695134974918696,0.6567973137867472
3,0.645365242799499,0.6500000000000001,0.686046511627907,0.92325,0.5374249424086406,0.812156904696218,0.6440860215053764,0,2,0.25833787962626076,0.5066632627452339
0,0.5877222763322665,0.7000000000000002,0.37209302325581395,0.43575,0.44645577109480233,0.7769057096688832,0.9247311827956991,0,1,0.07810391006961415,0.4871818126747034
0,0.7895144010018087,0.8,0.40697674418604646,0.54725,0.7630571885345989,0.887394361835697,0.5795698924731184,0,2,0.6776034610531065,0.6938384983514059
1,0.710978155002087,0.7000000000000002,0.19767441860465115,0.00875,0.6321894787195208,0.7747887236713942,0.34516129032258075,0,1,0.5898099162281152,0.5791749240608206
4,0.33832197022401556,1.0,0.22093023255813954,0.27575,0.230516496934755,0.3806689900963341,0.24193548387096778,0,1,0.2493385342543044,0.3849938989035334
1,0.6752859329344649,0.4,0.18604651162790697,0.62425,0.5080061430783369,0.7747887236713942,0.33118279569892484,0,1,0.2501323967914213,0.405707510839182
4,0.1275580909976346,0.8,0.20930232558139536,0.17575000000000002,0.0922468812547993,0.1627320379931423,0.15698924731182798,1,0,0.3774425580946543,0.1586101615708809
0,0.47105050786141645,0.9000000000000001,0.45348837209302323,0.52525,0.4525296139175972,0.5354172883436272,0.5784946236559141,1,2,0.6709213495552071,0.47258279750417564
1,0.5015667176847085,0.6000000000000001,0.25581395348837205,0.6332500000000001,0.4243192890142122,0.6223995135436431,0.3612903225806452,1,1,0.3276421113995247,0.3847408548458283
3,0.5802365381939613,0.6500000000000001,0.441860465116279,0.5525,0.5533428165007113,0.6661468039704748,0.2720430107526883,1,1,0.6289290172867126,0.4600792709838776
0,0.3878836788646166,0.8500000000000001,0.43023255813953487,0.59425,0.37173806316796537,0.43941535152665095,0.9376344086021507,0,1,0.6846712383481057,0.3846314678113074
3,0.8302045359677195,0.8500000000000001,0.40697674418604646,0.45525000000000004,0.7031118216493157,1.0,0.6161290322580646,0,2,0.3302949140750302,0.7560277967685824
4,0.1817726450535689,0.10000000000000009,0.1744186046511628,0.21675,0.12471204320296075,0.24338019604641603,0.15053763440860218,0,0,0.18768266137635536,0.07471030609330782
3,0.9105329066369834,0.5,0.6046511627906976,0.50475,0.7103626682108284,1.0,0.4311827956989248,1,2,0.3461614524385832,0.6009657905895996
3,0.8038013079170724,0.75,0.4883720930232558,0.363,0.7427523005073076,0.9490403184487448,0.5860215053763441,0,2,0.5071344309221646,0.6769222780888424
2,0.20387922638096564,0.75,0.046511627906976744,0.1005,0.13121388738528939,0.26806335193203124,0.061290322580645165,0,0,0.12365410820109202,0.2105085977862972
2,0.19835814665368026,0.75,0.06976744186046513,0.2445,0.18869195231561325,0.21969923034046318,0.15698924731182798,0,1,0.7581203589141785,0.20621619516585468
0,0.6779295951022679,0.8500000000000001,0.45348837209302323,0.50275,0.5992144916225028,0.8227699860932036,0.613978494623656,1,1,0.3993174988717323,0.6281695845196577
4,0.2698984277167107,0.5,0.10465116279069767,0.04125,0.18263069776809882,0.36987010939637754,0.3150537634408603,1,0,0.04914993739450502,0.20251313250196878
2,0.010262974815639342,0.75,0.06976744186046513,0.091,0.0,0.014711926626166189,0.012903225806451615,0,0,0.7197716166699697,0.05998026879440603
1,0.2672325031306526,0.8,0.23255813953488372,0.24774999999999997,0.1888241292060575,0.3655798345823176,0.6096774193548388,0,1,0.09356810316432496,0.27154465916073145
4,0.2991846389314039,0.5,0.16279069767441862,0.4435,0.22182429285363608,0.3806689900963341,0.3193548387096775,0,1,0.20707061473259736,0.22072815071871785
1,0.7728788089606233,0.55,0.3023255813953488,0.666,0.6104432331726231,0.7747887236713942,0.5967741935483871,0,2,0.5303276136607671,0.5428560054693519
4,0.10981494364825378,0.8,0.19767441860465115,0.12175,0.09028311031105629,0.1285900085017257,0.2548387096774194,0,1,0.607980307430984,0.14426384429655656
4,0.23874217336858214,0.75,0.16279069767441862,0.38125,0.2265826609096288,0.2675172145869344,0.30107526881720437,0,1,0.7229664077134805,0.2376130433653821
4,0.06677055795185749,0.45000000000000007,0.24418604651162792,0.293,0.03605911454071678,0.0900000563028191,0.2849462365591398,1,0,0.3631711873064032,0.070626985019861
3,0.41728120217058573,0.7000000000000002,0.7209302325581395,0.612,0.3418534976522867,0.5256262281052413,0.4086021505376345,1,1,0.2848167486073958,0.3599716147568648
2,0.04080144705718658,0.3500000000000001,0.023255813953488372,0.23900000000000002,0.01839776432231019,0.05326809713362349,0.0043010752688172026,1,0,0.49880092707393175,0.04580270525213538
3,0.4881591762905245,0.8,0.441860465116279,0.49775,0.39508301967547427,0.621425474773522,0.33978494623655925,1,1,0.23362517565747543,0.4501761096639638
2,0.18650897453735907,0.4,0.08139534883720931,0.04425,0.14630722944649355,0.23365106890902032,0.14838709677419357,0,0,0.3808217910027629,0.13210526771265133
1,0.416702379295951,0.8,0.34883720930232553,0.4085,0.3758040760835359,0.4940910191373283,0.34946236559139787,0,1,0.5096478997477667,0.3923993319083018
2,0.04293307360512033,1.0,0.16279069767441862,0.1825,0.01693123025214316,0.058881488196114024,0.13225806451612904,0,0,0.41908543371468077,0.10941126582607116
2,0.041168776958397074,0.45000000000000007,0.05813953488372093,0.1415,0.017667644356046786,0.054664407046860874,0.008602150537634409,0,0,0.4735281965708069,0.05549972739781743
4,0.32252678447196326,0.9000000000000001,0.18604651162790697,0.30025,0.30307531565100265,0.3686145565308455,0.15268817204301077,0,1,0.6530038436318206,0.34325547584225413
0,0.7797078057604007,0.8,0.37209302325581395,0.25125000000000003,0.6483654124548395,0.887394361835697,0.5989247311827958,0,2,0.39874537650387554,0.6859093229946431
4,0.16320578822874635,0.75,0.2906976744186046,0.20400000000000001,0.11314341822026963,0.21615778302019584,0.18709677419354842,1,0,0.23734210287627433,0.17888674461069812
2,0.10081536106859607,0.10000000000000009,0.09302325581395349,0.03924999999999999,0.049056508767733736,0.1472600233093671,0.046236559139784944,0,0,0.09341999027398584,0.04449871487542513
0,0.7430972589397523,0.8,0.34883720930232553,0.2605,0.6978436284444669,0.8663934103180546,0.8053763440860217,1,1,0.5614255339867567,0.6563076683426653
4,0.040306108251008776,0.7000000000000002,0.27906976744186046,0.07825,0.005419252508213873,0.06386991796679262,0.15806451612903227,0,0,0.2197530766137359,0.0786129308628941
4,0.2989341867260331,0.30000000000000004,0.24418604651162792,0.0,0.27266204257354704,0.3480865486934931,0.23010752688172045,0,0,0.5874593074427807,0.16950247938175556
0,0.763378321970224,0.9000000000000001,0.45348837209302323,0.5895,0.6127846523747782,0.887394361835697,0.9784946236559142,1,2,0.3122354021894864,0.7271278114804464
2,0.07417281202170584,0.6500000000000001,0.10465116279069767,0.06625,0.025862611563589682,0.11410892343379636,0.02795698924731183,0,0,0.07315503491397846,0.09811186208925773
4,0.06037011270349241,0.5,0.1744186046511628,0.082,0.04418484623421745,0.06978734425232672,0.33655913978494634,0,0,0.6560242815030215,0.07219371197632254
3,0.5195992764714067,0.7000000000000002,0.7558139534883721,0.7377499999999999,0.39666914236080514,0.6836119384497581,0.5892473118279571,0,1,0.10655040081292921,0.4363376113125579
4,0.0803395018783915,0.75,0.25581395348837205,0.353,0.02655496670401189,0.12596066685058926,0.05161290322580646,1,1,0.006707614150532004,0.11446176213512416
0,0.8644608320578822,0.9500000000000002,0.6046511627906976,0.34075,0.7496066163974875,0.887394361835697,0.7698924731182797,1,2,0.6449001504021517,0.8454999870189438
3,0.8106636983442326,0.75,0.34883720930232553,0.59925,0.6600850967408955,1.0,0.44946236559139796,1,2,0.23614243468853147,0.6822574922330014
1,0.6729483790176708,0.45000000000000007,0.36046511627906974,0.61325,0.6709613665831644,0.7485178282876623,0.831182795698925,0,2,0.7613342175338882,0.4287976945643991
4,0.02127174064282733,0.9000000000000001,0.10465116279069767,0.265,0.007848789637331793,0.023179870616121784,0.3387096774193549,0,1,0.7243334867532647,0.08093705918496275
4,0.3372533741477668,0.6500000000000001,0.22093023255813954,0.1395,0.23864222862825563,0.3806689900963341,0.2612903225806452,0,0,0.28885184642122974,0.2862830043356728
1,0.5163990538472242,0.8,0.40697674418604646,0.28625,0.5012210627021991,0.583612501477949,0.6225806451612904,1,1,0.6936573452789616,0.47300961463570834
4,0.14576874913037427,0.4,0.26744186046511625,0.0,0.12834376062135727,0.16729256633879658,0.178494623655914,0,0,0.6517145042510111,0.10930014798404195
0,0.5064700153054125,0.6000000000000001,0.5,0.3365,0.48170294187993307,0.5809831598268125,0.6096774193548388,1,1,0.6337328856817657,0.3880955059583049
4,0.06092110755530819,0.30000000000000004,0.16279069767441862,0.22275,0.027914500434295497,0.08546204908479771,0.3129032258064517,1,0,0.30791530136373524,0.05107370643773852
2,0.062407123973841655,0.45000000000000007,0.0,0.14975,0.025208021249008672,0.09088401056240888,0.11935483870967745,1,0,0.2323957644026402,0.06804877415558229
3,0.5485738138305273,0.75,0.43023255813953487,0.583,0.42505570311811586,0.716841862272044,0.4473118279569893,1,1,0.1268392104213667,0.47849385130632704
0,0.5679198552942814,0.45000000000000007,0.24418604651162792,0.47825,0.4361333853648712,0.7460742859394971,0.7903225806451615,1,1,0.10415355605484922,0.3667397644370982
2,0.16881035202448866,0.7000000000000002,0.11627906976744187,0.17575000000000002,0.12301262604010624,0.21867451903316798,0.10430107526881721,0,0,0.29532050381046937,0.17452320580166678
1,0.27986085988590503,0.55,0.4767441860465116,0.7615,0.2454965445184355,0.33379126292853484,0.5784946236559141,0,1,0.5062815101728404,0.22088375031370885
0,0.8832224850424377,0.75,0.3255813953488372,0.7084999999999999,0.8606100278200883,0.887394361835697,0.870967741935484,1,2,0.9147904576741428,0.7386688359454104
2,0.1743425629609016,0.9500000000000002,0.19767441860465115,0.10749999999999998,0.11537783708254132,0.23669705142136466,0.1053763440860215,0,1,0.15507147079051897,0.22311666508009312
2,0.25036315569778766,0.25,0.08139534883720931,0.2385,0.16832412291191984,0.26806335193203124,0.13870967741935486,0,0,0.355670750540924,0.13407786902979585
4,0.09031306525671348,0.6500000000000001,0.16279069767441862,0.27449999999999997,0.06397990911265247,0.11265631070147686,0.13333333333333333,0,1,0.476088676595916,0.10965634816923836
3,0.44356198692082927,0.75,0.8488372093023255,0.595,0.41520537771119975,0.5131889353699939,0.27096774193548395,1,2,0.6019726671380943,0.39685166114250603
2,0.1265006261305134,0.5,0.18604651162790697,0.22775,0.09864801923488464,0.1548665341673658,0.15053763440860218,0,0,0.4856999967245297,0.11332462160220849
4,0.19391122860720747,0.5,0.26744186046511625,0.0555,0.14253074686237238,0.25199452736598527,0.1817204301075269,0,0,0.2657367499344161,0.15525170268188626
1,0.6903909837206066,0.10000000000000009,0.5232558139534883,0.41250000000000003,0.6813089288636565,0.7745466215493411,0.6677419354838711,0,1,0.724759423636604,0.2645161960312584
1,0.6443133435369417,0.45000000000000007,0.3023255813953488,0.22100000000000003,0.5334281650071124,0.7747887236713942,0.37526881720430116,0,1,0.3196690162037279,0.41187818576756985
3,0.8203478502852372,0.8,0.872093023255814,0.4625,0.6629992824683091,1.0,0.3204301075268818,0,2,0.2425193507148551,0.7187690497001377
0,0.3293279532489216,0.6000000000000001,0.3953488372093023,0.781,0.2528921562456728,0.4272652031687227,0.581720430107527,1,1,0.20303717747836947,0.2669015949391188
0,0.43609851120077914,0.6000000000000001,0.5116279069767442,0.61425,0.344824330618462,0.5610463315898226,0.8784946236559141,1,1,0.2043017968604297,0.3399499796630119
4,0.06108807569222205,0.9000000000000001,0.26744186046511625,0.13125,0.04066642329334458,0.0743929148532467,0.26989247311827963,0,1,0.563609500129939,0.11560721054407935
1,0.2025546124947822,0.4,0.41860465116279066,0.47300000000000003,0.1930663779755536,0.22428791009565852,0.3559139784946237,0,1,0.7595239356142167,0.1410871201959274
2,0.0901739251426186,0.0,0.08139534883720931,0.16125,0.05063004317778422,0.12432788509720683,0.1806451612903226,0,0,0.25335379607091757,0.02797677256323937
4,0.35925977459301517,0.3500000000000001,0.2906976744186046,0.26575000000000004,0.3312541698661866,0.3806689900963341,0.19139784946236563,0,0,0.7391995421796651,0.2141623324361981
1,0.3975400027828022,0.8,0.4767441860465116,0.6174999999999999,0.36701116580017373,0.46318640174313525,0.5376344086021506,0,1,0.5774271828688373,0.3769054892560124
0,0.8631751774036455,0.7000000000000002,0.41860465116279066,0.40625,0.7047294150228478,0.887394361835697,0.8752688172043012,0,2,0.5357870924043457,0.6927685131498101
4,0.11450118269096979,0.8,0.1744186046511628,0.48800000000000004,0.07609612407004115,0.15076768893818515,0.2989247311827958,0,1,0.3141213504683773,0.14805292809360204
2,0.23639905384722412,0.0,0.09302325581395349,0.12125,0.1650889361648561,0.26806335193203124,0.04731182795698925,0,0,0.33544406225010426,0.07345027822730694
4,0.05495477946291916,0.9500000000000002,0.11627906976744187,0.09575,0.017604702979644754,0.08261312643924085,0.3408602150537635,0,0,0.2106331718637331,0.11544676468806522
4,0.30633087519131763,0.75,0.23255813953488372,0.25925,0.24054935233323682,0.3806689900963341,0.0935483870967742,0,1,0.29812569118232823,0.29016035931563877
1,0.41242799499095584,0.6000000000000001,0.3372093023255814,0.19224999999999998,0.3448683895819434,0.5131213719870955,0.6301075268817206,0,1,0.33103931622991256,0.3237555061313856
3,0.9835536385139836,0.9000000000000001,0.5465116279069767,0.55625,0.7494114981306412,1.0,0.7666666666666668,0,2,0.4316093725839665,0.9188458975535037
0,0.6789647975511339,0.5,0.5116279069767442,0.30775,0.5361220559171187,0.8813080270929166,0.8150537634408603,1,1,0.13556511927812864,0.45693837459866904
3,0.35984972867677745,0.7000000000000002,0.627906976744186,0.11775000000000001,0.3424136759022646,0.408927374993666,0.5430107526881721,0,1,0.6731811183296446,0.31710712833072274
2,0.19023792959510225,0.3500000000000001,0.0,0.0435,0.1461561701431287,0.24133077343182574,0.16666666666666669,0,0,0.34083267016566854,0.12480541396588579
4,0.10074300820926671,0.8500000000000001,0.16279069767441862,0.35150000000000003,0.054557585065270225,0.14218713931006527,0.04731182795698925,0,1,0.17377903913824544,0.14353275120507475
2,0.09521079727285375,0.20000000000000007,0.09302325581395349,0.17575000000000002,0.04642555923412933,0.13826846310194757,0.1591397849462366,0,0,0.1225442242913839,0.05527126080672938
2,0.26889661889522753,0.55,0.08139534883720931,0.09,0.19159984390538654,0.26806335193203124,0.04838709677419355,0,0,0.5011927219406356,0.21372339965210774
3,0.9480061221650202,0.8,0.5697674418604651,0.2465,0.7611563589672579,1.0,0.703225806451613,0,2,0.45730985920409606,0.8219878324232172
4,0.23976067900375678,0.9000000000000001,0.19767441860465115,0.0,0.1579891489067083,0.3309367100010698,0.3279569892473119,0,0,0.04687847484105512,0.2711867281680268
2,0.13978015861973006,0.4,0.12790697674418605,0.05875,0.11129294175405027,0.17042300307976427,0.00967741935483871,0,0,0.48745564692853316,0.10594792000207695
4,0.11459579796855432,0.55,0.23255813953488372,0.10825,0.0975213685972885,0.13178800862559187,0.22150537634408604,0,0,0.6512090275618496,0.11295509419919861
1,0.17743703909837208,0.45000000000000007,0.16279069767441862,0.24125000000000002,0.1888241292060575,0.20974489192673879,0.7763440860215055,0,0,0.8255468756125681,0.13601620035827716
0,0.6403339362738276,0.8500000000000001,0.5,0.6875,0.5819685544883495,0.7621318499417267,0.8784946236559141,0,2,0.48003205985385455,0.5966022517805682
2,0.08656741338527896,0.6000000000000001,0.12790697674418605,0.0585,0.04240360528204032,0.12438418791628897,0.15591397849462368,0,0,0.1720237286146964,0.10081399877112665
1,0.4561903436760818,0.6000000000000001,0.2906976744186046,0.42999999999999994,0.42731529853094824,0.5279008619961603,0.3784946236559141,0,1,0.6006803951876958,0.3536960528934775
1,0.772205370808404,0.7000000000000002,0.46511627906976744,0.45775000000000005,0.6870491823915206,0.7747887236713942,0.6967741935483872,0,2,0.7398671518799256,0.6248723962164549
2,0.03166272436343398,0.6500000000000001,0.11627906976744187,0.25325,0.0011329447752363442,0.050222114621279096,0.0827956989247312,0,0,0.2917251845725719,0.06770607426895017
0,0.391523584249339,0.75,0.5,0.47,0.2931054016289228,0.5171245024238362,0.6387096774193549,1,1,0.12143641042188502,0.35639403563732663
3,0.6342674272992904,0.7000000000000002,0.5116279069767442,0.48524999999999996,0.6188710834728535,0.7168531228358603,0.760215053763441,1,1,0.6933972434281095,0.5219211963341498
3,0.5991484625017391,0.75,0.7093023255813953,0.8575,0.4530772038922947,0.7940949603346639,0.6268817204301076,0,2,0.06665883990074262,0.5178134708748368
0,0.8084875469597884,0.75,0.5581395348837209,0.5575,0.6768715618273142,0.887394361835697,0.7784946236559142,0,2,0.4680543582250625,0.6805656278936939
1,0.19125086962571305,0.5,0.34883720930232553,0.5495,0.1888241292060575,0.23533452319957665,0.6483870967741937,0,1,0.6620293456182742,0.15359705070400592
0,0.7405203840267148,0.7000000000000002,0.313953488372093,0.6777500000000001,0.6199851458351691,0.887394361835697,0.5935483870967743,0,2,0.3297424622665537,0.6012240270698295
2,0.08736886044246553,0.3500000000000001,0.12790697674418605,0.0,0.05734588803987967,0.11264505013766041,0.011827956989247313,1,0,0.40769928847886705,0.07042153816863256
1,0.6232530958675386,0.7000000000000002,0.26744186046511625,0.35150000000000003,0.5910761716537216,0.7194261616679147,0.31397849462365596,1,1,0.6057661601758382,0.513700552992999
3,0.7837094754417698,0.7000000000000002,0.4883720930232558,0.50125,0.76714208386309,0.8865667103951895,0.2505376344086022,1,1,0.6893100067655882,0.6334585861033466
4,0.24506470015305412,0.8,0.23255813953488372,0.36124999999999996,0.21035007993554805,0.29482408184177783,0.335483870967742,1,1,0.4847599319957998,0.25362076276686885
3,0.4994517879504661,0.7000000000000002,1.0,0.52,0.4320296076234595,0.6112121433920197,0.4086021505376345,0,1,0.38089729299128083,0.42130035568094304
2,0.17920690134965908,0.45000000000000007,0.046511627906976744,0.111,0.1321139490678382,0.23156786460298068,0.178494623655914,0,0,0.2938897013998285,0.13706195425475753
0,0.23165715875887014,0.4,0.5116279069767442,0.55575,0.25176550560807665,0.28641244067090443,0.7645161290322582,1,1,0.7723184884122161,0.1573778266250119
0,0.532940030610825,0.7000000000000002,0.6744186046511628,0.6432499999999999,0.44797265826609095,0.6647054518019717,0.7559139784946237,0,2,0.3044385370130047,0.44629460074597804
3,0.608715736746904,0.7000000000000002,0.5232558139534883,0.5725,0.5961995996928462,0.6854248892242034,0.381720430107527,1,1,0.7088742719087449,0.5028504668853254
0,0.7161986920829275,0.75,0.40697674418604646,0.5820000000000001,0.6241392766777023,0.8779017065384465,0.7580645161290324,0,2,0.357085065150089,0.6088150026394815
2,0.06059830249060805,0.45000000000000007,0.12790697674418605,0.1525,0.01976359219023402,0.09210015145458336,0.006451612903225806,0,0,0.16133425636199106,0.06698000051924226
4,0.26428829831640455,0.8,0.18604651162790697,0.236,0.24862473092561588,0.29948032497987176,0.05053763440860215,0,1,0.6848501615000224,0.2691641065138941
2,0.16138026993182134,0.45000000000000007,0.11627906976744187,0.1895,0.12106773750928387,0.20537579316596383,0.05053763440860215,0,0,0.3522457659515643,0.1265287790018433
4,0.16694587449561707,0.9000000000000001,0.1744186046511628,0.08,0.10633945543121137,0.22981121664761756,0.24193548387096778,1,1,0.12419857588580463,0.20778309520306698
0,0.49743147349380823,0.8,0.27906976744186046,0.9442499999999999,0.4705560241191355,0.5726672334483789,0.7591397849462367,1,2,0.6196241746537636,0.4576732754666689
2,0.1903603728955058,0.7000000000000002,0.08139534883720931,0.26,0.1333727765958786,0.25300797810946396,0.05376344086021506,1,0,0.20152887847699597,0.19060725381426707
0,0.8002782802281897,0.8500000000000001,0.40697674418604646,0.29075,0.6326300683543347,0.887394361835697,0.8365591397849464,0,2,0.36048694102077383,0.7309001064446619
4,0.3348824266035898,0.5,0.18604651162790697,0.182,0.3143984692657259,0.3806689900963341,0.3215053763440861,0,0,0.6572346700007137,0.24293094943445867
4,0.3307694448309447,0.6500000000000001,0.15116279069767444,0.09425,0.31838895252961397,0.3715873453783831,0.15698924731182798,0,0,0.7160647010875387,0.2816453056173358
0,0.4804897732016139,0.7000000000000002,0.627906976744186,0.61175,0.44936366268457567,0.5573472363761254,0.581720430107527,1,2,0.5903647042024336,0.40714788884754183
4,0.2939696674551273,0.9000000000000001,0.15116279069767444,0.17525,0.220760583592442,0.3806689900963341,0.03655913978494624,1,0,0.20189807425528494,0.31838931053282915
4,0.0032892722972032856,0.5,0.1744186046511628,0.2855,0.0,0.0071560883053414515,0.14408602150537636,0,0,0.844755128389399,0.03669138836724273
4,0.0794378739390566,0.7000000000000002,0.19767441860465115,0.29250000000000004,0.04185601530734273,0.11045487047536473,0.33118279569892484,0,0,0.26383470400031106,0.10781926907998926
3,0.5151356616112424,0.8500000000000001,0.8023255813953488,0.35075,0.455236093102884,0.6221911931130393,0.3440860215053764,1,2,0.42995933744910264,0.49147906155616905
0,0.5596382357033531,0.9000000000000001,0.3953488372093023,0.22025,0.5365248807260918,0.6395099402627089,0.7139784946236561,1,1,0.6483057813675537,0.5497207342085451
1,0.25760400723528587,0.6000000000000001,0.3255813953488372,0.28725,0.24954996915872557,0.2851343666777396,0.3645161290322581,0,1,0.7660541526538414,0.21783077894991906
1,0.5523918185612912,0.6000000000000001,0.3255813953488372,0.5375,0.4233185211294201,0.7261205668567825,0.3268817204301076,1,1,0.10427979519997832,0.41951347000943295
1,0.2074189508835397,0.45000000000000007,0.313953488372093,0.33975,0.1888241292060575,0.24114497412885466,0.4838709677419355,0,1,0.6280755608834621,0.15373153444739646
0,0.5089522749408654,0.55,0.627906976744186,0.45675,0.4152809073628822,0.6454217362663348,0.6204301075268818,0,1,0.24471917597053316,0.3704950974877329
0,0.8393321274523444,0.8,0.5348837209302325,0.3855,0.7053210639610268,0.887394361835697,0.795698924731183,1,2,0.53722560957851,0.7341188891677412
4,0.2573479894253513,0.6000000000000001,0.20930232558139536,0.10425000000000001,0.19891363184330113,0.32991762897568283,0.3301075268817205,1,1,0.27145431017394905,0.2176556212300849
4,0.23230276888827048,0.30000000000000004,0.1744186046511628,0.172,0.19757298052593814,0.2804443418481964,0.3483870967741936,0,0,0.476943906196571,0.13634851539985982
4,0.1947627661054682,0.6500000000000001,0.05813953488372093,0.2915,0.1593675650499125,0.23866765008923996,0.14838709677419357,0,0,0.44341132618428003,0.18436509653578878
0,0.4066397662446083,0.9000000000000001,0.46511627906976744,0.51025,0.38049950276312644,0.46953172945369376,0.9655913978494626,1,2,0.6112718499283474,0.4164970186840671
0,0.8790260192013357,0.9000000000000001,0.5232558139534883,0.22474999999999998,0.8160097685016177,0.887394361835697,0.6989247311827959,0,2,0.8063507481408403,0.8278282692790322
1,0.3533880617782106,0.6500000000000001,0.5,0.33775,0.2824116617782198,0.44952733783380533,0.45698924731182805,0,1,0.2641699124488821,0.29782350955838444
4,0.06708223180743006,0.6000000000000001,0.3023255813953488,0.224,0.0186998829290399,0.10616459566130479,0.06774193548387097,1,0,0.05041368161792148,0.08748297318113765
4,0.3731236955614303,0.5,0.15116279069767444,0.15625,0.3383161922984932,0.3806689900963341,0.2397849462365592,0,0,0.773540313869278,0.26671570621273355
3,0.6786308612773062,0.75,0.6511627906976744,0.6759999999999999,0.6565729679376628,0.7728856883864175,0.25913978494623663,1,2,0.6610366832954904,0.5796076259378814
1,0.2087658271879783,0.6500000000000001,0.36046511627906974,0.32975,0.1888241292060575,0.2818068700699844,0.4000000000000001,1,1,0.41753846948050244,0.19438093342448917
0,0.5711089467093363,0.5,0.4883720930232558,0.7615,0.5607698989161496,0.6410413769417436,0.917204301075269,1,2,0.7219292657214476,0.389855737194188
0,0.8256240434117156,0.75,0.5930232558139534,0.55075,0.6163408401414923,0.887394361835697,0.8612903225806453,0,2,0.32088180860866733,0.6938885186883942
1,0.49805482120495337,0.4,0.27906976744186046,0.20350000000000001,0.4572313347348281,0.5858533536774186,0.5924731182795699,1,1,0.5345456969901992,0.30649900911270156
4,0.008348406845693615,1.0,0.16279069767441862,0.27375,0.0,0.015624032295297047,0.04408602150537634,0,1,0.7055859325302138,0.07714555225740569
4,0.2501015722832892,0.6500000000000001,0.12790697674418605,0.20275,0.22186835181711756,0.29472273676743,0.3129032258064517,0,1,0.5526847921253275,0.22394676036104647
2,0.1739084458049255,0.25,0.06976744186046513,0.0,0.15447702010347564,0.2008490465117589,0.033333333333333326,0,0,0.6294939967401263,0.0984137149186953
0,0.46393766522888547,1.0,0.5348837209302325,0.11900000000000001,0.435661325041856,0.536115443300246,0.867741935483871,1,1,0.6058793419837374,0.5021868752866651
0,0.5733463197439822,1.0,0.5232558139534883,0.472,0.5497551580457962,0.655421116935325,0.903225806451613,1,2,0.6466128943301899,0.604259517277786
2,0.08864894949213856,0.6000000000000001,0.08139534883720931,0.028249999999999997,0.05696823978146753,0.11557279672993231,0.16559139784946236,1,0,0.3809301621807153,0.10223810718890897
4,0.05847224154723807,0.6000000000000001,0.1744186046511628,0.34975,0.042428781832601126,0.06752397092522425,0.19139784946236563,0,0,0.6586898908248788,0.08159234290758353
3,0.3096980659524141,0.8500000000000001,0.41860465116279066,0.11374999999999999,0.31470688201009583,0.3627590633463018,0.7430107526881722,0,1,0.7372334004666972,0.31898263134665483
0,0.25244469180464724,0.8,0.441860465116279,0.745,0.25176550560807665,0.30911373732482783,0.8612903225806453,0,1,0.654627946093526,0.2595878947322874
1,0.5554529010713788,0.75,0.37209302325581395,0.481,0.5172774078223543,0.6482593983480753,0.7000000000000002,0,1,0.5629641007811628,0.48384204650679785
3,0.8586225128704604,1.0,0.5581395348837209,0.73725,0.6796850413524842,1.0,0.6569892473118281,0,2,0.2790316712025098,0.870407518627816
2,0.2771782384861555,0.3500000000000001,0.11627906976744187,0.292,0.2470323141026448,0.26806335193203124,0.06021505376344086,1,0,0.8477616787057138,0.17076821891253366
2,0.24899958257965774,0.5,0.16279069767441862,0.05875,0.19258802351489823,0.26806335193203124,0.07419354838709677,0,0,0.5073709127220729,0.1895147681150641
0,0.2260804229859468,0.55,0.5116279069767442,0.44525000000000003,0.25176550560807665,0.3170749559430441,0.7075268817204303,1,1,0.61621044493712,0.18576168511419003
0,0.3721552803673299,0.75,0.40697674418604646,0.4145,0.2630697768098793,0.5047998153267534,0.5591397849462367,0,1,0.035479093024511466,0.3413360103156128
0,0.6170752748017253,0.6500000000000001,0.7093023255813953,0.47800000000000004,0.46710683669230485,0.8178265985777908,0.7946236559139787,1,2,0.06430323618715161,0.4864285652471161
4,0.32927229720328366,0.8,0.23255813953488372,0.267,0.25858835081005555,0.3806689900963341,0.09677419354838711,0,1,0.3858446320579352,0.32170726852613085
1,0.5813997495477946,0.4,0.313953488372093,0.248,0.423161167688415,0.7747887236713942,0.7430107526881722,0,1,0.018056727150942864,0.35315292549739086
3,0.8111979963823569,0.7000000000000002,0.5232558139534883,0.7340000000000001,0.6261722831354877,1.0,0.4301075268817205,1,2,0.16193331255066457,0.6539748859830554
1,0.7532322248504244,0.75,0.26744186046511625,0.558,0.7418900036506,0.7747887236713942,0.3225806451612904,0,2,0.8898727386438343,0.6376069855391033
1,0.3692500347850285,0.6000000000000001,0.5,0.44775000000000004,0.2850111406236232,0.47930589884635527,0.45483870967741946,0,1,0.18876898759488614,0.29421477590369793
2,0.16363990538472242,0.8500000000000001,0.10465116279069767,0.21675,0.15348254635632375,0.18095726053003475,0.16774193548387098,0,0,0.7584312711133501,0.19634436146184
2,0.12351746208431891,0.15000000000000002,0.0,0.14250000000000002,0.0864436863505331,0.15975361886369654,0.024731182795698924,0,0,0.34680639645958466,0.060282987027597726
2,0.27683317100320026,0.55,0.12790697674418605,0.19675,0.2171603368622465,0.26806335193203124,0.06774193548387097,0,0,0.6609993000515682,0.2189064758162921
3,0.8018644775288715,0.9500000000000002,0.6395348837209303,0.40399999999999997,0.7005626959050342,0.9828557915894849,0.3258064516129033,1,2,0.35267624079026016,0.7890474500878385
1,0.477384165855016,0.7000000000000002,0.26744186046511625,0.392,0.42803283022193134,0.5701504974354066,0.5752688172043012,1,1,0.47672605245044086,0.40482999143250287
4,0.20799777375817444,0.8,0.1744186046511628,0.27025,0.1688780070242576,0.2569266543175817,0.3301075268817205,0,1,0.4127222328385134,0.22365009995413362
4,0.3411381661332962,0.5,0.011627906976744186,0.144,0.3221465527008145,0.3806689900963341,0.034408602150537634,0,0,0.6949115772644514,0.24682180471298884
3,0.5449784332823152,0.7000000000000002,0.3023255813953488,0.852,0.44293734815392943,0.6935719071453907,0.48602150537634414,1,1,0.2263230163586316,0.455279568682769
0,0.6965743703909836,0.7000000000000002,0.7558139534883721,0.5295,0.5349639345913217,0.887394361835697,0.5946236559139786,1,2,0.12302448366425911,0.5684245324656219
1,0.31063865312369554,0.6000000000000001,0.40697674418604646,0.26775,0.26275506992786923,0.3806239478410684,0.5075268817204301,0,1,0.4062743005819489,0.2541150813912231
0,0.5162042576874912,0.6000000000000001,0.26744186046511625,0.5175,0.45739498231347325,0.6224220346712761,0.5548387096774194,1,1,0.43647642611008397,0.39475530708852213
3,0.45976902741060244,0.9000000000000001,0.46511627906976744,0.705,0.4438437039741185,0.5203619145210601,0.7053763440860217,1,2,0.6879946344729257,0.4627594264103918
3,0.918335884235425,0.9500000000000002,0.34883720930232553,0.22100000000000003,0.8294099875376075,1.0,0.30000000000000004,0,2,0.6066646699804557,0.8940872153903404
3,0.3781883957144845,0.7000000000000002,0.5348837209302325,0.6940000000000001,0.33487959314694293,0.4527703802129373,0.4301075268817205,1,1,0.4777334394778412,0.3307943541059081
1,0.5619646584110198,0.5,0.25581395348837205,0.2115,0.4078664132227244,0.7593167089876189,0.8236559139784948,1,1,0.0017341112265656378,0.38416830372210153
0,0.5637456518714345,0.6500000000000001,0.5581395348837209,0.19675,0.5248996085046389,0.658219367043708,0.9473118279569894,0,1,0.5609196308355442,0.4482839908959526
2,0.11625991373312924,0.3500000000000001,0.09302325581395349,0.0035,0.0722126411460366,0.15778865047772944,0.12258064516129033,0,0,0.23593824000411345,0.0856953951866243
3,0.5367079449005149,0.8,0.5813953488372092,0.21075,0.5338435780913657,0.5955205477138239,0.78494623655914,0,1,0.7691250324932393,0.48943047778941273
0,0.6772394601363573,0.8,0.5232558139534883,0.25225000000000003,0.5552688226186131,0.8606899347450327,0.9494623655913981,0,2,0.21721323345428445,0.6030579907055639
0,0.4984778071518018,0.8500000000000001,0.5465116279069767,0.179,0.44518435529148154,0.5974798858178829,0.9634408602150539,0,1,0.46108665721670605,0.47749223300130683
0,0.7502657576179211,0.8500000000000001,0.5465116279069767,0.3885,0.7095759010058031,0.8704078013186121,0.5408602150537636,0,2,0.5821980743962578,0.6889069085181693
4,0.1873605120356199,0.5,0.15116279069767444,0.21575,0.12761993479273404,0.2520846118765167,0.06559139784946237,1,0,0.1681569217688379,0.1511773818074823
2,0.27764574926951435,0.6500000000000001,0.03488372093023256,0.30974999999999997,0.25309356865015925,0.26806335193203124,0.1709677419354839,0,0,0.885657205600771,0.2436480229851237
3,0.7098872965075831,0.75,0.7093023255813953,0.5485,0.7082541321013609,0.7898835094673191,0.6204301075268818,1,2,0.7602677321725906,0.6039081633536126
3,0.8171142340336719,0.8500000000000001,0.441860465116279,0.485,0.7483855536952881,0.9709308545078852,0.3258064516129033,1,2,0.48005980764250533,0.7450364767682364
4,0.1275580909976346,0.9500000000000002,0.13953488372093023,0.22125,0.06930474955626331,0.18326004583049477,0.18817204301075272,0,1,0.07116260481426862,0.18092407812865094
4,0.329372478085432,0.5,0.15116279069767444,0.27325,0.2775903523458251,0.3806689900963341,0.21397849462365595,1,1,0.47824640543667085,0.23950395056813759
4,0.1353054125504383,0.6500000000000001,0.3023255813953488,0.21250000000000002,0.11282241720061936,0.16000135126765797,0.06021505376344086,0,0,0.5724449004262773,0.14183759833150156
0,0.7788117434256296,0.9500000000000002,0.627906976744186,0.5265,0.5984340185551178,0.887394361835697,0.8795698924731183,1,2,0.2773437090288977,0.7682573364603257
0,0.3319938778349798,0.7000000000000002,0.22093023255813954,0.61375,0.3185211294200581,0.37395206377983353,0.6150537634408603,1,1,0.7063124250925685,0.29631666854170813
4,0.21241129817726453,0.9000000000000001,0.1744186046511628,0.30425,0.15259507294905528,0.28043308128437994,0.2548387096774194,0,1,0.20434943837269914,0.24737220150061015
2,0.014437178238486142,0.45000000000000007,0.09302325581395349,0.0535,0.00018252999156584404,0.016215211895659637,0.11720430107526883,0,0,0.699649987372261,0.039704897319844584
3,0.8546208431890913,0.8500000000000001,0.5813953488372092,0.8565,0.6830775815405532,1.0,0.4000000000000001,0,2,0.28645533802365164,0.7765290386229696
0,0.34660915541950743,0.8,0.3255813953488372,0.6395000000000001,0.3104772215158801,0.4107178046404784,0.717204301075269,1,1,0.5193816701252663,0.3357250785353907
2,0.25325170446639766,0.8,0.1744186046511628,0.0,0.20358388197233102,0.26806335193203124,0.037634408602150546,1,1,0.5761180419906766,0.26024040916289504
2,0.1125420898845137,0.6000000000000001,0.08139534883720931,0.0,0.09074887649643124,0.13369104391056863,0.13333333333333333,0,0,0.5713206674705258,0.11858489178126053
2,0.030916933351885362,1.0,0.046511627906976744,0.151,0.0,0.05658996345947043,0.05698924731182796,0,0,0.21454028413478277,0.09820082559518145
1,0.5898093780436899,0.8500000000000001,0.36046511627906974,0.5680000000000001,0.5495474515036693,0.6889156640072969,0.7688172043010754,0,2,0.5584295727502779,0.5541791212690281
2,0.2704382913593989,0.45000000000000007,0.1744186046511628,0.255,0.2564483440123869,0.26806335193203124,0.0924731182795699,1,0,0.9066315730307462,0.19096760793748327
0,0.3361903436760818,0.8,0.5465116279069767,0.6255,0.25176550560807665,0.44945977445090673,0.613978494623656,1,1,0.1331635504025852,0.32730089223127057
3,0.781472102407124,0.9500000000000002,0.5,0.6872499999999999,0.6745867898639208,0.9648388894831963,0.5784946236559141,0,2,0.3243325127510006,0.770656581828252
0,0.2864394044803117,0.4,0.313953488372093,0.38175000000000003,0.25176550560807665,0.3574102955334974,0.5473118279569894,1,1,0.44101298646031917,0.18804323557155592
0,0.25086406010852924,0.9000000000000001,0.34883720930232553,0.5650000000000001,0.25176550560807665,0.30731767739610727,0.8290322580645163,0,1,0.6634901132771567,0.28085501890907205
4,0.09911785167663836,0.6000000000000001,0.3023255813953488,0.34025,0.059983131711124266,0.1340513819526944,0.34731182795698934,0,0,0.27702124966011454,0.10940053481952006
2,0.10870738834005844,0.10000000000000009,0.10465116279069767,0.04625,0.0752275330756933,0.13981116034479846,0.06344086021505377,1,0,0.38016185055396834,0.04744385693145138
4,0.18134409350215666,0.5,0.1744186046511628,0.0,0.17207542894548017,0.20014526127323196,0.19139784946236563,0,0,0.7669887956053556,0.147435375974661
1,0.3313816613329623,0.6000000000000001,0.3953488372093023,0.57725,0.25482445650121477,0.429680594107347,0.5688172043010754,0,1,0.2042735678600447,0.2683066644743105
0,0.554523445109225,0.7000000000000002,0.16279069767441862,0.78675,0.4862787799443599,0.6741192831525076,0.860215053763441,1,2,0.4013616246438543,0.46240357238669705
3,0.5771810212884374,0.8,0.24418604651162792,0.91025,0.5169627009403441,0.692507783864738,0.7258064516129032,0,2,0.4513800275503548,0.5221552015092642
4,0.34980381243912617,0.7000000000000002,0.20930232558139536,0.21350000000000002,0.26974785684613356,0.3806689900963341,0.34946236559139787,0,1,0.4401103969471365,0.30960927020501416
1,0.2964797551133992,0.5,0.20930232558139536,0.5645,0.2413424136759023,0.37113129254381766,0.6849462365591399,0,1,0.33623813650304424,0.21904580582070568
0,0.8213774871295393,0.55,0.27906976744186046,0.30224999999999996,0.7621948916778913,0.887394361835697,0.88494623655914,1,1,0.6755068987886326,0.5745287443856931
4,0.3424627800194796,0.6500000000000001,0.19767441860465115,0.431,0.241084354032654,0.3806689900963341,0.15806451612903227,0,1,0.30072726479517775,0.2900090867394183
2,0.09002921942395992,0.55,0.05813953488372093,0.33924999999999994,0.05095733833507471,0.12374233577875246,0.0827956989247312,1,0,0.2606542024049736,0.09691154708229124
0,0.8189564491442882,0.9500000000000002,0.45348837209302323,0.27075,0.6925754352396178,0.887394361835697,0.756989247311828,1,2,0.5062362768371977,0.8044618486754996
2,0.16857103102824542,0.30000000000000004,0.12790697674418605,0.08625000000000001,0.10807034328226689,0.23155660403916423,0.18279569892473121,1,0,0.12827718109178043,0.1046373525568354
4,0.1891192430777793,0.8500000000000001,0.24418604651162792,0.10675000000000001,0.13959138458439807,0.24492852357117523,0.23440860215053763,1,0,0.279535131494717,0.21773818074822812
1,0.5391178516766384,0.55,0.3837209302325581,0.03725,0.4641045330379285,0.662774265107454,0.7182795698924732,0,1,0.35920748314506423,0.39019514854655446
0,0.4619674412133017,0.8,0.15116279069767444,0.44325000000000003,0.3534095343596974,0.6057113579676936,0.9698924731182798,0,2,0.13017749764892605,0.428998641316106
2,0.1297676360094615,0.25,0.046511627906976744,0.14475,0.08308891098830548,0.17538891172280996,0.1602150537634409,0,0,0.2244375606128164,0.0778231633968828
4,0.21154862946987615,0.75,0.13953488372093023,0.13974999999999999,0.1320384194161558,0.2970761946050639,0.19677419354838713,0,0,0.018241976950265304,0.21647122965219426
0,0.32889383609294554,0.75,0.46511627906976744,0.53825,0.25176550560807665,0.44333402773476865,0.8548387096774195,1,1,0.15055887198884688,0.3077020934116812
4,0.061104772505913424,0.75,0.10465116279069767,0.127,0.047143090925112346,0.06862750617923441,0.05268817204301077,0,0,0.7062138958221824,0.09950758526390485
0,0.4048587727841937,0.75,0.46511627906976744,0.5805,0.30680144513400226,0.5318533198957272,0.6903225806451615,0,1,0.1367967755159727,0.36676157261170206
4,0.25445387505217754,0.8500000000000001,0.16279069767441862,0.2295,0.19534485580130667,0.32724887535118885,0.14731182795698927,0,0,0.26238856566884294,0.27259664396424155
3,0.4665479337693056,0.75,0.43023255813953487,0.40325,0.44000428001359543,0.5375117532134834,0.7559139784946237,0,1,0.6176092687370567,0.41472224866511476
1,0.6141032419646584,0.55,0.3953488372093023,0.7915,0.5843855033421872,0.7068931541402279,0.8290322580645163,0,2,0.617413293912245,0.43916540461952525
1,0.519154028106303,0.5,0.36046511627906974,0.43225,0.3947368421052631,0.6844339596083575,0.44623655913978505,0,1,0.09906285939323034,0.35754156101529166
4,0.3571058856268262,0.55,0.1744186046511628,0.17425,0.3176399501504299,0.3806689900963341,0.07419354838709677,1,0,0.6729971454197428,0.27132969286820763
1,0.22032002226241823,0.75,0.23255813953488372,0.43075,0.1888241292060575,0.27233110561845836,0.5860215053763441,1,1,0.46276089344966675,0.22329061123467156
3,0.7915124530402114,0.8,0.40697674418604646,0.41924999999999996,0.7192185198705927,0.9452286175968831,0.7161290322580647,0,2,0.4600878015020622,0.6954540340795999
3,0.5232280506470015,0.9500000000000002,0.6395348837209303,0.578,0.46932237314165587,0.6259634819915434,0.7591397849462367,1,2,0.4665150289974549,0.5377591235190778
1,0.7230610825100876,0.5,0.41860465116279066,0.23074999999999998,0.5442792582988205,0.7747887236713942,0.42903225806451617,0,1,0.34934991045151587,0.48436475037428717
2,0.22160011131209126,0.7000000000000002,0.12790697674418605,0.02,0.19463991238560407,0.2614083587165209,0.018279569892473115,0,0,0.5546186199555698,0.21392330791930977
0,0.8755642131626548,0.6500000000000001,0.6046511627906976,0.029750000000000002,0.6951308551215398,0.887394361835697,0.6516129032258066,1,1,0.5124494467596539,0.6713155002466401
3,0.6267761235564213,0.8500000000000001,0.5697674418604651,0.8647499999999999,0.5482508591497879,0.7648569063853026,0.3161290322580646,0,2,0.38076958922801696,0.5852183846373525
2,0.21475998330318627,0.8500000000000001,0.10465116279069767,0.0,0.14155515552814107,0.26806335193203124,0.10107526881720431,1,0,0.1883086779711638,0.23926752226251155
1,0.5887797411993878,0.45000000000000007,0.41860465116279066,0.6345000000000001,0.4439444101763618,0.7747887236713942,0.4741935483870969,0,1,0.07490493643527985,0.37906519086479795
1,0.5033755391679421,0.7000000000000002,0.3837209302325581,0.439,0.3791840279963243,0.6664226877839774,0.31182795698924737,1,1,0.08667765362112734,0.42422888198489006
0,0.28243216919437875,0.7000000000000002,0.5581395348837209,0.37275,0.25176550560807665,0.3476811683961016,0.6806451612903227,0,1,0.4805415121620058,0.25932585047553935
4,0.16558786698205089,0.8500000000000001,0.27906976744186046,0.25425,0.10674228024018428,0.22670893131619102,0.061290322580645165,0,0,0.1411528160344513,0.19797997455712962
2,0.25043550855711694,0.45000000000000007,0.09302325581395349,0.0,0.17079771900451923,0.26806335193203124,0.14086021505376345,1,0,0.37113590326133683,0.17914861578669528
1,0.3788785306803951,0.55,0.4883720930232558,0.3525,0.29976459925225646,0.4855836631740151,0.8182795698924733,1,1,0.23103894325912133,0.2855486227099253
0,0.6962181716989008,0.6500000000000001,0.441860465116279,0.37925,0.6542567252860687,0.8105410137885605,0.681720430107527,0,1,0.5687135784121298,0.5430363556117107
4,0.28869903993321266,0.5,0.10465116279069767,0.269,0.1935384382985687,0.3806689900963341,0.13763440860215054,0,0,0.0695238874838271,0.2142064680276583
2,0.09055238625295672,0.0,0.12790697674418605,0.0945,0.049113156006495545,0.1264392408127875,0.15161290322580648,1,0,0.22402520955440286,0.0280944674737999
2,0.20122999860859883,0.4,0.03488372093023256,0.16949999999999998,0.16525258374350132,0.24648811165975082,0.17311827956989248,1,0,0.4418810922580776,0.1403456422593961
0,0.3571058856268262,0.55,0.5697674418604651,0.2765,0.27145986228426844,0.4668517152653833,0.7655913978494625,0,1,0.16758251178211658,0.27132969286820763
4,0.016657854459440652,0.55,0.09302325581395349,0.4185,0.0,0.03656305071194915,0.2720430107526883,0,0,0.4236866958026564,0.04899535278184036
2,0.06347572005009045,0.55,0.12790697674418605,0.32099999999999995,0.046639559913896206,0.07387492891769093,0.14408602150537636,0,1,0.642530320981584,0.0795704135764541
2,0.2556838736607764,0.050000000000000044,0.13953488372093023,0.0,0.21249638087085693,0.26806335193203124,0.08064516129032259,0,0,0.63183981362453,0.09086999039401833
2,0.11656602198413801,0.9500000000000002,0.08139534883720931,0.12175,0.09847178338095897,0.13492970593037595,0.03225806451612903,0,0,0.6344822138412247,0.17101087812518934
2,0.21850563517462082,0.8500000000000001,0.10465116279069767,0.318,0.1792948048187918,0.26806335193203124,0.046236559139784944,0,1,0.4242604736749689,0.24241257258573987
0,0.2785640740225407,0.6000000000000001,0.9651162790697674,0.6282500000000001,0.25176550560807665,0.3495673128353537,0.8688172043010753,1,1,0.4727519194728267,0.23217086531721373
0,0.6442075970502295,0.8500000000000001,0.6627906976744186,0.19125,0.5447702010347562,0.8032385381536054,0.9741935483870969,1,2,0.294532768266792,0.5998547852500584
1,0.7211910393766522,0.4,0.23255813953488372,0.20975,0.711690731252911,0.7747887236713942,0.7752688172043012,0,1,0.8072689505922754,0.43140377142956043
3,0.7497648532071796,0.8,0.8255813953488371,0.54875,0.6615264542605017,0.9123646620986312,0.5516129032258066,0,2,0.38470829170143994,0.6616987875693405
2,0.09179908167524697,0.4,0.06976744186046513,0.14575,0.059895013784161455,0.11931693419889536,0.18602150537634413,0,0,0.38186837151922104,0.0790895952506642
4,0.2360317239460136,0.7000000000000002,0.16279069767441862,0.22499999999999998,0.21335238358992437,0.27386254229749285,0.12365591397849465,0,1,0.6064362019991292,0.22469446920460742
4,0.12058995408376236,0.55,0.24418604651162792,0.10999999999999999,0.10784375432721963,0.13468197352641448,0.2817204301075269,0,0,0.7250633418929489,0.11686966154059178
1,0.6593126478363712,0.5,0.5116279069767442,0.36200000000000004,0.628463349236521,0.7589338498178604,0.6516129032258066,0,1,0.6165835276625586,0.44471541197545716
0,0.8399833031863085,0.9000000000000001,0.441860465116279,0.5622499999999999,0.7934767557496949,0.887394361835697,0.6419354838709679,1,2,0.7515646685290387,0.7938317482021237
0,0.5287379991651592,0.55,0.34883720930232553,0.26725,0.43700827049685925,0.6660229377684941,0.8129032258064518,0,1,0.26735519075331493,0.38341644094052074
0,0.6729595102267983,0.5,0.34883720930232553,0.6890000000000001,0.5337365777514822,0.8712861252962936,0.7365591397849464,0,1,0.14594320282047946,0.4532032919958807
2,0.27485181577848894,0.4,0.05813953488372093,0.09475,0.26116894724253836,0.26806335193203124,0.16881720430107527,1,0,0.9361452232605416,0.18155686135366456
2,0.087574787811326,0.55,0.12790697674418605,0.0,0.06853686476415866,0.1030454194841536,0.037634408602150546,1,0,0.6073157252934769,0.09530864624890742
4,0.2757590093223876,0.6500000000000001,0.19767441860465115,0.13125,0.2648447236244162,0.3081791105280642,0.2397849462365592,0,1,0.7334485986449135,0.24229851237094666
1,0.39433421455405593,0.45000000000000007,0.3372093023255814,0.34875,0.296850413524843,0.5194610694157458,0.5634408602150539,1,1,0.12992167440931635,0.2641736692253771
2,0.24115764574926948,0.30000000000000004,0.12790697674418605,0.235,0.21050743337655314,0.26806335193203124,0.11612903225806454,1,0,0.6194047289943765,0.1407544589928431
4,0.08567691665507166,0.55,0.11627906976744187,0.1465,0.07281687835949596,0.09538260580707278,0.2752688172043012,0,0,0.7273019216532648,0.09406921499225462
1,0.6471740642827326,0.75,0.3837209302325581,0.306,0.4788705799418422,0.7747887236713942,0.6354838709677421,0,1,0.17043816275835222,0.5551513158464082
2,0.18101572283289266,0.55,0.10465116279069767,0.03950000000000001,0.1439028688679364,0.22468202982923358,0.1602150537634409,0,0,0.4116105174790643,0.15633155348627903
0,0.41041324613886176,0.9000000000000001,0.3837209302325581,0.596,0.4037563413436725,0.45636250007037854,0.6537634408602152,0,2,0.7570367293127738,0.4197827836577156
3,0.956454709892862,0.6500000000000001,0.6395348837209303,0.23525000000000001,0.7729893377308374,1.0,0.681720430107527,1,2,0.4832031683390605,0.7291732797936877
3,0.8811799081675246,0.8,0.4883720930232558,0.75,0.7989023023955488,1.0,0.4838709677419355,0,2,0.5399067607372785,0.7679551374693864
0,0.269263948796438,0.75,0.7674418604651162,0.46175,0.25176550560807665,0.3708497784484069,0.7688172043010754,0,1,0.38895555611941734,0.2613424143033932
2,0.01770975372199804,0.5,0.023255813953488372,0.23825,0.0024358312667581428,0.02082078249657962,0.0903225806451613,0,0,0.6689886645097627,0.0456604328749578
0,0.49262279115068874,0.6000000000000001,0.5465116279069767,0.301,0.37669154949080424,0.6469025004081954,0.9236559139784948,1,1,0.11839105856692567,0.37862175798118614
0,0.37605120356198696,0.55,0.3023255813953488,0.5615,0.2706542126663226,0.5058977202988555,0.6225806451612904,0,1,0.06241245604396051,0.2837021972601317
4,0.34789481007374423,0.9000000000000001,0.1744186046511628,0.28175,0.31519153060839133,0.3806689900963341,0.2,0,1,0.6610911202974086,0.3653447335854543
1,0.36621678029775984,0.6500000000000001,0.36046511627906974,0.6932499999999999,0.3435277382645804,0.42081290010190814,0.760215053763441,1,1,0.6313228795955486,0.3069993855633345
3,0.8884096284958953,0.75,0.5813953488372092,0.853,0.8256146225405658,1.0,0.4451612903225807,1,2,0.5983595288057837,0.7427016174396165
1,0.49580631696117994,0.7000000000000002,0.22093023255813954,0.23175,0.3778937297800828,0.6522737893486328,0.45053763440860223,0,1,0.11114061655220064,0.418579526277985
2,0.09967441213301792,0.6500000000000001,0.13953488372093023,0.12675,0.08899910623245508,0.1092218387374656,0.07419354838709677,0,0,0.7667237512502794,0.1163521500956271
2,0.06758313621817169,1.0,0.11627906976744187,0.076,0.04492755447576127,0.08371666169325098,0.11505376344086024,0,0,0.5226642465342437,0.13240850518809552
4,0.0848086823431195,0.55,0.26744186046511625,0.1295,0.045110084467327144,0.1184048285297645,0.27634408602150545,1,0,0.2398028138970838,0.09350220245255422
1,0.5040935021566717,0.75,0.26744186046511625,0.3585,0.36577751482269416,0.6798734312627035,0.770967741935484,0,1,0.01947839254017425,0.4439123172916324
1,0.40242660358981486,0.6000000000000001,0.3953488372093023,0.21600000000000003,0.3842067498332053,0.4576912466007173,0.44623655913978505,0,1,0.6694148805776592,0.31691293172829793
4,0.36199805203840263,0.4,0.26744186046511625,0.1805,0.2643978398519619,0.3806689900963341,0.16881720430107527,1,1,0.41409466081864177,0.23033863248898775
4,0.38282454431612634,0.75,0.16279069767441862,0.2025,0.3433829730988557,0.3806689900963341,0.033333333333333326,0,1,0.7981787463203818,0.3496309052988672
3,0.35869764853207176,0.8500000000000001,0.5232558139534883,0.833,0.31470688201009583,0.436904245795587,0.47956989247311843,0,2,0.4447185767541908,0.36012531046359675
1,0.5227828022818978,0.7000000000000002,0.27906976744186046,0.0655,0.39694608441697404,0.6898052485487949,0.46021505376344096,1,1,0.09531474112801974,0.43871366385987387
2,0.17297898984277169,0.6000000000000001,0.10465116279069767,0.20325,0.14892559070481753,0.20392881071555258,0.178494623655914,1,0,0.5683173586524386,0.1599335369916835
1,0.37641296785863365,0.7000000000000002,0.2906976744186046,0.36275,0.36832664056697595,0.4192702028590572,0.3645161290322581,1,1,0.7493607879865423,0.32946924787759735
3,0.8849088632252677,0.7000000000000002,0.45348837209302323,0.80625,0.7479512581981143,1.0,0.7548387096774195,0,2,0.42841402805241735,0.7089896411170632
1,0.4248949492138583,0.6000000000000001,0.40697674418604646,0.2575,0.36843364090685937,0.5172596291896334,0.4215053763440861,0,1,0.4096266487950073,0.33228492553200695
2,0.16883818004730763,0.9000000000000001,0.046511627906976744,0.17775,0.12776469995845868,0.21447995901154776,0.15376344086021507,0,0,0.351619416365228,0.20943082395091434
3,0.9227104494225684,0.9000000000000001,0.5116279069767442,0.7737499999999999,0.8516723523710017,1.0,0.7451612903225807,1,2,0.6553799010498012,0.8658665720491896
3,0.6505468206483929,1.0,0.5348837209302325,0.7095,0.642612570651695,0.7285472183592232,0.4989247311827958,0,2,0.7320597709827183,0.6762836101183008
4,0.23705022958118824,0.8500000000000001,0.16279069767441862,0.1235,0.18093128060524427,0.30493606814893226,0.12365591397849465,0,0,0.2703814680361476,0.257983609252897
0,0.36779741199387783,0.6000000000000001,0.5465116279069767,0.453,0.2886995052807815,0.47306191621014465,0.9322580645161292,0,1,0.22136940244348846,0.29322094623246475
2,0.18070961458188392,0.8500000000000001,0.16279069767441862,0.13924999999999998,0.12696534447815305,0.23921378743433686,0.07419354838709677,0,0,0.22194804013506264,0.21067700535684925
2,0.14540141922916375,0.20000000000000007,0.06976744186046513,0.107,0.12824934855675424,0.16662819307362725,0.189247311827957,1,0,0.655766987391446,0.07712305175979853
4,0.1004146375400028,0.45000000000000007,0.18604651162790697,0.08775,0.04718085575095354,0.14812145644132407,0.09677419354838711,1,0,0.07160800674005352,0.09050617465578567
4,0.1704243773479894,0.6000000000000001,0.2906976744186046,0.379,0.10972570148163999,0.233825607648175,0.09677419354838711,0,0,0.1294477191448915,0.15818576756985972
0,0.7868317796020592,0.7000000000000002,0.5813953488372092,0.36424999999999996,0.7707171540427247,0.887394361835697,0.6795698924731184,0,2,0.6962276674462806,0.6357889453324449
2,0.21814387087797413,0.7000000000000002,0.10465116279069767,0.056499999999999995,0.19262578834073946,0.25621723879714664,0.13978494623655915,0,0,0.5693159576118314,0.21134371240902444
2,0.11238068735216364,0.10000000000000009,0.13953488372093023,0.07725,0.10082579085839449,0.12435603650674792,0.012903225806451615,0,0,0.747087679411315,0.048814656477979806
0,0.5070432725754834,0.30000000000000004,0.3255813953488372,0.539,0.40408993063860327,0.6515700041101058,0.6161290322580646,1,1,0.1955922375634791,0.27305184633890944
0,0.3418338667037707,0.5,0.6511627906976744,0.5515,0.268237263812485,0.43883543249010476,0.9849462365591399,1,1,0.23542407454140601,0.24725450659004958
4,0.11275358285793793,0.6000000000000001,0.20930232558139536,0.13674999999999998,0.06340084844975391,0.15858252022678776,0.29677419354838713,1,0,0.154859718698388,0.11872958728894967
2,0.27153471545846664,0.45000000000000007,0.12790697674418605,0.17375000000000002,0.17869056760533236,0.26806335193203124,0.08172043010752689,1,0,0.42048272644555484,0.19161544918781856
4,0.16475302629748154,0.3500000000000001,0.1744186046511628,0.133,0.11391130301237429,0.21860695565026939,0.037634408602150546,0,0,0.23060190845745554,0.11133228907947004
0,0.6502184499791289,0.9500000000000002,0.5,0.3095,0.6387227935900501,0.7313623593133307,0.5376344086021506,0,2,0.7136061523288804,0.6522854447742595
0,0.49572839849728667,1.0,0.6395348837209303,0.29775,0.38612016767582674,0.6447573630011654,0.5655913978494626,1,1,0.1529903280135445,0.5318459927479166
3,0.37905663002643664,0.9000000000000001,0.5930232558139534,0.8082499999999999,0.36847769987034074,0.4244782136241561,0.6129032258064517,1,2,0.7289119708362473,0.39247894905368097
4,0.14070961458188394,1.0,0.13953488372093023,0.263,0.1130049471921852,0.17077208055807358,0.03655913978494624,0,0,0.49934941011584555,0.2006317447405087
4,0.366840128008905,0.8,0.25581395348837205,0.42750000000000005,0.29514470222434824,0.3806689900963341,0.29784946236559146,1,1,0.5636086266865197,0.352082940295795
1,0.37244469180464723,0.55,0.41860465116279066,0.35325,0.3423066755623812,0.4345113759845956,0.48709677419354847,1,1,0.574270190205483,0.2813469144029147
1,0.6933908445804925,0.75,0.3372093023255814,0.7265,0.5996299047067561,0.7747887236713942,0.34731182795698934,1,2,0.5007500171887835,0.5910828797175323
1,0.41422568526506187,0.55,0.2906976744186046,0.524,0.35047646621936335,0.5117419529195826,0.8193548387096776,0,1,0.3566305555682814,0.30863257552811263
3,0.5622763322665923,0.8,0.7093023255813953,0.55225,0.45306461561701433,0.7195162461784461,0.7344086021505377,0,2,0.2033657051664699,0.51010393499087
1,0.41041324613886176,0.25,0.22093023255813954,0.0,0.3912435957149511,0.46756113078581846,0.5688172043010754,0,0,0.6628246673320144,0.20873711630161054
1,0.5363962710449421,0.5,0.3255813953488372,0.474,0.4320044310728987,0.6859935476969332,0.7548387096774195,0,1,0.20910726317742534,0.3682656443363651
0,0.31205788228746345,0.8500000000000001,0.441860465116279,0.486,0.2678533214164327,0.378940493550512,0.9365591397849464,1,2,0.4374511553105729,0.3209640597820913
2,0.09268957840545428,0.6000000000000001,0.08139534883720931,0.1085,0.06584926799179244,0.11580363828816911,0.0021505376344085995,0,0,0.46963048072022073,0.10500255294107466
0,0.6365994156115207,0.6500000000000001,0.3023255813953488,0.35675,0.5265109077405306,0.8041900557960937,0.8645161290322582,0,1,0.2443479036981433,0.5003934125466236
4,0.053691387226937504,0.55,0.16279069767441862,0.2345,0.02416948853837536,0.07417896414073455,0.10215053763440862,0,0,0.36278769514783415,0.0731806184175227
2,0.2686962571309308,0.9000000000000001,0.09302325581395349,0.22825,0.1882010095796775,0.26806335193203124,0.12043010752688174,0,1,0.47994289377518284,0.29638243922702145
4,0.02997078057604008,0.3500000000000001,0.23255813953488372,0.17850000000000002,0.005381487682372649,0.042987202369222655,0.15053763440860218,1,0,0.4296425220073281,0.04007684785336599
4,0.15741199387783497,0.7000000000000002,0.15116279069767444,0.00825,0.1455267563791085,0.1754789962333414,0.18602150537634413,0,0,0.7341540097625441,0.1660159407371509
3,0.47693891748991224,0.6000000000000001,0.5813953488372092,0.58475,0.40352975238862526,0.5911627095168654,0.4258064516129033,0,1,0.3351081491872754,0.367891443753083
4,0.3289439265340197,0.9500000000000002,0.13953488372093023,0.3875,0.2246125958282456,0.3806689900963341,0.12258064516129033,0,1,0.2206294042678012,0.3625439408756155
2,0.27263670516209815,0.4,0.13953488372093023,0.20825,0.21074661060688077,0.26806335193203124,0.14623655913978495,0,0,0.620900087272686,0.1803169108547593
1,0.6409851120077918,0.55,0.41860465116279066,0.38775,0.563778496708166,0.7747887236713942,0.5978494623655914,1,1,0.40268599535850425,0.45672098517563375
1,0.4333546681508278,0.6000000000000001,0.2906976744186046,0.33625000000000005,0.36515439519631415,0.5373090630647877,0.7333333333333334,0,1,0.34022117865218693,0.3380727458395715
3,0.8871963267009878,0.7000000000000002,0.45348837209302323,0.70175,0.8134858193078967,1.0,0.7763440860215055,1,2,0.571818886942445,0.7106969096431941
4,0.3702240155836928,0.15000000000000002,0.10465116279069767,0.25225000000000003,0.30950163018164883,0.3806689900963341,0.178494623655914,1,0,0.6334226197560444,0.16002094277084974
0,0.3962543481285654,0.4,0.4767441860465116,0.6267499999999999,0.366551693752439,0.4609962220808396,0.8860215053763442,0,1,0.5831884200190214,0.24951424887281162
3,0.7439543620425768,0.7000000000000002,0.4883720930232558,0.40375,0.5547778798826772,0.996103844919515,0.7290322580645162,0,1,0.010877124708487118,0.6037870068280357
2,0.0810018088214832,0.0,0.03488372093023256,0.12725,0.037815178942333105,0.11722809961094754,0.11182795698924733,0,0,0.17425386927937958,0.025124401789654957
3,0.8876360094615278,0.7000000000000002,0.5348837209302325,0.877,0.7585442918465741,1.0,0.4408602150537635,1,2,0.45159404894292043,0.711025070746757
4,0.36255461249478227,0.6500000000000001,0.13953488372093023,0.24475,0.26862120620853736,0.3806689900963341,0.07849462365591399,1,1,0.4346317889859592,0.3043799814803597
1,0.5439710588562683,0.45000000000000007,0.13953488372093023,0.42875,0.5242450181900578,0.6187961331223855,0.781720430107527,1,1,0.6669729172343295,0.35258920149195616
1,0.2701711423403367,0.6000000000000001,0.25581395348837205,0.44525000000000003,0.19754150983773716,0.3570781089009127,0.570967741935484,0,1,0.16578420130653448,0.2264287383278669
0,0.3684374565187143,0.5,0.5581395348837209,0.609,0.2681176751973212,0.4927622726069894,0.9677419354838712,1,1,0.08513181677143988,0.2638010263688524
3,0.7743258661472101,0.8500000000000001,0.6976744186046512,0.56275,0.6550875514545753,0.9678285691764585,0.24946236559139787,1,2,0.27546713377280585,0.709109066835132
1,0.49620147488520927,0.6000000000000001,0.3953488372093023,0.612,0.46825236974282164,0.5722449623052626,0.5430107526881721,0,1,0.6127672726350497,0.3810701582823466
0,0.22415472380687348,0.7000000000000002,0.5,0.31025,0.25176550560807665,0.2724324506928062,0.7483870967741937,1,1,0.8514666209275215,0.2158299654703902
4,0.1819563100041742,0.7000000000000002,0.25581395348837205,0.0115,0.15900250506678082,0.2130836490983104,0.3440860215053764,1,1,0.5861389637654895,0.18433480740439454
2,0.16356755252539304,0.7000000000000002,0.10465116279069767,0.228,0.09237276400760333,0.23547528024728198,0.19139784946236563,0,0,0.0038151911306840702,0.17061019618703105
2,0.0577709753721998,0.15000000000000002,0.03488372093023256,0.17275,0.03098603960271404,0.07633536211158096,0.007526881720430107,0,0,0.4261037000773178,0.03370314920426125
3,0.49271184082370933,0.9000000000000001,0.4883720930232558,0.67575,0.35292488576140185,0.6683482441965869,0.5333333333333334,1,2,0.0014208831258260002,0.4914444454060042
2,0.07195770140531513,0.4,0.12790697674418605,0.0,0.035593348355341836,0.10091154264094004,0.1709677419354839,0,0,0.2693244190277122,0.06798300347026905
1,0.33692500347850285,0.8,0.3837209302325581,0.3605,0.28531955336799303,0.41362866038702556,0.3956989247311829,1,1,0.3937136911209871,0.3278949053680995
4,0.3427744538750521,0.7000000000000002,0.25581395348837205,0.29525,0.2444454235325218,0.3806689900963341,0.054838709677419356,0,1,0.31707126843354994,0.30436284648602807
4,0.004997912898288562,1.0,0.18604651162790697,0.252,0.0,0.011378799736502826,0.335483870967742,1,1,0.7732119151132608,0.07401971389751888
1,0.35924307777932374,0.6000000000000001,0.4767441860465116,0.333,0.28643990986794904,0.45777570082934055,0.7483870967741937,0,1,0.25647680897501623,0.28736839372409195
1,0.27437873939056623,0.7000000000000002,0.25581395348837205,0.234,0.1888241292060575,0.375168204672008,0.7387096774193549,1,1,0.06339441467379503,0.25331510216091313
3,0.43862529567274233,0.75,0.6046511627906976,0.907,0.3714737093870769,0.5423143836811908,0.7096774193548389,0,2,0.34985917112534604,0.3930135954929773
2,0.21804368999582582,0.6000000000000001,0.05813953488372093,0.1085,0.16097257014816402,0.26806335193203124,0.13763440860215054,0,0,0.3097081592497226,0.19076510345901881
2,0.20471963267009877,1.0,0.09302325581395349,0.23675000000000002,0.19489167789121215,0.2270298573849593,0.10752688172043012,1,1,0.7548416989908666,0.26034979619741594
4,0.3667677751495756,0.8500000000000001,0.15116279069767444,0.0605,0.2856405543876434,0.3806689900963341,0.3301075268817205,0,1,0.517392436622959,0.36690142185836805
3,0.5711089467093363,0.9000000000000001,0.813953488372093,0.82925,0.5630861415677437,0.6389638029176121,0.2580645161290323,1,2,0.7353796669886707,0.5597088781771136
0,0.46240712397384165,0.8500000000000001,0.4767441860465116,0.33924999999999994,0.43826080388725935,0.530693481822635,0.9107526881720431,0,2,0.632883734116674,0.4472053516568155
4,0.3180075135661611,0.5,0.24418604651162792,0.11299999999999999,0.24669243067007396,0.3806689900963341,0.34731182795698934,0,0,0.32799787760751786,0.23243533270447328
0,0.7532043968276053,0.6000000000000001,0.5,0.45375,0.631295711174612,0.887394361835697,0.8526881720430108,0,2,0.3572426256918071,0.5569018545602451
2,0.0877862807847502,0.45000000000000007,0.10465116279069767,0.12625,0.06201613816890947,0.1093006626841806,0.1795698924731183,0,0,0.4834715577126223,0.08304449040699938
4,0.2786252956727424,0.8,0.19767441860465115,0.49250000000000005,0.22869119701909646,0.34632427045622177,0.3440860215053764,0,1,0.36582161700728655,0.2807563628811022
2,0.06963127869764854,0.25,0.03488372093023256,0.025750000000000002,0.021299361774443276,0.1089909971792288,0.178494623655914,0,0,0.059216917783151635,0.049771100707034874
2,0.03895366634200639,0.25,0.10465116279069767,0.25325,0.0011707096010775686,0.06493404124744528,0.12903225806451615,0,0,0.1554490917254827,0.03546078422888199
4,0.27155141227215807,0.45000000000000007,0.18604651162790697,0.1325,0.26115635896725786,0.30297109976296516,0.178494623655914,0,0,0.739179539343658,0.1916253147906156
3,0.8368999582579657,0.8500000000000001,0.5930232558139534,0.27975,0.7363071035637407,1.0,0.756989247311828,1,2,0.40293391002067036,0.7616496326361064
3,0.30914707110059825,0.6500000000000001,0.8023255813953488,0.42575,0.31470688201009583,0.355490369402796,0.5838709677419355,0,1,0.7707577908466525,0.2661796751274307
0,0.30526784471963264,0.6000000000000001,0.5930232558139534,0.28375,0.25176550560807665,0.4174572520846119,0.7698924731182797,1,1,0.22836802069354523,0.25044057705122325
2,0.23518018644775288,0.8500000000000001,0.023255813953488372,0.21100000000000002,0.1629111645413462,0.26806335193203124,0.06021505376344086,0,0,0.32182843161075847,0.2564134206814189
1,0.2997467649923473,0.4,0.25581395348837205,0.26825,0.29143116101662914,0.3329354600784862,0.5741935483870969,1,1,0.7565894937683233,0.195492284925532
0,0.7320328370669263,0.8,0.6395348837209303,0.514,0.6867344755095104,0.8539448570189909,0.703225806451613,0,2,0.5594720272007685,0.6473614704940591
2,0.2659190204535967,0.6000000000000001,0.03488372093023256,0.14500000000000002,0.25637910849834467,0.26806335193203124,0.10752688172043012,0,0,0.9061987061607091,0.22351959706801214
4,0.22401001808821477,0.7000000000000002,0.22093023255813954,0.14250000000000002,0.17389443472349853,0.28483596173660414,0.17311827956989248,0,0,0.31399066286774135,0.21572196308187583
2,0.0772561569500487,0.7000000000000002,0.16279069767441862,0.3065,0.050132806304208244,0.09863690875002112,0.12365591397849465,0,0,0.4465164657682237,0.10619092537623429
0,0.43325448726867954,0.6500000000000001,0.3837209302325581,0.581,0.3533151222950944,0.5476913029035364,0.5451612903225808,1,1,0.26881519415660304,0.35494881136794376
2,0.25379156810908576,0.15000000000000002,0.11627906976744187,0.10325000000000001,0.18063545613615478,0.26806335193203124,0.06344086021505377,1,0,0.4326423503402306,0.11294990177667391
4,0.38697091971615416,1.0,0.16279069767441862,0.06975,0.2834753710394139,0.3806689900963341,0.09677419354838711,0,1,0.5068637151780149,0.4303808641921889
0,0.8311339919298734,0.8,0.7093023255813953,0.38825,0.8315248177847152,0.887394361835697,0.8483870967741938,1,2,0.844073565527178,0.7274902425726724
4,0.16277723667733404,0.75,0.313953488372093,0.21600000000000003,0.11716537217235864,0.21169859974888944,0.3268817204301076,1,1,0.28940647351745774,0.17855356416536136
1,0.5600946152775845,0.4,0.45348837209302323,0.3155,0.5466017950880551,0.6314192251606037,0.4526881720430108,0,1,0.703858743171528,0.34122696944259345
4,0.1598775566995965,0.9500000000000002,0.19767441860465115,0.23625000000000002,0.13606037336824484,0.18892973971206745,0.14193548387096774,0,1,0.5653905198998912,0.21007139580971504
1,0.2965632391818561,0.6000000000000001,0.5116279069767442,0.235,0.2213962914941024,0.3891425643681979,0.6784946236559142,1,1,0.17721453861874426,0.24448521457686082
0,0.8716126339223597,0.75,0.3255813953488372,0.73225,0.7380316972771561,0.887394361835697,0.706451612903226,0,2,0.6167572452607815,0.7296426747899233
2,0.2708390148879921,0.7000000000000002,0.11627906976744187,0.14475,0.23993252684449706,0.26806335193203124,0.13333333333333333,0,1,0.8033731487601015,0.25067319758033113
4,0.08687352163628773,1.0,0.22093023255813954,0.124,0.05212175379851208,0.11631036365990849,0.23333333333333336,0,1,0.3259827978895822,0.1504054416588059
3,0.6088604424655627,0.8,0.5930232558139534,0.7577499999999999,0.5722818766600788,0.7071127351346482,0.7548387096774195,0,2,0.5810634166100483,0.5477697679852536
3,0.3676248782524002,0.8,0.5348837209302325,0.21275,0.3433766789612155,0.42380821007707864,0.3301075268817205,0,1,0.6191244507571769,0.3527174543283169
3,0.3241630722137192,0.7000000000000002,0.441860465116279,0.4515,0.31470688201009583,0.3844300184110218,0.5204301075268818,1,1,0.6429496524192408,0.2904720777478733
1,0.3509224989564491,0.4,0.19767441860465115,0.8294999999999999,0.24722113823185082,0.47602344449386574,0.735483870967742,1,1,0.0432278135067794,0.22413887999446144
2,0.24228189787115625,0.20000000000000007,0.08139534883720931,0.14875,0.17368043404373168,0.26806335193203124,0.0043010752688172026,0,0,0.3891589056683322,0.11930248457417808
3,0.9024739112286071,0.75,0.5581395348837209,0.7637499999999999,0.772221452938733,1.0,0.33978494623655925,1,2,0.4815228578526427,0.7536359938729414
0,0.4949993042994295,0.8500000000000001,0.5581395348837209,0.55525,0.41158624856808373,0.6204964782586664,0.8118279569892475,1,1,0.2902328064003068,0.47457149533114684
4,0.2656240434117155,0.9000000000000001,0.13953488372093023,0.25525,0.17410214126562523,0.36884539808908234,0.11290322580645162,0,1,0.0098608888893581,0.293707303142281
4,0.17532767496869348,0.8500000000000001,0.20930232558139536,0.1005,0.1577499716763806,0.2007927436926767,0.17311827956989248,1,0,0.6545323786101191,0.20615804003357768
2,0.20572144149158197,0.25,0.12790697674418605,0.0415,0.13973614975012272,0.26806335193203124,0.16129032258064518,0,0,0.17693608474928268,0.11325365849437052
3,0.28612773062473906,0.6000000000000001,0.6511627906976744,0.5497500000000001,0.31470688201009583,0.34490543941535157,0.7537634408602152,1,1,0.8214278853041723,0.23734563360535857
2,0.051214693196048405,0.5,0.046511627906976744,0.09025,0.03383728395372551,0.0605255305133128,0.06989247311827958,0,0,0.6255868645443241,0.06649935527420317
2,0.1419229163767914,0.4,0.08139534883720931,0.03375,0.07602059441835873,0.20631605024463578,0.1806451612903226,0,0,0.013090816604576228,0.10714736960528934
4,0.1532990121051899,0.75,0.16279069767441862,0.2045,0.10187061770666803,0.20620344460647144,0.19354838709677422,1,1,0.205304548869363,0.1711846511990169
0,0.645610129400306,0.8,0.43023255813953487,0.45725000000000005,0.5437064917735621,0.8070277178778342,0.781720430107527,0,2,0.28450232729292235,0.5774839251252671
3,0.42812856546542366,0.8500000000000001,0.41860465116279066,0.7675,0.39804126436636916,0.4973171706707355,0.4064516129032259,0,1,0.5872307469062716,0.4184232343599906
1,0.6219730068178655,0.6500000000000001,0.313953488372093,0.303,0.5552310577927719,0.7489006874574211,0.8150537634408603,1,1,0.4344296066391604,0.4899317196437998
0,0.4426492277723667,0.6500000000000001,0.5465116279069767,0.295,0.41448784602021677,0.5119840550416359,0.7258064516129032,1,1,0.6031402751383015,0.36166849843794624
3,0.64244886600807,0.6000000000000001,0.6395348837209303,0.6572500000000001,0.5026938909100065,0.8373186345440315,0.30215053763440863,0,1,0.12400442300361125,0.4811271018493679
4,0.046545150967023774,0.9000000000000001,0.19767441860465115,0.375,0.030633567894862712,0.0539324703987929,0.10752688172043012,1,1,0.6589929036097819,0.10294393049077047
2,0.21106998747738967,0.6500000000000001,0.08139534883720931,0.045250000000000005,0.1773813869761704,0.25554160496816075,0.06989247311827958,0,0,0.4745140728738668,0.19602900833383813
1,0.5939668846528453,0.7000000000000002,0.3372093023255814,0.1285,0.507546671030602,0.7348869157878737,0.4258064516129033,0,1,0.32917638303611363,0.4918425311329001
0,0.5569667455127313,0.6500000000000001,0.45348837209302323,0.33325,0.4549654451843554,0.7070733231612907,0.6086021505376344,0,1,0.23418477742601396,0.44343530674236065
2,0.15335466815082785,0.7000000000000002,0.03488372093023256,0.14550000000000002,0.10870605118392729,0.20020719437422235,0.037634408602150546,0,0,0.2879706268587594,0.16298771992072902
0,0.8485487686099902,0.9000000000000001,0.37209302325581395,0.371,0.8053726758896764,0.887394361835697,0.8731182795698926,1,2,0.7804880457542633,0.8012901439166444
0,0.2641881174342563,0.45000000000000007,0.5232558139534883,0.22375,0.25176550560807665,0.3586658483990293,0.7365591397849464,1,1,0.4360273958486125,0.18727458395714522
1,0.502123278141088,0.45000000000000007,0.22093023255813954,0.553,0.3914135374312366,0.6529550534595268,0.5849462365591398,0,1,0.15251005076501234,0.3278627123484462
3,0.3273243356059552,1.0,0.6744186046511628,0.6865,0.31470688201009583,0.3693464931789135,0.5946236559139786,0,2,0.7077008847816837,0.3747336719946691
2,0.04671211910393766,0.25,0.10465116279069767,0.04325,0.008358614786188157,0.0741958549864592,0.1064516129032258,0,0,0.16808155596700192,0.03907990272861804
4,0.32873243356059556,0.3500000000000001,0.19767441860465115,0.24175,0.3218759047822858,0.36434680284441845,0.30107526881720437,1,0,0.7660641124677767,0.19802341782558655
0,0.643350493947405,0.75,0.5,0.5785,0.6400760331826938,0.7162506826716815,0.7731182795698925,0,2,0.7569870487652575,0.5521786539510009
0,0.285315152358425,0.8,0.5232558139534883,0.41625,0.25176550560807665,0.35809718992629963,0.9516129032258066,1,1,0.4382822400021278,0.28616548250586316
1,0.6152942813413106,0.6500000000000001,0.3372093023255814,0.193,0.4929002127418523,0.7747887236713942,0.7258064516129032,1,1,0.20881328646967456,0.48515469092104924
3,0.6289244469180464,0.8,0.4883720930232558,0.35525,0.5261080829315574,0.7890164460534539,0.5473118279569894,1,1,0.2719180711352698,0.5639926267600149
3,0.9438263531376094,0.7000000000000002,0.25581395348837205,0.49724999999999997,0.7382708745074837,1.0,0.4225806451612904,1,2,0.40723109749413267,0.7529632289944874
1,0.5000417420342285,0.45000000000000007,0.27906976744186046,0.241,0.3853082239202407,0.6542106063250586,0.6784946236559142,0,1,0.13059660876288626,0.32663280053308874
3,0.6371170168359537,0.75,0.5232558139534883,0.7392500000000001,0.5853044474376567,0.7526335643625677,0.7204301075268817,0,2,0.5106143298441206,0.5473323929279206
4,0.04027828022818977,0.75,0.13953488372093023,0.35150000000000003,0.0001510593033648422,0.06852616110488655,0.26451612903225813,0,0,0.11227641385214149,0.08331588102429188
4,0.2982162237373035,0.8500000000000001,0.20930232558139536,0.17250000000000001,0.23794357935019322,0.3776849406849801,0.037634408602150546,0,0,0.2959347926043443,0.3093418604449907
4,0.2836566021984138,0.75,0.19767441860465115,0.2485,0.2382394038192827,0.34795705220960416,0.13440860215053763,1,1,0.4090852715057034,0.2725320848441841
3,0.2931570891888131,1.0,0.37209302325581395,0.5035,0.31470688201009583,0.3467240204717051,0.29462365591397854,0,1,0.8125609124617224,0.3428573901153583
0,0.819807986642549,0.6500000000000001,0.46511627906976744,0.36225,0.6247812787170031,0.887394361835697,0.8397849462365593,0,2,0.34140363340180335,0.6314352721262105
4,0.2824878252400167,0.75,0.24418604651162792,0.33575,0.1903913694784678,0.3806689900963341,0.11720430107526883,0,1,0.05422051329059485,0.27162341090235653
2,0.049656323918185585,0.30000000000000004,0.08139534883720931,0.07275000000000001,0.005255604929568586,0.08293405250800909,0.1709677419354839,0,0,0.06243093618677542,0.04546865940304448
2,0.1850786141644636,0.6500000000000001,0.08139534883720931,0.015,0.15158171678898275,0.22603329748720524,0.11612903225806454,0,0,0.4580762939547418,0.17743840488780044
4,0.07708918881313481,0.6500000000000001,0.18604651162790697,0.10225,0.06018454411561072,0.08930190134620042,0.22688172043010757,0,0,0.6451954154998496,0.10019783129819218
3,0.3126311395575344,0.8,0.40697674418604646,0.48125,0.31470688201009583,0.41469841394958656,0.34193548387096784,0,1,0.5239097046226331,0.30825197095705004
0,0.29619034367608177,0.6500000000000001,0.45348837209302323,0.68275,0.25176550560807665,0.3992601809572605,0.867741935483871,1,1,0.28767571629340893,0.2569122394052946
2,0.23902601920133573,0.45000000000000007,0.13953488372093023,0.1825,0.22146552700814465,0.26806335193203124,0.1053763440860215,0,0,0.6879157490611416,0.1724071205420889
3,0.6835842493390843,0.6000000000000001,0.627906976744186,0.20725,0.6195508503379952,0.8160136478033455,0.3129032258064517,1,1,0.4660140656448182,0.5092703780949003
1,0.6882649227772366,0.5,0.26744186046511625,0.47050000000000003,0.6192990848323872,0.7747887236713942,0.5290322580645163,1,1,0.5545509420868913,0.46272273329121705
3,0.3782718797829414,0.6500000000000001,0.627906976744186,0.7745000000000001,0.31470688201009583,0.4802799376164765,0.3408602150537635,1,1,0.30676190994162766,0.31562192240789944
0,0.657765409767636,0.7000000000000002,0.45348837209302323,0.49250000000000005,0.6478933521318244,0.738428363108141,0.7440860215053764,1,2,0.7217849960448663,0.5394591226536741
0,0.6050535689439265,0.75,0.5232558139534883,0.495,0.5888669293420108,0.6845859772198795,0.5806451612903227,1,2,0.6888545583266448,0.5224044377904512
4,0.2453374147766801,0.4,0.11627906976744187,0.24150000000000002,0.18507282317249718,0.31799269189408313,0.22688172043010757,1,0,0.24178594925360342,0.1650356113644821
3,0.7187755669959649,0.8500000000000001,0.6046511627906976,0.482,0.615245660192097,0.8910709359217615,0.27419354838709686,0,2,0.3117055513316789,0.6624660545377445
2,0.13595658828440238,0.5,0.05813953488372093,0.0,0.08048313800526191,0.1902415953966815,0.13548387096774195,0,0,0.1239253576536481,0.11920590551521815
4,0.03388340058438846,0.55,0.25581395348837205,0.14725,0.0,0.061218055188023285,0.037634408602150546,0,0,0.1725709275609253,0.06024473618166555
4,0.036916655071657145,0.6500000000000001,0.20930232558139536,0.344,0.018781706718362517,0.04505914611144582,0.23655913978494628,1,0,0.5994383574651161,0.07146400353084731
2,0.23029358564074023,0.7000000000000002,0.10465116279069767,0.173,0.15499313938997217,0.26806335193203124,0.14193548387096774,1,0,0.27232420229198184,0.22041175910621105
2,0.07506330875191317,0.6500000000000001,0.08139534883720931,0.172,0.061298606477926454,0.08420086593735751,0.18817204301075272,0,0,0.7099013699743126,0.09874879925229116
0,0.3807764018366495,0.75,0.45348837209302323,0.49250000000000005,0.319918427976183,0.471395352765313,0.8290322580645163,1,1,0.35488208000546373,0.3480385623912837
3,0.8267315987199109,0.7000000000000002,0.5232558139534883,0.54875,0.8106975163332872,0.9346549481732551,0.767741935483871,0,2,0.6919739981116353,0.6655685269962702
4,0.06158341449839988,0.75,0.15116279069767444,0.2205,0.037015823462027475,0.07864940797585737,0.10107526881720431,0,0,0.477095748945366,0.09987970887817713
0,0.5410546820648393,0.8,0.5232558139534883,0.7895000000000001,0.4491559561424489,0.6800648608475826,0.6860215053763442,0,2,0.27398455468973926,0.49294505551565093
4,0.03140114094893559,0.8500000000000001,0.22093023255813954,0.13575,0.004601014614987603,0.04659058279048034,0.10752688172043012,0,0,0.3785684665234823,0.08530959819303698
3,0.7494197857242242,0.6500000000000001,0.5813953488372092,0.593,0.6926572590289406,0.8838303933877969,0.4000000000000001,1,2,0.5134586957003582,0.5810893702456882
0,0.3555085571170168,0.8500000000000001,0.45348837209302323,0.60875,0.25176550560807665,0.48553299063684124,0.5419354838709679,0,1,0.03779426942526021,0.3574475781675941
2,0.2534965910672047,0.4,0.12790697674418605,0.20475,0.21573786175556087,0.26806335193203124,0.17419354838709677,0,0,0.6521058534489896,0.16960286621723367
0,0.5332238764435786,0.6500000000000001,0.6046511627906976,0.3355,0.40428504890544953,0.7043707878453476,0.6548387096774195,1,1,0.08939488574243737,0.4264529696329823
1,0.4419980520384026,0.6500000000000001,0.15116279069767444,0.46725000000000005,0.37240524175782674,0.5483050036315318,0.3956989247311829,0,1,0.3369743590035401,0.36120273813747805
2,0.11100041742034228,0.6500000000000001,0.10465116279069767,0.1205,0.0752275330756933,0.14445051263716774,0.1623655913978495,0,0,0.3481948723953443,0.12445319463795834
3,0.6198302490608042,0.8,0.3023255813953488,0.98925,0.4581817495184985,0.8313786871308646,0.4258064516129033,0,2,0.019421592140356214,0.5566394641419956
2,0.0636482537915681,0.75,0.0,0.075,0.04834527121439092,0.07269819999887395,0.020430107526881718,0,0,0.6762655882369615,0.1014850328420725
1,0.19625434812856543,0.30000000000000004,0.25581395348837205,0.4835,0.1888241292060575,0.25138645691989797,0.4989247311827958,1,1,0.5707738985058846,0.11841181103043624
2,0.2333157089188813,0.45000000000000007,0.06976744186046513,0.11299999999999999,0.16434622792331227,0.26806335193203124,0.10215053763440862,0,0,0.3308005812806165,0.1690330843855201
3,0.7092917768192569,0.8500000000000001,0.5465116279069767,0.03675,0.5280277949118193,0.9499017515807016,0.4387096774193549,0,1,0.013795620295991018,0.6545029553538204
1,0.5999666063726171,0.6000000000000001,0.3023255813953488,0.378,0.526120671206838,0.7304164719527508,0.3989247311827958,1,1,0.3920764830451915,0.45206234368644693
4,0.13788228746347572,0.75,0.22093023255813954,0.4095,0.076247183373406,0.19793819076521169,0.22258064516129036,0,1,0.05351912703311945,0.15919880920443433
0,0.6945373591206344,0.6000000000000001,0.4883720930232558,0.57825,0.6182542579841137,0.8393399057490809,0.9537634408602153,0,2,0.4155940273476555,0.5167640822825891
3,0.30086545150967026,0.7000000000000002,0.46511627906976744,0.8840000000000001,0.31470688201009583,0.4103067940611787,0.5688172043010754,1,1,0.5403478680314875,0.27308369319706105
4,0.18098789481007374,0.6000000000000001,0.16279069767441862,0.183,0.11324412442251289,0.25205083018506735,0.22795698924731186,0,0,0.07461931040320668,0.16541292740127908
1,0.22606929177681925,0.55,0.27906976744186046,0.34299999999999997,0.1888241292060575,0.2903705288523797,0.46021505376344096,1,1,0.3784394525615278,0.1857544157226554
4,0.20354529010713787,0.5,0.24418604651162792,0.052750000000000005,0.14776746937902036,0.26680779906649926,0.14946236559139786,0,0,0.23261645654173457,0.1612437582754234
1,0.6429330736051203,0.4,0.25581395348837205,0.6645,0.4757109228464608,0.7747887236713942,0.5107526881720431,0,2,0.16179558218271994,0.38759737955743256
2,0.11569778767218589,0.0,0.08139534883720931,0.177,0.06289731743853774,0.16499541132024487,0.08172043010752689,0,0,0.11449272495706375,0.03591425579604164
0,0.2615945457075275,0.8,0.26744186046511625,0.605,0.25176550560807665,0.32922510430097235,0.8752688172043012,0,1,0.5601688843373582,0.26698605834552114
0,0.3154139418394323,0.55,0.45348837209302323,0.6532499999999999,0.25176550560807665,0.41173688566586525,0.7655913978494625,0,1,0.24657924478937798,0.2441021868752867
0,0.5703353276749686,0.9500000000000002,0.3255813953488372,0.45425,0.4154319666662471,0.7694737375500391,0.7440860215053764,1,2,0.005702816439618008,0.5802428322934065
1,0.5322387644357868,0.45000000000000007,0.3255813953488372,0.229,0.4284985964073062,0.6807067129851192,0.6677419354838711,0,1,0.20949295228845877,0.3456569712599413
3,0.9742813413106997,0.75,0.9069767441860465,0.7885,0.9428114654011255,1.0,0.7430107526881722,0,2,0.8548134735361248,0.8094631900513185
2,0.04018366495060524,0.8,0.15116279069767444,0.10099999999999999,0.013645690403957772,0.05626903739070216,0.1838709677419355,1,0,0.4019469668564022,0.08796309918392427
3,0.9897537219980521,0.8,0.7325581395348837,0.7192500000000001,0.7814297763063482,1.0,0.28602150537634413,1,2,0.5016728106528836,0.8557430789334765
0,0.29028523723389454,0.5,0.4767441860465116,0.42075,0.27523634486838955,0.32827921694039225,0.8526881720430108,0,1,0.6917173963921341,0.2151930283073568
4,0.12430777793237788,0.9000000000000001,0.25581395348837205,0.126,0.10126638049320863,0.14808204446796652,0.22150537634408604,1,1,0.5579754008983897,0.17065588950524865
0,0.7685376374008627,0.6500000000000001,0.6511627906976744,0.5017499999999999,0.7590415287201502,0.8631165862474734,0.8795698924731183,1,2,0.7206471796279559,0.5947636149645619
1,0.2590900236538194,0.6000000000000001,0.25581395348837205,0.36225,0.1888241292060575,0.34694360146612546,0.6881720430107529,1,1,0.15571407574364038,0.21884745528026103
0,0.25497147627661054,0.45000000000000007,0.43023255813953487,0.5567500000000001,0.25176550560807665,0.3488297459053775,0.5161290322580646,0,1,0.4757906316391258,0.18182877121320953
4,0.29851676638374836,0.75,0.13953488372093023,0.19724999999999998,0.2720829819106484,0.3477543620609084,0.27311827956989254,0,1,0.5858999848163522,0.28408522496170585
4,0.04184221511061639,0.55,0.25581395348837205,0.21075,0.001970065081383199,0.07006322806582926,0.23225806451612904,0,0,0.12262205144488925,0.06544235112891919
3,0.684140809795464,0.8500000000000001,0.6744186046511628,0.59275,0.5298468006898376,0.8973881122227789,0.560215053763441,1,2,0.09501458591282286,0.6333848537034954
1,0.7259607624878253,0.55,0.25581395348837205,0.49,0.5974836037714473,0.7747887236713942,0.7344086021505377,0,2,0.49487926026390183,0.5122155201509264
3,0.6068846528454153,0.6500000000000001,0.5930232558139534,0.66175,0.47764951723964305,0.7877777840336466,0.37741935483870975,0,1,0.14363353817105917,0.4791396155876525
1,0.7604842075970502,0.7000000000000002,0.36046511627906974,0.26375,0.5669507420788278,0.7747887236713942,0.8129032258064518,1,1,0.4113630085260709,0.6161242027467916
0,0.3499540837623487,0.6000000000000001,0.6511627906976744,0.71,0.30000377648258414,0.4268485623075147,0.6569892473118281,0,1,0.414265639349503,0.2810132147153255
0,0.8334882426603588,1.0,0.3837209302325581,0.2545,0.752243860068732,0.887394361835697,0.7161290322580647,1,2,0.6513122641891191,0.8469585385061401
2,0.06519549186030332,0.8500000000000001,0.15116279069767444,0.21075,0.035756995933987096,0.08708920055627187,0.15053763440860218,0,0,0.3849011418660475,0.1136851488061755
1,0.6347850285237233,0.8,0.3255813953488372,0.29625,0.6327118921436574,0.7055137350727152,0.6473118279569894,0,1,0.7640974108395493,0.5687312315560825
4,0.22035341588980104,1.0,0.16279069767441862,0.21000000000000002,0.1519467767721145,0.29707056432315565,0.15268817204301077,0,1,0.13419797337266548,0.2749353110693795
4,0.31027688882704885,0.55,0.27906976744186046,0.37675000000000003,0.2617228313548761,0.3806689900963341,0.12795698924731186,1,1,0.4010867927543946,0.24074736268205935
1,0.48517044663976616,0.55,0.34883720930232553,0.26849999999999996,0.41015747932375785,0.6018883965520154,0.6677419354838711,0,1,0.33074357358906337,0.35496404247401625
0,0.851849172116321,0.55,0.45348837209302323,0.6815,0.6994863983685595,0.887394361835697,0.8666666666666668,0,2,0.5230393817013759,0.5944287037117167
3,0.7946625852233198,0.6000000000000001,0.46511627906976744,0.6382500000000001,0.7085688389833709,0.9611285337056827,0.33440860215053775,1,2,0.4075224471225203,0.5852659818438293
3,0.9225379156810907,0.7000000000000002,0.6627906976744186,0.71975,0.908911240070998,1.0,0.5623655913978496,1,2,0.7806318974718056,0.737074416068817
0,0.4120550994851815,0.7000000000000002,0.6627906976744186,0.17625,0.29809665277760294,0.5541999087894331,0.7387096774193549,1,1,0.05203067987343157,0.35607106695628843
0,0.3714373173786002,0.6000000000000001,0.5581395348837209,0.531,0.29080804139024913,0.4785458107887462,0.9612903225806454,1,1,0.21449704592053043,0.2957112320753248
0,0.4253012383470154,0.8,0.40697674418604646,0.59175,0.31611676884150103,0.5648805535693173,0.717204301075269,1,1,0.09255519703359205,0.39935198566891383
1,0.6859885905106441,0.6000000000000001,0.40697674418604646,0.02225,0.6249763969838493,0.7747887236713942,0.4322580645161291,0,1,0.5700800410494808,0.5109153375507343
3,0.6013134826770558,0.8,0.9883720930232558,0.1145,0.45292614458892994,0.7986217069888688,0.47096774193548396,0,2,0.05866635590030178,0.5416676330341922
0,0.5060581605676916,0.75,0.5697674418604651,0.75125,0.46516194816148243,0.5949406286772778,0.8634408602150538,1,2,0.536211325593617,0.44543975491765686
2,0.009110894670933609,0.8500000000000001,0.11627906976744187,0.059500000000000004,0.0,0.02808947644008536,0.01612903225806452,0,0,0.528540014039039,0.06659351120265158
4,0.024249339084458033,0.45000000000000007,0.22093023255813954,0.27849999999999997,0.0,0.03949079730422103,0.1752688172043011,0,0,0.3899533748921351,0.04550258323020605
2,0.257709753721998,0.45000000000000007,0.08139534883720931,0.191,0.16863253565628977,0.26806335193203124,0.18602150537634413,0,0,0.3575989756892708,0.1834467300719151
2,0.23266453318491723,0.45000000000000007,0.10465116279069767,0.0,0.223347474162565,0.2581090135183069,0.1623655913978495,1,0,0.7562577499307521,0.1686483258764377
3,0.5796410185056351,0.8,0.37209302325581395,0.3415,0.5189516484346479,0.6957114142705125,0.36021505376344093,1,1,0.44979990884380316,0.5241442454977371
2,0.1779045498817309,0.0,0.10465116279069767,0.15675,0.10859275670640364,0.24997888644284422,0.18817204301075272,0,0,0.052726465132090894,0.05525949131567333
1,0.3447892027271462,0.55,0.313953488372093,0.639,0.276558113772832,0.43736592891206066,0.6397849462365592,0,1,0.27629838473349366,0.2632861111351501
3,0.9729901210518992,0.8500000000000001,0.7906976744186046,0.9335,0.9375558604715568,1.0,0.46021505376344096,1,2,0.8433129878299035,0.8759182366533107
4,0.19016557673577292,0.6500000000000001,0.16279069767441862,0.0235,0.14564634499427231,0.2416291783729611,0.08172043010752689,0,0,0.3359352589332354,0.1810769084316288
2,0.08530402114929733,0.6500000000000001,0.15116279069767444,0.0865,0.05275116756253226,0.11256622619094539,0.16774193548387098,1,0,0.36087791980489614,0.1060735766271754
4,0.36230416028941137,0.6500000000000001,0.26744186046511625,0.09825,0.3051775576228301,0.3806689900963341,0.3150537634408603,0,1,0.6123957836145435,0.30420084290325655
0,0.4943703909837205,0.75,0.5,0.32349999999999995,0.43153237074988354,0.6013873014621842,0.6279569892473119,1,1,0.40439673248505037,0.4363530154993812
3,0.4445192709058021,0.7000000000000002,0.5232558139534883,0.369,0.357324487971903,0.5668961944924582,0.5838709677419355,1,1,0.2345008354366913,0.3803009874256835
1,0.20662306943091688,0.5,0.34883720930232553,0.111,0.1921348456048037,0.2333470336859767,0.6118279569892474,0,1,0.6965936739826109,0.16315803137954013
3,0.6260804229859468,0.7000000000000002,0.6162790697674418,0.42674999999999996,0.572476994926925,0.7417840111254372,0.7204301075268817,0,2,0.4991260993254627,0.5158107535070487
1,0.20254904689021844,0.7000000000000002,0.25581395348837205,0.402,0.1888241292060575,0.27057445766309524,0.4892473118279571,0,1,0.4713817896042569,0.19970437807759212
3,0.9026019201335744,0.7000000000000002,0.41860465116279066,0.56375,0.8227067309507925,1.0,0.47096774193548396,1,2,0.5919963858162334,0.7221950100819537
0,0.34462223459023233,0.8,0.3372093023255814,0.35475,0.25176550560807665,0.4642054827685222,0.9118279569892475,1,1,0.09277070126695786,0.33411854300623955
0,0.838363712258244,0.8,0.5930232558139534,0.506,0.6886604816274122,0.887394361835697,0.9333333333333335,1,2,0.4967175780890023,0.7333358718510122
4,0.36558230137748704,1.0,0.24418604651162792,0.1345,0.3551404222107529,0.3806689900963341,0.06666666666666668,0,1,0.855352152306297,0.4104263844296556
3,0.8923667733407541,0.9000000000000001,0.627906976744186,0.9145000000000001,0.762597716486864,1.0,0.5967741935483871,0,2,0.46046388462532306,0.8394447569513558
0,0.5123250313065256,0.75,0.5232558139534883,0.5615,0.4916036203879706,0.583978469801983,0.9666666666666669,0,2,0.659159123610056,0.4503119780533609
1,0.34886322526784475,0.6000000000000001,0.25581395348837205,0.67175,0.23895064137262556,0.47926085659108947,0.6021505376344086,1,1,0.0013943322898017918,0.2802668905177711
3,0.9206901349659107,0.8,0.6162790697674418,0.66075,0.8121514621281738,1.0,0.706451612903226,1,2,0.5688990031463741,0.7999013439720302
1,0.23686099902601918,0.7000000000000002,0.23255813953488372,0.374,0.1888241292060575,0.32112312863505077,0.36344086021505384,1,1,0.25037723998736316,0.2253134059695551
3,0.8213273966884652,0.8,0.5116279069767442,0.7292500000000001,0.6736741399060915,1.0,0.5096774193548388,0,2,0.2658784210834191,0.7195610672159096
4,0.14827883678864615,0.55,0.19767441860465115,0.21749999999999997,0.11823537557119301,0.181407683082692,0.17204301075268819,0,0,0.47266931379191757,0.13495227298296023
0,0.30429386392096835,0.6500000000000001,0.6395348837209303,0.25125000000000003,0.25176550560807665,0.3800215076768894,0.7440860215053764,0,1,0.35501643634715774,0.2627083675888986
2,0.05403645470989285,0.6000000000000001,0.1744186046511628,0.3175,0.01887611878296555,0.07961218618216218,0.11935483870967745,0,0,0.25058856382647243,0.0785575450226303
4,0.006289133157089177,0.6000000000000001,0.22093023255813954,0.379,0.0,0.026619972862041236,0.3483870967741936,0,1,0.5479081063098528,0.045890630273554125
1,0.7172672881591762,0.5,0.19767441860465115,0.093,0.6880688326892332,0.7747887236713942,0.5483870967741937,0,1,0.7426561918266439,0.4807612091421253
4,0.10131069987477387,0.6500000000000001,0.12790697674418605,0.3185,0.0897355203363587,0.11187933179814316,0.06666666666666668,0,0,0.7492147858065896,0.11752252213270101
2,0.24884374565187142,0.30000000000000004,0.08139534883720931,0.155,0.1669079419428744,0.26806335193203124,0.0849462365591398,1,0,0.3468166554719856,0.14457885126305678
1,0.7713482677055795,0.8,0.37209302325581395,0.39775,0.7062966552952581,0.7747887236713942,0.6634408602150539,0,2,0.7925145849482182,0.6791501735134527
2,0.16816474189508832,0.55,0.10465116279069767,0.22599999999999998,0.15292236810634574,0.19061319400262378,0.007526881720430107,0,0,0.6857038631912402,0.14793904095955968
1,0.46621956310004165,0.6000000000000001,0.36046511627906974,0.0,0.34872669595538713,0.61849772818125,0.3956989247311829,0,0,0.08696374445447597,0.36055766617915597
1,0.29714762766105474,0.3500000000000001,0.22093023255813954,0.5062500000000001,0.2725109832701822,0.34460140419230795,0.8053763440860217,1,1,0.6020053340518736,0.18132545238981249
0,0.22615834144983996,0.55,0.441860465116279,0.0,0.25176550560807665,0.2843236060829566,0.9473118279569894,1,1,0.7838018183450866,0.18581257085493236
4,0.38004174203422847,0.6500000000000001,0.10465116279069767,0.228,0.3050957338335075,0.3806689900963341,0.12903225806451615,1,1,0.6119978958855194,0.3168878350194283
3,0.7483901488799221,0.8,0.45348837209302323,0.58775,0.6417754503455482,0.9272623880277684,0.7580645161290324,1,2,0.31207736322065727,0.6605872629875469
3,0.9968443022123279,0.8500000000000001,0.6511627906976744,1.0,0.8407960825287328,1.0,0.26021505376344095,0,2,0.631580093504472,0.8959474873002
0,0.652422429386392,0.9500000000000002,0.6162790697674418,0.10874999999999999,0.6359344906154407,0.7383213877518848,0.7731182795698925,0,1,0.6879669424801127,0.6542731041167257
2,0.005098093780436894,0.45000000000000007,0.12790697674418605,0.08825,0.0,0.01049484547691304,0.11720430107526883,0,0,0.7878221132138308,0.03418673682206434
3,0.4390148879922081,0.75,0.6046511627906976,0.6587500000000001,0.3425962058938305,0.5689343565432321,0.7720430107526883,0,1,0.17724307312938903,0.3933164868069198
4,0.1105663002643662,0.5,0.25581395348837205,0.15725,0.0791550749631793,0.1400645230306682,0.2806451612903227,0,0,0.4147533009986899,0.10341401781000925
4,0.10681508278836788,0.7000000000000002,0.19767441860465115,0.35575,0.05010133561600727,0.15846991458862347,0.29462365591397854,0,1,0.04033090922876603,0.1282524901993025
1,0.7568498678168916,0.6000000000000001,0.441860465116279,0.14075000000000001,0.7537418648271001,0.7747887236713942,0.603225806451613,0,1,0.9222910239504378,0.5593959481796233
0,0.8008125782663141,0.6500000000000001,0.5581395348837209,0.38399999999999995,0.6783443900351214,0.887394361835697,0.8440860215053766,1,1,0.4716353477862809,0.617848606267254
4,0.2647558090997635,0.4,0.25581395348837205,0.36675,0.2236432986316545,0.3227728012341578,0.335483870967742,0,1,0.43516081344503776,0.1759054286777496
2,0.2212884374565187,0.20000000000000007,0.13953488372093023,0.16299999999999998,0.1448406953763265,0.26806335193203124,0.08172043010752689,0,0,0.20885017853110166,0.11016243628464861
3,0.905774314734938,0.8500000000000001,0.5465116279069767,0.6152500000000001,0.6851168821359785,1.0,0.4741935483870969,1,2,0.2909178019384009,0.8194802385052747
3,0.45708084040628905,0.9000000000000001,0.34883720930232553,0.7745000000000001,0.33943654879844914,0.6083125482092888,0.34516129032258075,1,2,0.0775764696708312,0.46041868233624406
2,0.12445804925560039,0.6500000000000001,0.15116279069767444,0.11950000000000001,0.0949155956142449,0.15407266441830747,0.06774193548387097,0,0,0.4584500991129441,0.1340789075143008
4,0.08683456240434115,0.5,0.18604651162790697,0.117,0.0414406022230894,0.12579175839334278,0.27419354838709686,1,0,0.15334774654344585,0.0886536913797132
3,0.7551746208431891,0.6000000000000001,0.7325581395348837,0.6940000000000001,0.6159694860207203,0.9640675408617709,0.34301075268817216,0,2,0.1931156184709386,0.5582498074476648
2,0.2615945457075275,0.8500000000000001,0.12790697674418605,0.249,0.20241946650889364,0.26806335193203124,0.1774193548387097,1,1,0.568838008267327,0.278592334253546
4,0.33868373452066236,0.45000000000000007,0.25581395348837205,0.18175,0.3101751029091504,0.3806689900963341,0.29784946236559146,0,1,0.6366975418333964,0.23129161510302634
4,0.36607207457910107,0.45000000000000007,0.2906976744186046,0.09,0.312000402824809,0.3806689900963341,0.2720430107526883,0,0,0.6455734988654711,0.24747449222434723
3,0.866970919716154,0.6000000000000001,0.5697674418604651,0.5195000000000001,0.7051888870705825,1.0,0.48172043010752696,1,2,0.33484001621042303,0.6347366143674331
0,0.7688882704883817,0.8,0.5232558139534883,0.72725,0.6612432180666927,0.887394361835697,0.5344086021505378,1,2,0.43005608010324603,0.6771611295249799
3,0.33827744538750526,0.8,0.8488372093023255,0.65525,0.31470688201009583,0.4144112695722674,0.39677419354838717,1,1,0.5249763452343557,0.3289884295518074
3,0.5206901349659105,0.9500000000000002,0.1744186046511628,0.8345,0.41775450345548165,0.6669575645652579,0.29569892473118287,0,2,0.20546559796048225,0.5354703036701772
2,0.1564324474746069,0.6000000000000001,0.05813953488372093,0.0,0.10637722025705257,0.20851186018883966,0.04516129032258065,0,0,0.2268415198498115,0.1486130174032695
2,0.13799916515931543,0.10000000000000009,0.09302325581395349,0.0675,0.07194199322750791,0.20202014514866762,0.1752688172043011,0,0,0.002057605874842494,0.05837494483051067
2,0.2016752469737025,0.5,0.13953488372093023,0.052750000000000005,0.14977529928624478,0.2612281896954581,0.11290322580645162,0,0,0.2701186662807642,0.1600806556298841
1,0.6734548490329761,0.4,0.37209302325581395,0.7000000000000001,0.4958647515703874,0.7747887236713942,0.717204301075269,1,1,0.21692216187031743,0.4046825266328006
2,0.1402309725893975,0.5,0.046511627906976744,0.21125000000000002,0.11705207769483505,0.1661834008028782,0.06881720430107528,0,0,0.5646114996498974,0.12186442584787935
0,0.38290802838458327,0.75,0.36046511627906974,0.20725,0.36682234167096767,0.4337456576450783,0.8505376344086023,1,1,0.6849954937839036,0.3496958105804263
2,0.23827466258522326,0.75,0.046511627906976744,0.0,0.165617643726633,0.26806335193203124,0.14408602150537636,1,0,0.33874959107584135,0.23724957378865105
3,0.5051732294420481,1.0,0.3023255813953488,0.39899999999999997,0.48535354171125017,0.5750882546689113,0.27956989247311836,1,1,0.6643651320206023,0.5406575337723816
2,0.14349798246834558,0.9500000000000002,0.08139534883720931,0.14425,0.0844610329938695,0.20194695148386083,0.04086021505376344,0,1,0.09643646800912542,0.19529947296911376
2,0.03208571031028243,0.5,0.11627906976744187,0.21025,0.005532546985737491,0.047142350417485435,0.16451612903225807,1,0,0.38588840203231767,0.05460178446254099
0,0.7257770975372199,0.9000000000000001,0.3953488372093023,0.27,0.5594984831128287,0.887394361835697,0.9860215053763444,0,2,0.18267703626951115,0.6943864720085156
2,0.07833588423542506,0.4,0.0,0.0,0.04322184317526656,0.1069922471018124,0.13010752688172042,0,0,0.304241231845515,0.07155331319827267
0,0.8060108529288993,0.6000000000000001,0.3837209302325581,0.57775,0.7758468762194892,0.887394361835697,0.7225806451612904,0,2,0.7086999174137716,0.5930300381643057
1,0.44491442882983157,0.55,0.22093023255813954,0.43925,0.41575926182353756,0.5154354178513718,0.703225806451613,0,1,0.5967961373008837,0.3286742879890613
2,0.020926673159871984,0.55,0.12790697674418605,0.107,0.0,0.046371001796059935,0.015053763440860218,0,0,0.31518926571766603,0.05178316443536733
4,0.28631139557534435,0.55,0.26744186046511625,0.0,0.1894094840065963,0.3806689900963341,0.0956989247311828,1,0,0.049445860542306486,0.22509636270802144
1,0.30257965771531936,0.7000000000000002,0.25581395348837205,0.2265,0.24427548181623637,0.3808491591173971,0.3516129032258065,1,1,0.3156051197893668,0.2743631061071543
2,0.16324474746069292,0.0,0.12790697674418605,0.21075,0.1179332569644633,0.21196322299857556,0.06666666666666668,1,0,0.29361601958428607,0.050700544338961345
0,0.42023097258939746,0.8,0.3023255813953488,0.42999999999999994,0.39890985536071705,0.48055582142997905,0.7397849462365592,1,1,0.6479820832958543,0.3952523950048896
3,0.8124669542229024,0.6500000000000001,0.5930232558139534,0.414,0.8088973929681895,0.9074043837374937,0.6043010752688173,0,2,0.7450517207516751,0.6261845213884538
2,0.13142062056490886,0.55,0.08139534883720931,0.171,0.09843401855511777,0.16500667188406126,0.07741935483870968,0,0,0.41527647348040175,0.1239427795037775
0,0.737381383052734,0.8,0.5,0.50925,0.5622490212615969,0.887394361835697,0.9440860215053766,0,2,0.1893646107919571,0.651686066134155
2,0.26289133157089184,0.5,0.0,0.27949999999999997,0.20977731341028966,0.26806335193203124,0.0870967741935484,0,0,0.6148399510921678,0.198154959196213
0,0.8352414080979546,0.30000000000000004,0.441860465116279,0.58875,0.7609171817369302,0.887394361835697,0.6752688172043012,1,1,0.6724003138274048,0.436354227064637
4,0.10288020036176426,0.8500000000000001,0.12790697674418605,0.08875,0.0860786263674014,0.11832037430114128,0.23763440860215054,0,1,0.6534880130551646,0.14532725242962102
1,0.5864867121191039,0.7000000000000002,0.41860465116279066,0.07025,0.4383363335389418,0.7747887236713942,0.7559139784946237,0,1,0.05956521672833137,0.48625963843431164
1,0.4433115347154585,0.45000000000000007,0.26744186046511625,0.5345,0.4377950377018845,0.49248075851157863,0.30645161290322587,0,1,0.7617914310076863,0.29311277076319964
2,0.14368164741895087,0.5,0.13953488372093023,0.0,0.09439318219010814,0.19342833495673134,0.05913978494623656,0,0,0.21517279881644713,0.1240106271581006
4,0.174631974398219,0.7000000000000002,0.18604651162790697,0.0865,0.15487984491244855,0.20194695148386083,0.1817204301075269,0,0,0.6254466656725814,0.17886822497035992
4,0.1832197022401558,0.8500000000000001,0.19767441860465115,0.26075000000000004,0.1646357582547615,0.21058943421297105,0.22365591397849466,0,1,0.6427072182383557,0.21278460965963672
1,0.2588618338667037,0.45000000000000007,0.43023255813953487,0.439,0.1888241292060575,0.3567853342416855,0.4333333333333334,0,1,0.12229722595014869,0.184127456664907
3,0.8430722137192151,0.9500000000000002,0.40697674418604646,0.6,0.7599919435038207,1.0,0.26989247311827963,1,2,0.4547618474009214,0.8262106565818284
1,0.5732628356755252,0.5,0.441860465116279,0.454,0.5559611777590352,0.6496894899527619,0.7784946236559142,1,1,0.6820658236047497,0.39119538220556793
2,0.23607068317796023,0.8,0.0,0.20475,0.21267891086242274,0.26806335193203124,0.06881720430107528,0,1,0.6329810081000822,0.24634860194023525
4,0.2535745095310977,0.3500000000000001,0.20930232558139536,0.075,0.22645048401918455,0.2976392227958854,0.1774193548387097,1,0,0.5653153471200241,0.1582896160203543
2,0.09051899262557395,0.5,0.05813953488372093,0.16775,0.06600032729515731,0.1112712613520559,0.1602150537634409,1,0,0.5085034213286688,0.09094528052062689
1,0.433349102546264,0.8,0.441860465116279,0.5625,0.35367388814058587,0.5475674367015557,0.69247311827957,0,1,0.27044979701004523,0.40585912957690407
4,0.03640461945178794,0.9000000000000001,0.25581395348837205,0.33825,0.00149800475836806,0.05948392836029304,0.3537634408602151,0,1,0.20794568315749373,0.09411404290671813
2,0.1701405315152358,0.5,0.13953488372093023,0.22749999999999998,0.15586173038432005,0.19198135250632004,0.15053763440860218,1,0,0.6991446064638012,0.14046714494647478
4,0.25438152219284815,0.5,0.23255813953488372,0.056249999999999994,0.22215788214856685,0.30312311737448694,0.03548387096774194,0,0,0.5144879478679476,0.192862149836006
4,0.04382357033532769,0.9000000000000001,0.23255813953488372,0.12625,0.009145381991213397,0.06764783712720498,0.14623655913978495,0,0,0.23392831934021618,0.1005741088504842
4,0.3064922777236677,0.3500000000000001,0.13953488372093023,0.14625000000000002,0.2926836944070293,0.34546283732426486,0.2526881720430108,0,0,0.7036137241321041,0.1862656962605904
4,0.37979685543342145,0.9500000000000002,0.2906976744186046,0.13325,0.2700499754528632,0.3806689900963341,0.30000000000000004,0,1,0.44157952086968644,0.4084056666637821
4,0.02623625991373313,0.55,0.08139534883720931,0.19824999999999998,0.005010133561600738,0.03577481124479906,0.24623655913978496,0,0,0.5092625546171803,0.05525066419738128
1,0.5742702101015722,0.4,0.41860465116279066,0.424,0.5619154319666664,0.6464126658821807,0.37204301075268825,0,1,0.7102464690543175,0.34916202954488407
0,0.3018950883539725,0.8500000000000001,0.24418604651162792,0.62,0.25683228640843914,0.36822606707917865,0.6935483870967744,0,1,0.4241547144677871,0.31243083260495186
2,0.1760901627939335,0.10000000000000009,0.13953488372093023,0.08125,0.15294125051926638,0.206636976313404,0.07526881720430108,0,0,0.5813551124414118,0.07258972073420855
2,0.18028106303047167,0.4,0.011627906976744186,0.05499999999999999,0.14825211797731597,0.21930511060688812,0.011827956989247313,0,0,0.47214999422077475,0.12861907522954835
1,0.3629998608598859,0.45000000000000007,0.45348837209302323,0.44925,0.25393698309394636,0.4944569874613622,0.3258064516129033,1,1,0.02453513606122293,0.24565922130970205
3,0.8673159871991095,0.75,0.3837209302325581,0.7915,0.7324236206397363,1.0,0.27956989247311836,0,2,0.3944359463311635,0.7263022162990144
1,0.6056435230276889,0.6000000000000001,0.27906976744186046,0.52325,0.4455116504487721,0.7747887236713942,0.6827956989247314,0,1,0.07919179413116129,0.4559462757349442
4,0.28399053847224154,0.7000000000000002,0.18604651162790697,0.35125000000000006,0.2033887637054847,0.37981881752819363,0.07311827956989247,0,0,0.1201143565284104,0.26048895312107867
2,0.0007012661750382537,0.4,0.06976744186046513,0.10149999999999999,0.0,0.0014244613227784308,0.16344086021505377,0,0,0.9494457913531675,0.02809585211980649
4,0.294058717128148,0.4,0.19767441860465115,0.2165,0.2647691939727338,0.3452770380212937,0.26989247311827963,1,0,0.5585423978066466,0.19230829143336822
1,0.3483066648114651,0.30000000000000004,0.3953488372093023,0.35575,0.24583642795100646,0.4719640112380427,0.8344086021505378,0,1,0.04788750115603646,0.194068868830753
2,0.0798497286767775,0.3500000000000001,0.06976744186046513,0.09175000000000001,0.03474993391155479,0.11763911019024723,0.03870967741935484,0,0,0.14046399364136852,0.06644639256445095
3,0.8081480450813968,0.9000000000000001,0.441860465116279,0.405,0.7842432558315187,0.9207200004504226,0.45161290322580655,0,2,0.6586652585501136,0.7661111351501043
2,0.1983024906080423,0.30000000000000004,0.05813953488372093,0.0975,0.14311610166291117,0.26036675656350117,0.015053763440860218,0,0,0.23156528068635196,0.11943091049128973
0,0.7484124112981771,0.55,0.5465116279069767,0.5355,0.6377597905310994,0.887394361835697,0.7774193548387098,1,2,0.37295919098826524,0.5268778828762559
3,0.6242270766662029,0.8500000000000001,0.5465116279069767,0.38,0.5378088848046929,0.7690458361250148,0.5623655913978496,0,1,0.34329891846542226,0.5830780680726594
4,0.05429803812439127,0.8500000000000001,0.19767441860465115,0.30925,0.029538387945467592,0.07060373512901794,0.10215053763440862,1,1,0.4636272233734371,0.10453506183309824
1,0.48392931682203977,0.75,0.19767441860465115,0.25125000000000003,0.40649429121716035,0.6026484846096245,0.7741935483870969,1,1,0.3164640896285049,0.42823552828572176
1,0.5792458605816055,0.6000000000000001,0.46511627906976744,0.28175,0.5161570513223983,0.6974061291248852,0.5698924731182797,0,1,0.43745825741079636,0.4378859917094321
2,0.1402810630304717,0.6000000000000001,0.16279069767441862,0.25275,0.09672201311698286,0.1844649261588528,0.1838709677419355,0,1,0.2826929375475491,0.1375628499476431
1,0.5199833031863085,0.6500000000000001,0.23255813953488372,0.06325,0.5046387794408289,0.5878014312176612,0.7505376344086022,0,1,0.6926775257906252,0.4169825101901292
3,0.8069236120773619,0.8500000000000001,0.5581395348837209,0.8995,0.8050642631453064,0.8996120735765241,0.49139784946236564,1,2,0.7527757646425821,0.7364798836897356
0,0.6696646723250312,0.6500000000000001,0.37209302325581395,0.5307499999999999,0.6243595714951096,0.7835494423205769,0.7075268817204303,0,2,0.5486280840101367,0.524043685581508
2,0.23021010157228325,0.25,0.16279069767441862,0.09625,0.16084039325771976,0.26806335193203124,0.16774193548387098,0,0,0.30888177704328856,0.12467698804877414
1,0.7492249895644914,0.5,0.5232558139534883,0.46649999999999997,0.7354951598081547,0.7747887236713942,0.6827956989247314,0,1,0.8723809819409614,0.5006378025667876
3,0.8350967023792959,0.7000000000000002,0.4883720930232558,0.49549999999999994,0.760722063470084,0.9962896442224862,0.5849462365591398,0,2,0.4627732742705386,0.6718118958400042
3,0.8854542924725197,0.7000000000000002,0.5232558139534883,0.4845,0.8319654074195295,1.0,0.7688172043010754,1,2,0.612256522910666,0.709396727043002
3,0.4100180882148323,0.8500000000000001,0.5348837209302325,0.419,0.31470688201009583,0.5431476654036067,0.5182795698924733,0,1,0.13855512670179615,0.40321670575406954
4,0.3381550020871017,0.4,0.16279069767441862,0.028249999999999997,0.27347398632913306,0.3806689900963341,0.34731182795698934,0,0,0.45822959199192326,0.21699202963142453
0,0.7439933212745233,0.3500000000000001,0.5813953488372092,0.5885,0.6579073251173857,0.887394361835697,0.7612903225806452,1,1,0.4219452917808284,0.4175597344941282
4,0.1322665924586058,0.75,0.18604651162790697,0.251,0.11257694583265149,0.15407266441830747,0.2903225806451613,0,0,0.6138030001361934,0.15483284726489144
1,0.6508751913176568,0.7000000000000002,0.36046511627906974,0.44775000000000004,0.48863278742179533,0.7747887236713942,0.7161290322580647,1,2,0.19714063780378122,0.5343165473851825
4,0.2882871851954918,0.45000000000000007,0.16279069767441862,0.31375,0.21072772819396013,0.3806689900963341,0.25161290322580654,0,0,0.15311091732726068,0.20151393732746012
2,0.20535411159037145,0.10000000000000009,0.18604651162790697,0.08875,0.1635405783053664,0.25635799584485197,0.015053763440860218,0,0,0.3811507813770618,0.0835104237882184
0,0.7891025462640878,0.6500000000000001,0.441860465116279,0.32099999999999995,0.7866350281347954,0.8800468439454763,0.8731182795698926,1,1,0.7511327133540548,0.6094728825733646
4,0.10552942813413108,0.4,0.16279069767441862,0.364,0.0837372071652463,0.12577486754761813,0.2290322580645162,1,0,0.5673137785885085,0.08677541907176793
1,0.5571003200222624,0.45000000000000007,0.313953488372093,0.43374999999999997,0.48258412114956134,0.6826322693977287,0.6913978494623657,0,1,0.3702597453333598,0.3603468538246519
2,0.061332962293029064,1.0,0.09302325581395349,0.08075,0.014816400005035313,0.09800631717630104,0.11290322580645162,0,0,0.0635655820357186,0.12657741469282494
1,0.47258104911646026,0.5,0.313953488372093,0.767,0.41930286131497124,0.5682362015866136,0.30322580645161296,0,1,0.4511484000518371,0.3285747665573373
4,0.1641519410045916,0.6500000000000001,0.18604651162790697,0.13125,0.1334860710734022,0.19987500774163763,0.07741935483870968,1,0,0.4771157142492852,0.1624703815565152
1,0.5271796298872965,0.55,0.11627906976744187,0.3705,0.49732499150291415,0.6089037278096514,0.7333333333333334,1,1,0.6056672598440358,0.38239872612567394
0,0.5283818004730764,0.9500000000000002,0.40697674418604646,0.281,0.42110298468006896,0.6795187235024858,0.760215053763441,0,1,0.18936846222485082,0.5424070340017135
4,0.25745373591206344,1.0,0.18604651162790697,0.03425,0.17421543574314885,0.352219175614123,0.3258064516129033,0,1,0.062366338299623125,0.3095479996192224
4,0.37668568248225964,0.6500000000000001,0.24418604651162792,0.248,0.36039602714032154,0.3806689900963341,0.34731182795698934,1,1,0.8809087872089949,0.31448737808624616
1,0.44947265896758026,0.45000000000000007,0.27906976744186046,0.43374999999999997,0.4222799884187867,0.5188248475601174,0.4301075268817205,1,1,0.6107765776534235,0.296753178195287
3,0.6777403645470989,0.7000000000000002,0.5697674418604651,0.82575,0.521632951069374,0.8917803514421967,0.3182795698924732,1,2,0.08382786048570656,0.5543676062066758
0,0.3477501043550856,0.75,0.5697674418604651,0.85575,0.2641460743463538,0.45446509506731,0.6365591397849464,1,1,0.17177283202902616,0.32236203300649924
0,0.8674050368721301,0.75,0.5465116279069767,0.434,0.8172937725802187,0.887394361835697,0.9752688172043013,1,2,0.8094726364762612,0.7263714485993441
1,0.6952441909002365,0.4,0.441860465116279,0.41700000000000004,0.6485479424464056,0.7747887236713942,0.795698924731183,0,1,0.6345550694473736,0.4168795271433887
2,0.17770418811743424,0.25,0.05813953488372093,0.09825,0.1683996525636023,0.19607456745359242,0.06236559139784946,0,0,0.767313624636391,0.1001843309996279
4,0.2601753165437596,0.6000000000000001,0.313953488372093,0.15575,0.21670715895215192,0.319715558157997,0.05053763440860215,0,0,0.4099806374192594,0.2195899717012972
0,0.28901627939334906,0.9000000000000001,0.6046511627906976,0.13899999999999998,0.2691750903208751,0.3311337698678573,0.8161290322580647,1,1,0.6454667774206919,0.31407613822228764
3,0.38318630861277303,0.8,0.5348837209302325,0.49224999999999997,0.31470688201009583,0.4935899240474971,0.6870967741935485,0,1,0.2683020190233454,0.36529973259023996
2,0.1752887157367469,0.9000000000000001,0.05813953488372093,0.13225,0.1389934415085789,0.2174808992686264,0.18709677419354842,0,0,0.41612666078089044,0.2150476404766644
3,0.5763795742312509,0.9500000000000002,0.6744186046511628,1.0,0.4466697717745692,0.753765251026119,0.27634408602150545,0,2,0.11978173406504422,0.5856938374598669
0,0.8237873939056629,0.6500000000000001,0.5,0.2305,0.6611299235891692,0.887394361835697,0.6688172043010754,0,2,0.4297806193677678,0.6342815850735162
4,0.1418116042855155,0.55,0.09302325581395349,0.13775,0.09991943503820541,0.18470702828090607,0.06344086021505377,0,0,0.30666945727758566,0.13072875650134572
3,0.2862056490886322,0.8,0.7441860465116279,0.5615,0.31470688201009583,0.31676529043809226,0.25913978494623663,0,1,0.9679150947977149,0.28688549842929223
4,0.07113955753443718,0.6500000000000001,0.19767441860465115,0.05,0.03075315651002658,0.10359155682925045,0.058064516129032254,0,0,0.19693178490010665,0.0959422948776752
2,0.16246556282176147,0.5,0.15116279069767444,0.0,0.14774229282845958,0.18371609866506022,0.14946236559139786,0,0,0.6928018550256458,0.13569357783874064
4,0.2830109920690135,0.6500000000000001,0.15116279069767444,0.31074999999999997,0.20104105036568937,0.37993142316635803,0.16129032258064518,0,1,0.1083244669091672,0.24748556939240005
4,0.19108946709336297,0.8,0.023255813953488372,0.36525,0.170759954178678,0.2210448677165266,0.19892473118279572,1,1,0.6221298238155726,0.20997879760802401
2,0.18422707666620283,0.5,0.15116279069767444,0.0,0.1218796812648699,0.2508853618300669,0.02795698924731183,0,0,0.13588835476821548,0.14922849255320067
1,0.7233059691108946,0.8500000000000001,0.3953488372093023,0.87325,0.5518133410541421,0.7747887236713942,0.5247311827956991,1,2,0.369957816724487,0.6662700232793611
2,0.11735077222763321,0.3500000000000001,0.10465116279069767,0.13475,0.06622062211256435,0.16536700992618703,0.00967741935483871,0,0,0.1405543450570539,0.08627210024837087
2,0.029586753861138154,0.45000000000000007,0.13953488372093023,0.301,0.011423859816966475,0.03681078311591063,0.025806451612903226,0,0,0.5936208632898283,0.04865628759097557
4,0.024839293168220394,0.5,0.20930232558139536,0.33799999999999997,0.0,0.04377544183637275,0.19892473118279572,0,0,0.3426824848933281,0.05009476171107631
4,0.31841936830388196,0.5,0.25581395348837205,0.31425000000000003,0.29409987537607474,0.36832178187161835,0.11182795698924733,0,1,0.609533966369664,0.2326914922156932
2,0.22353137609572835,0.6000000000000001,0.05813953488372093,0.2695,0.19633303541081837,0.26380122852751237,0.1709677419354839,0,1,0.5528088748657314,0.19451957110589946
1,0.444140809795464,0.6000000000000001,0.43023255813953487,0.5415,0.35944561235665107,0.5642330711498724,0.46774193548387105,1,1,0.2487013822526809,0.3454522167317162
0,0.5195491860303325,0.7000000000000002,0.45348837209302323,0.37525000000000003,0.4044486964840947,0.6765515649368563,0.8043010752688173,0,1,0.1444237125030583,0.43630022587037975
0,0.41364129678586326,0.45000000000000007,0.34883720930232553,0.589,0.3756026636790493,0.48807224777744623,0.8838709677419356,0,1,0.5283759616212904,0.2755815945929573
3,0.9457798803395019,0.9000000000000001,0.6046511627906976,0.911,0.8472790442981408,1.0,0.6860215053763442,1,2,0.6457663213816074,0.8859543239898575
0,0.7458911924307777,0.8500000000000001,0.5348837209302325,0.098,0.5664912700310931,0.887394361835697,0.5376344086021506,1,1,0.1996790849982013,0.685233788824176
2,0.13853346319743978,0.7000000000000002,0.10465116279069767,0.0,0.11675625322574554,0.16300792180664486,0.11290322580645162,1,0,0.5845916824364508,0.15192578297404652
0,0.6146208431890913,0.9000000000000001,0.441860465116279,0.4405,0.46540112539181006,0.8143808660499632,0.8010752688172045,1,1,0.06550601550527513,0.5975969468555555
1,0.3665228885487686,0.45000000000000007,0.34883720930232553,0.3575,0.2914500434295497,0.46801718362038397,0.36021505376344093,1,1,0.24725733802004646,0.24774086349986588
1,0.31045498817309025,0.6500000000000001,0.40697674418604646,0.4455,0.20861289794685234,0.4286896644915011,0.781720430107527,1,1,0.0020261364919835767,0.267115176585636
0,0.6052261026854041,0.7000000000000002,0.441860465116279,0.5105,0.44685859590377525,0.8119654751113388,0.9258064516129034,1,2,0.020786247011415293,0.5002459477469214
2,0.10316404619451788,0.6500000000000001,0.046511627906976744,0.0,0.08471279849947758,0.1201108039479537,0.07849462365591399,0,0,0.6242718824159887,0.11884814760326431
0,0.8817475998330317,0.75,0.5348837209302325,0.41424999999999995,0.6933936731328441,0.887394361835697,0.681720430107527,0,2,0.5082257154823193,0.7375221759711994
3,0.9773702518436065,0.6500000000000001,0.7093023255813953,0.65225,0.8863719331814348,1.0,0.7741935483870969,1,2,0.7313106527844078,0.7441333414104351
3,0.9563823570335328,0.6000000000000001,0.4767441860465116,0.254,0.7402661161394277,1.0,0.5935483870967743,1,2,0.41159715015146436,0.6959085441312645
3,0.3474050368721302,0.75,0.7790697674418604,0.39949999999999997,0.31470688201009583,0.47702000439162,0.513978494623656,0,1,0.31644046847298934,0.32209375784272154
2,0.24919994434395434,0.55,0.18604651162790697,0.155,0.21383073805057973,0.26806335193203124,0.06559139784946237,1,0,0.6401823387561525,0.20086021133159676
1,0.47610407680534295,0.5,0.22093023255813954,0.0555,0.39232618738906583,0.5994898964591158,0.44946236559139796,0,1,0.27618389104102636,0.330765968862773
2,0.040061221650201734,0.55,0.10465116279069767,0.17325000000000002,0.011499389468648896,0.057929970553625615,0.13870967741935486,0,0,0.3561792280357263,0.0642792484833799
1,0.17886739947126754,0.45000000000000007,0.36046511627906974,0.5235,0.1888241292060575,0.2351599844604219,0.4118279569892474,0,1,0.6630661743995552,0.13686135366455218
2,0.12800890496730208,0.45000000000000007,0.12790697674418605,0.19224999999999998,0.07406941174989615,0.1799043978131985,0.07096774193548387,1,0,0.12658858324566413,0.10681072754493609
0,0.45572839849728675,1.0,0.36046511627906974,0.2435,0.36433615730308794,0.5833084662549055,0.7397849462365592,0,1,0.21910264372167787,0.4945280520626899
0,0.8572978989842771,0.75,0.45348837209302323,0.51675,0.7799632422361813,0.887394361835697,0.6333333333333334,1,2,0.7187083241361509,0.718513582511921
1,0.253407541394184,0.55,0.2906976744186046,0.29275,0.2082541321013608,0.31358981144185893,0.5559139784946238,1,1,0.38899003968369317,0.2036080413316833
4,0.34802838458327534,0.75,0.3255813953488372,0.06425,0.3231032616221252,0.3806689900963341,0.1978494623655914,0,1,0.699563803019194,0.3225783839450296
2,0.06410463336579936,0.5,0.16279069767441862,0.086,0.03796623824569795,0.08290027081655979,0.14623655913978495,0,0,0.44841351469871604,0.07451645565238463
4,0.24135244190900237,0.6500000000000001,0.10465116279069767,0.21225,0.164994524100253,0.3278907274887254,0.03655913978494624,0,0,0.09517482454700277,0.21768885273424318
3,0.6347516348963406,0.5,0.6162790697674418,0.51025,0.5017497702639762,0.8225954473540491,0.7161290322580647,1,1,0.14650446928098138,0.42943930490770466
1,0.7653485459858077,0.30000000000000004,0.1744186046511628,0.54575,0.5696761036770353,0.7747887236713942,0.4215053763440861,1,1,0.41881766467995263,0.4015774579630127
4,0.01921246695422288,0.7000000000000002,0.1744186046511628,0.05,0.0,0.032109497722551006,0.20752688172043013,0,0,0.47739497302043254,0.06286950576791603
4,0.2705106442187283,0.55,0.23255813953488372,0.3065,0.22055287705031534,0.3371919532010968,0.3204301075268818,1,0,0.3589944987856406,0.2147774614246277
0,0.795937108668429,0.7000000000000002,0.4767441860465116,0.47800000000000004,0.7360427497828523,0.887394361835697,0.7526881720430109,0,2,0.6119213790157179,0.6425847879328103
0,0.6861054682064839,0.7000000000000002,0.37209302325581395,0.5715,0.5113420360276439,0.887394361835697,0.6623655913978496,1,2,0.06559092031702685,0.5606109750504099
1,0.5612077361903437,0.6500000000000001,0.3023255813953488,0.5,0.5314203350998881,0.6472572081684129,0.5150537634408603,1,1,0.6106813444284527,0.4464687199813073
4,0.1410602476694031,0.30000000000000004,0.1744186046511628,0.28675,0.10797593121766388,0.1759857216050808,0.1548387096774194,0,0,0.4240917915492888,0.09094874213564338
1,0.6313065256713509,0.75,0.3023255813953488,0.06025,0.496135399488916,0.7747887236713942,0.4634408602150539,1,1,0.21766246259691524,0.5428149853314064
1,0.2554278558508418,0.6000000000000001,0.34883720930232553,0.498,0.23238585581389498,0.29609089527112625,0.7526881720430109,1,1,0.6074755061302757,0.2163419383313285
0,0.824522053708084,0.7000000000000002,0.441860465116279,0.38449999999999995,0.7197157567441685,0.887394361835697,0.6301075268817206,1,2,0.5722244263584513,0.6639194136024162
2,0.27640461945178796,0.45000000000000007,0.13953488372093023,0.01675,0.248379259557648,0.26806335193203124,0.16666666666666669,0,0,0.8561829069046152,0.1944929166702725
1,0.7027299290385418,0.5,0.23255813953488372,0.09599999999999999,0.6403152104130212,0.7747887236713942,0.6623655913978496,1,1,0.6120361543220214,0.47171947071906406
4,0.27279810769444834,0.9500000000000002,0.3255813953488372,0.0,0.2351678646508642,0.32873526977495765,0.25376344086021513,1,0,0.47244382123932915,0.3119088210604658
3,0.882805064700153,0.7000000000000002,0.8372093023255813,0.5735,0.7238950641372626,1.0,0.335483870967742,1,2,0.37577348150250534,0.7074194525455852
2,0.11343258661472103,0.15000000000000002,0.11627906976744187,0.078,0.06652903485693426,0.1571524286221011,0.06344086021505377,0,0,0.19035093502439815,0.05620589686118059
0,0.7381438708779741,0.6000000000000001,0.26744186046511625,0.5905,0.6188144362340917,0.887394361835697,0.6774193548387099,0,2,0.326896034666611,0.5465980113021731
4,0.22557395297064145,0.3500000000000001,0.12790697674418605,0.1115,0.206202243230655,0.259105573416061,0.15806451612903227,0,0,0.6407754350343275,0.14348653864460464
2,0.1407151801864477,0.15000000000000002,0.046511627906976744,0.22425,0.08788504387013935,0.19325942649948485,0.07311827956989247,0,0,0.16584993882972987,0.06723564078820973
4,0.3439933212745234,0.8,0.23255813953488372,0.34099999999999997,0.25882123390274303,0.3806689900963341,0.2774193548387098,0,1,0.3869770817482343,0.3336100317603178
2,0.11966606372617225,0.30000000000000004,0.09302325581395349,0.19474999999999998,0.10599957199864049,0.13445676225008585,0.06021505376344086,0,0,0.7095295640278214,0.08030358363694581
3,0.8727034924168636,0.6000000000000001,0.6046511627906976,0.618,0.7823676028147384,1.0,0.42043010752688176,1,2,0.5037249931321974,0.6386586241811116
1,0.35344371782384865,0.5,0.41860465116279066,0.19125,0.26211306788856864,0.46780886318977993,0.5526881720430109,0,1,0.12613919801191975,0.2544754355144393
4,0.06157784889383608,0.75,0.16279069767441862,0.1275,0.013274336283185834,0.09987557076982845,0.037634408602150546,0,0,0.03394577574999258,0.0998753818594065
4,0.2506303047168499,0.55,0.24418604651162792,0.172,0.2282254308337215,0.2900946450388771,0.061290322580645165,1,0,0.6129731440019761,0.2017943281437955
1,0.3940002782802281,0.4,0.3023255813953488,0.622,0.2913178665391055,0.5237288231021726,0.6903225806451615,0,1,0.09834308099171762,0.24825249019930254
4,0.13248365103659382,0.8500000000000001,0.27906976744186046,0.39149999999999996,0.08249096791248631,0.1814245739284166,0.15591397849462368,0,1,0.1861153624681242,0.1701838982977508
4,0.06293029080283846,0.8500000000000001,0.13953488372093023,0.156,0.01687458301338135,0.09939136652572197,0.22580645161290328,0,0,0.07655494138797025,0.11178316443536732
0,0.7669681369138721,0.55,0.5697674418604651,0.3635,0.6827439922456224,0.887394361835697,0.8096774193548388,0,1,0.48233240634735597,0.5389959585644682
2,0.16059551968832617,0.15000000000000002,0.11627906976744187,0.1445,0.09034605168745832,0.2312807202256617,0.022580645161290328,1,0,0.00730115311100521,0.0752728185334868
1,0.35705579518575203,0.8500000000000001,0.5813953488372092,0.6485000000000001,0.3366608340991201,0.40843191018574304,0.8236559139784948,0,2,0.6486590734648863,0.3587467222832813
3,0.36361764296646726,0.8,0.46511627906976744,0.43925,0.32142902100983145,0.4353221365793786,0.5397849462365593,0,1,0.4796591220433648,0.3494773826728861
4,0.08822596354529008,0.8500000000000001,0.1744186046511628,0.0,0.04534296756001463,0.12511049428244875,0.11397849462365592,1,0,0.196072335954927,0.13302276877277092
3,0.3501600111312091,0.8,0.5232558139534883,0.45025000000000004,0.31470688201009583,0.46415481023134825,0.2720430107526883,0,1,0.35568005874788833,0.33859614203006416
1,0.1907110059830249,0.30000000000000004,0.4767441860465116,0.20299999999999999,0.1888241292060575,0.22923129761107142,0.7301075268817205,0,0,0.6988899035613729,0.11565359618530027
3,0.5297898984277167,0.7000000000000002,0.7674418604651162,0.604,0.5212741852238825,0.592772970142615,0.6225806451612904,0,2,0.7346495505215354,0.44394347182678084
2,0.24620008348406844,0.0,0.09302325581395349,0.24125000000000002,0.17451126021223834,0.26806335193203124,0.11827956989247312,1,0,0.3943533081087758,0.07649823024932281
3,0.7523361625156532,1.0,0.37209302325581395,0.675,0.6642329334457886,0.9151460213612894,0.48064516129032275,1,2,0.3861221786590545,0.7712478256730677
3,0.9112842632530957,0.6500000000000001,0.6511627906976744,0.55375,0.802338901547099,1.0,0.4021505376344087,0,2,0.5474268388158372,0.696864642198818
1,0.3351551412272158,0.6000000000000001,0.43023255813953487,0.4335,0.24595601656617028,0.4452539538654701,0.33978494623655925,1,1,0.12001026384299784,0.2708883369536057
3,0.8115653262835675,0.7000000000000002,0.40697674418604646,0.6887500000000001,0.6769659738919171,1.0,0.4322580645161291,1,2,0.27308171931617786,0.6542490458923612
1,0.29362459997217194,0.3500000000000001,0.15116279069767444,0.17625,0.24908420297335065,0.3584237462769761,0.4258064516129033,0,0,0.4233495864411676,0.17946293043019224
1,0.5863531376095727,0.55,0.36046511627906974,0.2095,0.5107063281259834,0.7166616932509811,0.4741935483870969,1,1,0.3776224712927472,0.42104281152371636
1,0.4458717128148044,0.9000000000000001,0.3372093023255814,0.32575,0.33834766298669416,0.586619072016936,0.7741935483870969,1,1,0.12133726353699337,0.45065831263576017
2,0.0506915263670516,0.30000000000000004,0.06976744186046513,0.0,0.010964387769231726,0.07991622140520577,0.16881720430107527,0,0,0.15337961216406026,0.045983747717497594
4,0.15785167663837482,0.3500000000000001,0.1744186046511628,0.06225,0.11581842671735545,0.20294351138161493,0.04838709677419355,0,0,0.3265039452156846,0.10768374685209384
2,0.02126060943369973,0.6000000000000001,0.09302325581395349,0.0,0.0076159065446443075,0.023365669919092863,0.19354838709677422,0,0,0.717747449949323,0.05613354910733602
2,0.10411576457492694,0.25,0.10465116279069767,0.0,0.07486876723020178,0.13085338182882822,0.0849462365591398,0,0,0.4417102183237338,0.06585722568864504
0,0.3295394462223459,0.6000000000000001,0.45348837209302323,0.32399999999999995,0.2920731630559297,0.39263333915129134,0.8516129032258066,1,1,0.5017919651733909,0.26704629044680794
3,0.8125727007096145,0.8,0.7441860465116279,0.7177500000000001,0.6579954430443486,1.0,0.29462365591397854,0,2,0.23156978647959092,0.7124824106686976
2,0.03772923333797132,0.5,0.12790697674418605,0.052500000000000005,0.014659046564030248,0.05039665336043375,0.12150537634408604,1,0,0.47885383317226426,0.058111862089257726
1,0.2740225406984833,0.55,0.26744186046511625,0.463,0.24405518699882928,0.32327389632398895,0.7559139784946237,1,1,0.5449571903887731,0.2170709544538004
1,0.18823987755669955,0.6000000000000001,0.2906976744186046,0.5722499999999999,0.1888241292060575,0.23158475544870538,0.4086021505376345,0,1,0.6845271186871671,0.17037446020440836
4,0.10304716849867815,0.5,0.23255813953488372,0.29575,0.07068316569946753,0.13242986076312846,0.19892473118279572,0,0,0.39006701666300536,0.09873737592273676
4,0.10246278001947959,1.0,0.27906976744186046,0.21525,0.08037613766537846,0.12257686742375193,0.15268817204301077,0,1,0.5603852703242007,0.1649494171505716
1,0.6613997495477946,0.5,0.25581395348837205,0.52,0.5643638515087048,0.7747887236713942,0.5505376344086023,0,1,0.404287110883472,0.44601351760663943
1,0.34917489912341726,0.6000000000000001,0.19767441860465115,0.398,0.31985548659978097,0.40750854395279573,0.46451612903225814,0,1,0.5747400033302041,0.2804801260027866
3,0.7300626130513426,0.8500000000000001,0.6162790697674418,0.3425,0.6171527838970783,0.9122070142052012,0.4784946236559141,1,2,0.27968155543092776,0.6719432641298799
2,0.14989842771671072,0.55,0.09302325581395349,0.1515,0.08177973035914352,0.21730073024756352,0.022580645161290328,0,0,0.006534223645836779,0.13600996945124746
1,0.5161374704327257,0.5,0.3837209302325581,0.607,0.4288888329409987,0.6477920849496934,0.6204301075268818,0,1,0.2827548896844172,0.3556653656763563
2,0.12552107972728535,0.4,0.046511627906976744,0.0,0.10340009315323706,0.14863381209497162,0.03225806451612903,0,0,0.5730144265054486,0.09796612809706368
4,0.2962960901627939,0.75,0.13953488372093023,0.22125,0.2586512921864576,0.3552764186902838,0.33440860215053775,0,1,0.4847961314461313,0.2823587444722335
2,0.2772784193683039,0.25,0.10465116279069767,0.14175,0.1838643487455784,0.26806335193203124,0.18817204301075272,0,0,0.4528296870974109,0.14663314669459038
0,0.5710644218728258,0.75,0.37209302325581395,0.04425,0.4888216115510014,0.7052997843602029,0.8236559139784948,0,1,0.3381966063277766,0.4959793341583516
2,0.16551551412272156,0.5,0.15116279069767444,0.252,0.102462266644847,0.23039676596607195,0.08602150537634409,1,0,0.09475514620612913,0.13759054286777495
1,0.39796298872965075,0.3500000000000001,0.3372093023255814,0.3355,0.2782008836969247,0.5434854823180997,0.7537634408602152,0,0,0.003385848337514874,0.23462359263714486
3,0.6902017531654375,0.7000000000000002,0.5465116279069767,0.535,0.5618965495537456,0.8809814707422399,0.6053763440860216,1,2,0.19915660483376008,0.5636682734329702
3,0.3175288715736747,0.8500000000000001,0.5,0.627,0.31470688201009583,0.43421860132536844,0.7752688172043012,0,1,0.45396251743024174,0.3255577959897191
0,0.5377709753721998,0.75,0.3372093023255814,0.46425,0.4452724732184444,0.6768950121332575,0.7838709677419357,0,1,0.2690060818487008,0.470095107872578
2,0.20146375400027824,0.30000000000000004,0.10465116279069767,0.22025,0.17510290915041732,0.23814403387177596,0.11720430107526883,1,0,0.5526427406019245,0.12100386835478091
0,0.795202448866008,0.8500000000000001,0.3953488372093023,0.22974999999999998,0.6061443371643651,0.887394361835697,0.8397849462365593,0,2,0.2960903424156174,0.7266381660363642
4,0.11147905941282871,0.6500000000000001,0.16279069767441862,0.03950000000000001,0.0997998464230416,0.12344393083761704,0.08602150537634409,1,0,0.7451107140962587,0.12479554836308882
1,0.4062780019479615,0.45000000000000007,0.43023255813953487,0.39949999999999997,0.28857362252797747,0.5510300600751079,0.5462365591397851,0,1,0.02456404007661539,0.271230863759487
4,0.1597161541672464,0.75,0.22093023255813954,0.0,0.1359848437165624,0.18867074674428952,0.20215053763440863,0,0,0.5664854343533052,0.17617370384152728
2,0.09954083762348684,0.6000000000000001,0.10465116279069767,0.20675,0.05480305643323807,0.1395409068132042,0.1591397849462366,0,0,0.19257077781987886,0.10968992583489826
2,0.1818338667037707,0.4,0.011627906976744186,0.19525,0.1671785898614031,0.2055165502136692,0.0827956989247312,0,0,0.6941376320654233,0.12948828676018798
1,0.723077779323779,0.6000000000000001,0.34883720930232553,0.3065,0.6372940243457244,0.7747887236713942,0.6860215053763442,1,2,0.603772332257672,0.5362903602675829
3,0.6255127313204396,0.75,0.7790697674418604,0.46625,0.5996676695325973,0.71631824605458,0.4935483870967743,1,1,0.6386067532191648,0.538310558791204
3,0.4602476694030888,0.8,0.46511627906976744,0.42500000000000004,0.40862800387718884,0.5528317502857367,0.4634408602150539,1,1,0.4563071776030012,0.4276081105639836
0,0.4452650619173507,0.75,0.3372093023255814,0.135,0.37066805976913103,0.5564745426803521,0.9021505376344088,1,1,0.30890980760679376,0.3981757288863119
2,0.1719827466258522,0.75,0.05813953488372093,0.0052499999999999995,0.13033900225330125,0.21853939226737085,0.12903225806451615,0,1,0.348406255799373,0.18571045321194604
3,0.9817281202170585,1.0,0.36046511627906974,0.5815,0.8312982288296682,1.0,0.29784946236559146,1,2,0.6107965810126308,0.9852587124522947
4,0.290652567135105,0.6500000000000001,0.313953488372093,0.0,0.24603784035549287,0.3551356616425784,0.15591397849462368,0,1,0.42078139107244894,0.2529512864226805
0,0.6538861833866704,0.6500000000000001,0.4767441860465116,0.33099999999999996,0.6331713641913921,0.7437546097933125,0.7806451612903227,1,1,0.6665739029877298,0.5127579552240099
4,0.05908445804925558,0.75,0.20930232558139536,0.15975,0.03199310162514635,0.07809201006694405,0.2483870967741936,1,0,0.4218252194405401,0.09793687745017438
0,0.43286489494921376,0.75,0.5232558139534883,0.66075,0.404178048565566,0.5014160158999161,0.8118279569892475,0,1,0.5978015788166247,0.3885351310653986
1,0.3116181995269236,0.8,0.45348837209302323,0.2575,0.26232706856833543,0.38298866624251876,0.7150537634408604,1,1,0.39542266074820254,0.3074329528441495
3,0.7628607207457909,0.8500000000000001,0.6744186046511628,0.9095,0.674032905751583,0.9276790288889765,0.33978494623655925,1,2,0.3867987030587292,0.6994823154742846
3,0.8561792124669542,0.7000000000000002,0.686046511627907,0.72975,0.8246830901698159,0.9817184746440253,0.7010752688172045,0,2,0.6306481787541938,0.6875470130589427
4,0.32372338945317936,1.0,0.1744186046511628,0.2145,0.2963909414771082,0.3770149371379025,0.054838709677419356,0,1,0.5845836600731189,0.3713741746211695
2,0.006489494921385827,0.4,0.15116279069767444,0.14250000000000002,0.0,0.01922741271655476,0.11182795698924733,1,0,0.651285540804216,0.031335923775237334
3,0.289099763461806,0.8,0.6395348837209303,0.47024999999999995,0.31470688201009583,0.37617602513357845,0.49784946236559147,1,1,0.6779009324183154,0.2892255501804367
2,0.20950048699039933,0.6000000000000001,0.10465116279069767,0.18,0.14434345850275054,0.26806335193203124,0.12795698924731186,1,0,0.20574140737356306,0.18492016650368232
3,0.4744010018088215,0.8500000000000001,0.5348837209302325,0.33125000000000004,0.4698196100152319,0.5267297633592514,0.3258064516129033,0,1,0.7648609552109134,0.4572760551435272
2,0.2239042716015027,0.6500000000000001,0.06976744186046513,0.0,0.21018013821926257,0.2521690661051399,0.14731182795698927,0,0,0.7056534793560598,0.20520886519605724
1,0.6603534158898009,0.5,0.26744186046511625,0.528,0.5666045645086166,0.7747887236713942,0.5741935483870969,0,1,0.41041611224786423,0.44536273398354
1,0.7440489773201614,0.7000000000000002,0.3953488372093023,0.12625,0.693425143821045,0.7747887236713942,0.403225806451613,0,1,0.7573072596948969,0.603857623774372
4,0.28220397940726316,0.8,0.13953488372093023,0.46675,0.2559636954140913,0.3291688014818902,0.08387096774193549,0,1,0.5831459188858148,0.28364992687338286
0,0.4103353276749687,1.0,0.34883720930232553,0.42974999999999997,0.39400672213899973,0.4649317891346821,0.6408602150537636,1,1,0.6838954653812139,0.4521786539510009
1,0.24359538054821203,0.5,0.37209302325581395,0.28375,0.22448671307544155,0.2792113101102972,0.5376344086021506,1,1,0.6465478292796154,0.18615353993405626
2,0.027605398636426887,0.3500000000000001,0.15116279069767444,0.093,0.006438902805926544,0.03726120566856783,0.10752688172043012,1,0,0.5126804787979757,0.03882633942866044
2,0.17435369417002924,0.20000000000000007,0.13953488372093023,0.268,0.1396291494102393,0.2150317266385528,0.06666666666666668,0,0,0.4343610323552587,0.08972817668083045
2,0.10743286489494919,0.30000000000000004,0.10465116279069767,0.26275,0.06235602160148038,0.1487520480150441,0.07204301075268817,0,0,0.2041073322977065,0.07421667979195694
3,0.8879198552942813,0.9000000000000001,0.5465116279069767,0.7277500000000001,0.8518548823625676,1.0,0.6365591397849464,0,2,0.6557793191162451,0.8355725943939146
3,0.6434395436204258,0.75,0.5930232558139534,0.39925,0.5744596482835886,0.7751265405858871,0.7096774193548389,0,1,0.4311839538875728,0.5522478862513306
1,0.30138861833866704,0.4,0.3837209302325581,0.2575,0.21378667908709825,0.4057181143059833,0.42043010752688176,0,1,0.09018170052067043,0.19641134371240904
3,0.7382217893418672,0.8,0.5348837209302325,0.7205,0.6059743954480796,0.9387031208652619,0.7612903225806452,1,2,0.20993048053995178,0.6523655811618913
0,0.2868234311952136,0.8,0.4767441860465116,0.6325000000000001,0.25176550560807665,0.3820934514191126,0.6935483870967744,0,1,0.34751904980529025,0.28738500947617107
2,0.08475302629748155,0.10000000000000009,0.09302325581395349,0.185,0.06340084844975391,0.10193625394823522,0.1623655913978495,0,0,0.5619800701272781,0.038504582312878066
3,0.8613774871295394,0.75,0.5813953488372092,0.6185,0.7863706743539067,1.0,0.3612903225806452,1,2,0.512484644520409,0.7216852872707763
4,0.05704188117434256,0.9000000000000001,0.18604651162790697,0.4575,0.008950263724367136,0.09457184521228981,0.03978494623655915,1,0,0.022136528855469795,0.11208397878029996
4,0.16966188952274938,0.6000000000000001,0.22093023255813954,0.11975,0.12028726444189883,0.22283529736333896,0.14946236559139786,0,0,0.25485591445050115,0.1576641021868753
3,0.34885765966328086,0.8500000000000001,0.4767441860465116,0.88675,0.31470688201009583,0.4496849857272354,0.7494623655913979,1,2,0.4019092474272701,0.35186312774224815
2,0.002788367886461654,0.25,0.03488372093023256,0.22025,0.0,0.01908102538694112,0.0956989247311828,1,0,0.6534389511427452,0.018590603446037746
3,0.4172144149158201,0.75,0.7441860465116279,0.75075,0.3615919132919599,0.5078401675571895,0.4129032258064517,0,1,0.41116626562464087,0.3763675542824505
3,0.901416446361486,0.8,0.5465116279069767,0.50075,0.8587658454915092,1.0,0.4612903225806453,1,2,0.6709021134940063,0.7843174993293122
4,0.2407736190343676,0.8500000000000001,0.16279069767441862,0.111,0.16109215876332783,0.33021603391681825,0.1591397849462366,0,1,0.06605369088448376,0.2611099668550362
3,0.452695144010018,0.8,0.5465116279069767,0.536,0.35836931482017653,0.5825033359420306,0.5462365591397851,0,1,0.20028739387877614,0.4215014755134008
2,0.11363851398358146,0.5,0.10465116279069767,0.187,0.07193569908986772,0.15274391788796865,0.09677419354838711,0,0,0.2646071518185553,0.1053248292991095
2,0.13730903019340474,0.25,0.08139534883720931,0.40325,0.12027467616661841,0.15738890046224618,0.1,0,0,0.65618095047366,0.08134102965738665
0,0.8199526923612076,0.8500000000000001,0.10465116279069767,0.5625,0.7267211319377131,0.887394361835697,0.8301075268817206,1,2,0.5892570818355283,0.7474197987070869
3,0.662557395297064,0.8,0.7209302325581395,0.9107500000000001,0.5522476365513163,0.8336758421494164,0.34301075268817216,1,2,0.25733403917570863,0.5911867281680269
4,0.13131487407819672,0.8,0.1744186046511628,0.028249999999999997,0.09788642858042018,0.16528818597947204,0.33440860215053775,1,0,0.4088102429918865,0.1616477287478473
2,0.11451787950466119,0.45000000000000007,0.05813953488372093,0.10275,0.05688012185450472,0.16798509101350706,0.05913978494623656,0,0,0.047818428377110145,0.09883932048497227
0,0.34597467649923463,0.8,0.26744186046511625,0.6272500000000001,0.2915696320447136,0.4263418369357754,0.8634408602150538,1,1,0.3783846713833787,0.33521206718994745
0,0.6394434395436204,0.6500000000000001,0.36046511627906974,0.3525,0.6193557320711489,0.7268862851962998,0.6000000000000001,0,1,0.6691877128047186,0.5024276306110617
0,0.5987366077640183,0.7000000000000002,0.46511627906976744,0.50725,0.5688389833708885,0.6897095337563552,0.79247311827957,0,1,0.6147135274781899,0.4954024560158542
4,0.17272297203283707,0.7000000000000002,0.3023255813953488,0.2,0.13549390098062664,0.21543147665403606,0.15053763440860218,0,0,0.40227697803848916,0.17744342422957432
1,0.18458884096284958,0.9500000000000002,0.36046511627906974,0.28150000000000003,0.1888241292060575,0.22991256172196545,0.5612903225806453,0,1,0.694712724409744,0.2323572732858515
1,0.6402393209962433,0.3500000000000001,0.2906976744186046,0.49275,0.5138911617719257,0.7747887236713942,0.4064516129032259,1,1,0.2662296335209353,0.362708021427397
0,0.5244246556282175,0.8,0.5,0.56175,0.3990923853522829,0.6912128190258486,0.6526881720430109,1,1,0.09906627689715108,0.4794987581456128
1,0.5855405593432585,0.3500000000000001,0.441860465116279,0.6105,0.5611412530369215,0.6698965717213461,0.7365591397849464,1,1,0.643118182513666,0.3337903819026766
4,0.3049339084458049,0.75,0.23255813953488372,0.09025,0.20393635368018226,0.3806689900963341,0.26774193548387104,0,1,0.12008623581826594,0.2890742776042162
3,0.7348824266035898,0.9500000000000002,0.41860465116279066,0.52225,0.5832336761540302,0.9522889911097849,0.5483870967741937,1,2,0.1366285874105062,0.7286396718388966
4,0.14946431056073464,0.9000000000000001,0.16279069767441862,0.1685,0.13882349979229347,0.16539516133572807,0.1838709677419355,1,1,0.754217522410954,0.19256098932957175
3,0.6234979824683455,0.8,0.686046511627907,0.6395000000000001,0.5550359395259254,0.7521549904003693,0.7634408602150539,1,2,0.42677417839987886,0.559605029726619
0,0.577164324474746,0.55,0.441860465116279,0.96275,0.5683732171855134,0.6464802292650793,0.9860215053763444,0,2,0.7306522625587888,0.4150419288118872
3,0.48623347711145126,0.9500000000000002,0.6162790697674418,0.44499999999999995,0.45005601782499777,0.5683488072247778,0.6182795698924732,0,2,0.5599611670726039,0.504395558747934
1,0.19166272436343393,0.6000000000000001,0.3372093023255814,0.08075,0.1888241292060575,0.25823851000219583,0.5064516129032259,1,0,0.5341415497562914,0.1727162427630611
4,0.2813357450953109,0.8,0.16279069767441862,0.149,0.21116831782877427,0.3674828698672943,0.05698924731182796,0,0,0.19904309291094657,0.2829479113480394
0,0.3779769027410602,0.6500000000000001,0.25581395348837205,0.5695,0.334319414896965,0.4528492041596523,0.6043010752688173,0,1,0.47508200342904106,0.31541093697264455
3,0.5330624739112285,0.8,0.3953488372093023,0.56075,0.3873034655521847,0.7192291018011272,0.27096774193548395,0,1,0.01223992682138686,0.4864829126028749
0,0.7113733129261166,0.8,0.6744186046511628,0.6719999999999999,0.6260086355568424,0.8664666039828615,0.838709677419355,1,2,0.3829345798623862,0.6306571010705045
4,0.10437734798942533,1.0,0.27906976744186046,0.16325,0.07247070078928486,0.1335277657352304,0.15053763440860218,1,1,0.39910977803735603,0.16673561049907834
0,0.39026575761792115,0.7000000000000002,0.6511627906976744,0.33349999999999996,0.36056596885660697,0.45423425350907326,0.9462365591397851,0,1,0.5818567201343454,0.33980839960883746
0,0.6696869347432864,0.9500000000000002,0.5348837209302325,0.4525,0.5166857588841753,0.8799173474615873,0.9182795698924733,0,2,0.0901956173725511,0.6698431022993778
0,0.6384638931403923,0.5,0.4767441860465116,0.58725,0.505362605269452,0.8268744616042925,0.5430107526881721,0,1,0.1485260842513112,0.4317482021237008
0,0.47108946709336297,0.7000000000000002,0.26744186046511625,0.567,0.4162376162841929,0.567960317773111,0.746236559139785,1,1,0.44103454495230365,0.40013188753212814
3,0.5338249617364685,0.6000000000000001,0.6162790697674418,0.29525,0.516050050982515,0.6056043826114375,0.47956989247311843,1,1,0.6781511064844266,0.4068107275449362
2,0.2758981494364825,0.75,0.10465116279069767,0.08224999999999999,0.2240461234406274,0.26806335193203124,0.16881720430107527,0,0,0.7040498778534297,0.2665002206779573
4,0.2727591484625017,0.9000000000000001,0.23255813953488372,0.3165,0.25321945140296326,0.31252005787929804,0.12150537634408604,1,1,0.6461885257100548,0.29992020977387
2,0.2416752469737025,0.5,0.23255813953488372,0.22325,0.18373217185513413,0.26806335193203124,0.06451612903225808,1,0,0.4520033048909766,0.18495928275336856
4,0.317300681786559,1.0,0.1744186046511628,0.20600000000000002,0.3003625423280757,0.3604562780458418,0.21827956989247316,0,1,0.675095073139677,0.3653821190276324
1,0.31043272575483516,0.45000000000000007,0.36046511627906974,0.38275000000000003,0.27568322864084394,0.3686427079403866,0.41827956989247317,0,1,0.5164435354605554,0.21459901517052785
1,0.6039961040768053,0.55,0.27906976744186046,0.34700000000000003,0.46876848902931806,0.7747887236713942,0.8290322580645163,1,1,0.14280600773068364,0.43256479710608986
4,0.21878948100737441,0.55,0.13953488372093023,0.27875,0.20995354926421533,0.24202329810653622,0.07419354838709677,0,1,0.7644851054590014,0.1810002336590136
1,0.6387087797411993,0.6000000000000001,0.37209302325581395,0.53225,0.6197144979166405,0.7250789647037628,0.3784946236559141,0,1,0.6747979275195826,0.4785682760291815
4,0.05089188813134826,0.9500000000000002,0.2906976744186046,0.4485,0.024773725751834758,0.06797439347788145,0.07096774193548387,1,0,0.42950795535029695,0.11178264519311487
0,0.7554362042576875,0.75,0.4883720930232558,0.17049999999999998,0.6142511864449454,0.887394361835697,0.817204301075269,1,2,0.31580108837651144,0.6393204849722639
3,0.3700403506330875,0.75,0.5581395348837209,0.9392499999999999,0.3565188383539571,0.4169280055852396,0.5795698924731184,0,2,0.7054093745954682,0.33969174318278195
4,0.28812021705857793,0.6500000000000001,0.20930232558139536,0.20525000000000002,0.23922758342879447,0.3561097004126997,0.13225806451612904,0,1,0.38213071018110667,0.25113999636530426
3,0.6822206762209544,0.75,0.7790697674418604,0.61975,0.6389808532332986,0.7958741294176599,0.3903225806451614,1,2,0.5605374770119267,0.5823985530449232
2,0.07433978015861972,0.6500000000000001,0.11627906976744187,0.17275,0.028877503493246387,0.1117498353142542,0.06881720430107528,0,0,0.11983910572534784,0.09823128780732651
1,0.19004869903993318,0.6000000000000001,0.26744186046511625,0.20650000000000002,0.1888241292060575,0.2662053589023203,0.5645161290322582,1,0,0.49315834976160255,0.17161198757280208
4,0.2597578962014748,1.0,0.23255813953488372,0.22849999999999998,0.17022495247926084,0.3604506477639336,0.178494623655914,0,1,0.015995872426718627,0.3116976625444601
2,0.10772784193683038,0.30000000000000004,0.06976744186046513,0.04025,0.06365890809300218,0.14817775926040616,0.07311827956989247,0,0,0.21934875437141566,0.07436345226865594
0,0.3918742173368581,0.75,0.36046511627906974,0.0,0.38092120998502005,0.439285855042762,0.7946236559139787,1,1,0.7251931487244174,0.35666663781987484
0,0.6650841797690273,0.9000000000000001,0.5581395348837209,0.36175,0.5763919485391307,0.8171960070040707,0.867741935483871,1,2,0.3508253819147036,0.6415379955518247
4,0.329917907332684,0.4,0.19767441860465115,0.18350000000000002,0.23161797102179033,0.3806689900963341,0.2666666666666667,0,0,0.25469471522193565,0.21238115842946528
4,0.24797551133991927,0.6000000000000001,0.22093023255813954,0.21175,0.16269716386157934,0.343345851326776,0.19462365591397854,1,0,0.03112920496121152,0.21124332557354636
1,0.3020954501182691,0.5,0.3255813953488372,0.38125,0.2722906884527751,0.354809105291902,0.6612903225806452,1,1,0.5566008133760809,0.22253857537233998
1,0.19979407263113955,0.7000000000000002,0.3372093023255814,0.5505,0.1888241292060575,0.25742774940741286,0.7731182795698925,0,1,0.5384077424887914,0.19764817875779944
1,0.21310143314317517,0.45000000000000007,0.5116279069767442,0.2615,0.18978713226500837,0.24855442512006581,0.5408602150537636,0,1,0.5926402005029974,0.157089127932637
1,0.22999860859885898,0.30000000000000004,0.5,0.43700000000000006,0.20020393005954257,0.27342338030865204,0.6397849462365592,0,1,0.5276316414871769,0.13520202850639965
0,0.7536830388200918,0.7000000000000002,0.27906976744186046,0.602,0.6458036984352773,0.887394361835697,0.9806451612903229,0,2,0.39251690320722665,0.6110480904866167
3,0.6592180325587866,0.8,0.5465116279069767,0.43174999999999997,0.6555973766034315,0.7344759052085739,0.4279569892473119,0,1,0.7539749759972108,0.5884866684551678
1,0.49460414637539996,0.30000000000000004,0.313953488372093,0.3455,0.4094210652198543,0.621633795204126,0.5763440860215056,1,1,0.2803988704209488,0.2668624786894326
3,0.32929455962153886,0.8,0.441860465116279,0.7337499999999999,0.31470688201009583,0.4029029733518758,0.5494623655913979,1,1,0.5686789082612862,0.3217252689242166
1,0.40457492695144004,0.6000000000000001,0.441860465116279,0.25175,0.29367816815418124,0.543023799201626,0.8139784946236561,1,1,0.06141139312072097,0.3183827334642978
2,0.22458884096284962,0.30000000000000004,0.16279069767441862,0.0,0.1882576568184393,0.26806335193203124,0.18602150537634413,0,0,0.4802970575779404,0.1325102766695802
1,0.5996271044942256,0.8,0.37209302325581395,0.36725,0.47663616107957046,0.7739948539223358,0.6344086021505377,0,1,0.165780015429021,0.5403041028791984
0,0.5979741199387784,0.9000000000000001,0.313953488372093,0.34825,0.4534989111141882,0.7913530130453632,0.7365591397849464,1,1,0.07242532090115472,0.5831017801355224
3,0.6385807708362321,0.9000000000000001,0.6162790697674418,0.4695,0.48437165623937867,0.845887923608335,0.5881720430107528,0,2,0.06337899748251496,0.6184601005599163
2,0.021722554612494782,0.5,0.08139534883720931,0.35075,0.0,0.03803818457190153,0.06666666666666668,0,0,0.40653983470365596,0.04815625730184418
1,0.19892583831918745,0.20000000000000007,0.3372093023255814,0.53125,0.1888241292060575,0.2668303201941321,0.803225806451613,0,1,0.49001371879742206,0.10042629788928023
0,0.5712369556143035,0.6500000000000001,0.43023255813953487,0.5822499999999999,0.4325771975981571,0.7559666912522309,0.6537634408602152,1,2,0.07640964039509468,0.4536422247799712
4,0.18634200640044526,1.0,0.23255813953488372,0.27849999999999997,0.1136154785432848,0.26255693622579684,0.14838709677419357,0,1,0.034843979612114495,0.24320441702076104
3,0.3650090441074162,0.75,0.7093023255813953,0.608,0.31470688201009583,0.46382262359876364,0.24946236559139787,1,1,0.35671591539119385,0.3357801182141529
2,0.06082649227772363,0.9500000000000002,0.20930232558139536,0.20125,0.012581981142763626,0.09898598622833046,0.14086021505376345,0,0,0.03236427025563393,0.12074217025953457
2,0.2580548212049534,0.5,0.1744186046511628,0.0425,0.19456438273392163,0.26806335193203124,0.07741935483870968,1,0,0.5197272942849473,0.19514681574688672
2,0.19977181021288434,0.25,0.13953488372093023,0.005,0.1330140107503871,0.26806335193203124,0.00967741935483871,0,0,0.13490864682205372,0.11047830865490296
0,0.6384805899540837,0.6000000000000001,0.6511627906976744,0.40675000000000006,0.4878397260791299,0.8425773178463047,0.9247311827956991,1,1,0.07748905002260287,0.47841215719193797
4,0.3055461249478224,0.8,0.05813953488372093,0.34725,0.2531690983018417,0.37889545129524643,0.14731182795698927,0,1,0.36596618630157085,0.3025233442662675
0,0.829998608598859,0.8500000000000001,0.37209302325581395,0.34700000000000003,0.6245735721748764,0.887394361835697,0.8440860215053766,1,2,0.340898622053426,0.755854889098509
1,0.18148879922081532,0.6500000000000001,0.3837209302325581,0.0,0.1888241292060575,0.22067889939249263,0.6129032258064517,1,0,0.7527255063935507,0.17487075194932195
0,0.5736468623904271,0.6500000000000001,0.20930232558139536,0.39575,0.5698775160815217,0.6380291761208483,0.8430107526881723,0,1,0.7599953538670865,0.45536593597743025
3,0.5535216362877416,0.8500000000000001,0.37209302325581395,0.8019999999999999,0.5500069235514042,0.6150745167810552,0.42043010752688176,1,2,0.7634246262314226,0.5237099858939188
0,0.8539307082231806,0.8500000000000001,0.5581395348837209,0.34625000000000006,0.6503669482244239,0.887394361835697,0.803225806451613,0,2,0.403611849497326,0.7759495642692098
2,0.13260609433699735,0.45000000000000007,0.1744186046511628,0.05925,0.07989778320472313,0.1839919824785627,0.02365591397849463,0,0,0.15167882296708868,0.1095270568483726
2,0.2622902462780019,0.7000000000000002,0.16279069767441862,0.2725,0.21233273329221164,0.26806335193203124,0.025806451612903226,0,1,0.6308166737498972,0.2442927487819442
4,0.2751133991929873,0.6000000000000001,0.12790697674418605,0.17275,0.18271252155742146,0.3803424337456576,0.15376344086021507,0,0,0.017847968985899243,0.22981004387597034
0,0.3763072213719215,0.6500000000000001,0.5813953488372092,0.255,0.34561739196112745,0.439364678989477,0.6408602150537636,0,1,0.5710331518226075,0.3142166797919569
1,0.5786225128704605,0.6000000000000001,0.27906976744186046,0.050749999999999997,0.45134002190359906,0.7541312193501528,0.4419354838709678,0,1,0.13218931717664817,0.437459520739401
2,0.196293307360512,0.55,0.046511627906976744,0.15025,0.18520500006294138,0.21865199790553513,0.026881720430107527,0,0,0.7400054558969937,0.16630879336754564
1,0.35698344232642276,0.8,0.20930232558139536,0.47,0.30433414317904306,0.4371913901729059,0.4903225806451613,0,1,0.3983572156310222,0.3441132640433394
4,0.09993042994295256,0.6500000000000001,0.08139534883720931,0.27449999999999997,0.06509397147496823,0.13112926564233074,0.1849462365591398,1,0,0.3459933203180461,0.11653526952999924
0,0.22632530958675387,0.9000000000000001,0.5348837209302325,0.33375,0.25176550560807665,0.2647471158880925,0.5344086021505378,1,1,0.8973895191564958,0.259487854058311
4,0.30326979268123,0.3500000000000001,0.15116279069767444,0.0995,0.2395297020355241,0.3806689900963341,0.29569892473118287,1,0,0.29316739794372126,0.18456206243022685
0,0.4454932517044663,0.5,0.7209302325581395,0.419,0.3574377824494266,0.5687710783678939,0.8752688172043012,1,1,0.23026621239235334,0.3117270862721002
1,0.5436259913733128,0.6000000000000001,0.4883720930232558,0.31775,0.41200166165233704,0.7185084257168757,0.7419354838709679,1,1,0.08557506743802556,0.413516221993371
4,0.2746792820370113,0.4,0.20930232558139536,0.15325,0.1869232996387165,0.3757030814532884,0.06559139784946237,0,0,0.052410449602271036,0.18146028229470462
2,0.01909002365381937,0.3500000000000001,0.046511627906976744,0.0,0.0005475899746975599,0.025302486895518866,0.10967741935483871,0,0,0.5745069243566945,0.03432450909972047
4,0.018093780436899937,0.6500000000000001,0.15116279069767444,0.0,0.003776482584121138,0.02039851135346349,0.28387096774193554,0,0,0.6977517686687313,0.05800074424722855
1,0.5384666759426742,0.45000000000000007,0.45348837209302323,0.3175,0.3982804415966968,0.7203438976189538,0.5053763440860216,0,1,0.0422261677575122,0.3493368411032167
0,0.39561430360372896,0.55,0.5232558139534883,0.32,0.35719860521909896,0.4680678561575578,0.8451612903225808,0,1,0.5197955474164402,0.29647815288222723
4,0.26250173925142617,0.45000000000000007,0.15116279069767444,0.2095,0.18485252835509008,0.3529173305707417,0.06451612903225808,0,0,0.11483509373121259,0.18627815807464976
3,0.5151467928203701,1.0,0.5116279069767442,0.7965,0.48077770364682343,0.5993660302571351,0.6440860215053764,0,2,0.5769314321419368,0.5499623549366959
4,0.383514679282037,0.6000000000000001,0.24418604651162792,0.2485,0.34500686061002783,0.3806689900963341,0.21935483870967745,0,1,0.8060752874040895,0.30397410711967676
1,0.4203979407263113,0.6500000000000001,0.36046511627906974,0.21100000000000002,0.34455368269993325,0.5295223831857261,0.3182795698924732,0,1,0.2844550683878013,0.3457530310766488
0,0.4870182273549464,0.8,0.22093023255813954,0.72275,0.44768312793464166,0.5720535327203833,0.831182795698925,1,2,0.5407402414022029,0.44925358926207026
1,0.5935216362877417,0.5,0.23255813953488372,0.46649999999999997,0.45570185928825896,0.7747887236713942,0.49784946236559147,1,1,0.10706497730237285,0.40379566086557683
4,0.2542813413106998,0.6500000000000001,0.3255813953488372,0.2255,0.21184179055627594,0.31214282899144763,0.05053763440860215,0,1,0.41534804627408173,0.2269363841700345
1,0.5996215388896619,0.8500000000000001,0.24418604651162792,0.3605,0.5402384219338108,0.7170895946760054,0.7408602150537635,1,1,0.4629846321577691,0.5624179380890155
1,0.5359287602615833,0.5,0.3953488372093023,0.35000000000000003,0.5024610078173188,0.6220166543738845,0.6053763440860216,0,1,0.5859596957045918,0.3679748686749803
3,0.9306136079031584,0.9000000000000001,0.34883720930232553,0.48024999999999995,0.712345321567492,1.0,0.503225806451613,1,2,0.3504999590223672,0.8727482627019637
1,0.6300153054125504,0.55,0.26744186046511625,0.23175,0.5820566724153124,0.7411815709612579,0.46451612903225814,0,1,0.5277221536986103,0.44955699981826525
0,0.5372366773340753,0.5,0.27906976744186046,0.55025,0.48508918793036176,0.6402080952193276,0.5193548387096775,0,1,0.480961719922512,0.36878834820385453
3,0.8252789759287601,0.8500000000000001,0.7325581395348837,0.12425,0.6830838756781934,1.0,0.3838709677419356,1,2,0.2864691110604254,0.7518920322276358
2,0.23234172812021706,0.6000000000000001,0.06976744186046513,0.05025,0.154458137690555,0.26806335193203124,0.08172043010752689,0,0,0.2689793219326049,0.20054728133410643
3,0.8278280228189787,0.8500000000000001,0.5813953488372092,0.374,0.6523055426176059,1.0,0.6569892473118281,0,2,0.21911896123596963,0.7540323487923292
1,0.2572645053568944,0.5,0.40697674418604646,0.6072500000000001,0.20572388876999964,0.32365112521183936,0.34946236559139787,0,1,0.33322755249534075,0.1946552664145457
3,0.5031028245443161,0.75,0.5348837209302325,0.51775,0.49958458691574675,0.558174887816633,0.29677419354838713,0,1,0.7687128818773095,0.44314210795046427
4,0.08305551690552385,0.10000000000000009,0.25581395348837205,0.42424999999999996,0.031099334080237656,0.12739075845527587,0.178494623655914,1,0,0.04247909760307245,0.037871106764861134
0,0.810162793933491,0.6500000000000001,0.45348837209302323,0.31125,0.7229950024547138,0.887394361835697,0.8290322580645163,1,2,0.5801974843131299,0.6245364464791049
2,0.2224126895784054,0.25,0.18604651162790697,0.0,0.16349651934188497,0.26806335193203124,0.14408602150537636,1,0,0.3254881242392531,0.12103969607020154
1,0.19475720050090442,0.7000000000000002,0.15116279069767444,0.23675000000000002,0.1888241292060575,0.2651356053397594,0.6279569892473119,0,1,0.4985643702547884,0.19388886484989573
0,0.35669403088910534,0.75,0.5116279069767442,0.669,0.33112828711338266,0.4126433610530879,0.7698924731182797,1,1,0.6066819116465536,0.3293155521708654
0,0.36038959231946566,0.6500000000000001,0.4767441860465116,0.41275,0.31216405040345424,0.4370844148166499,0.5752688172043012,0,1,0.43297520561489633,0.30283142800273466
4,0.08287741755948239,0.5,0.1744186046511628,0.41775,0.045424791349337246,0.11421589879005245,0.25161290322580654,0,0,0.2730786129162448,0.0861924831029917
4,0.1945791011548629,0.8500000000000001,0.27906976744186046,0.3265,0.14978788756152522,0.24685407998378484,0.24301075268817204,0,1,0.33780554818174857,0.22232257059531127
0,0.3264004452483651,0.75,0.43023255813953487,0.50575,0.29906594997419406,0.38002713795879767,0.6376344086021506,1,1,0.5852974090988916,0.30576358900244915
0,0.8225740921107555,0.9500000000000002,0.46511627906976744,0.41000000000000003,0.6363310212867734,0.887394361835697,0.7322580645161291,1,2,0.36948532504639964,0.8077244208285377
3,0.8127396688465284,0.6500000000000001,0.40697674418604646,0.5559999999999999,0.6864952982791828,1.0,0.4000000000000001,1,2,0.29393409699188866,0.6263795833946328
0,0.4679449005148183,0.4,0.6395348837209303,0.64475,0.3676154030136331,0.6050920269577897,0.6182795698924732,1,1,0.17942037076603468,0.28964440559743143
3,0.2932906636983442,0.75,0.5465116279069767,0.61925,0.31470688201009583,0.3333971431949598,0.5935483870967743,0,1,0.8791672000647044,0.28002215433610556
0,0.2984165855016001,0.6000000000000001,0.43023255813953487,0.307,0.2622011858155315,0.35639684479001865,0.9569892473118281,0,1,0.49835516771274313,0.24575320415739968
1,0.6092333379713372,0.55,0.43023255813953487,0.41525,0.5209028311031105,0.7538328144090174,0.45161290322580655,1,1,0.327543523348669,0.4359850458231288
4,0.04879922081536106,0.6500000000000001,0.10465116279069767,0.28175,0.015288460328050452,0.0722196260366757,0.2666666666666667,0,0,0.27066593116497883,0.07996313380007444
0,0.8370947544176985,0.8500000000000001,0.5348837209302325,0.2995,0.714214680446632,0.887394361835697,0.7473118279569894,1,2,0.5588492773135594,0.7618131939456354
0,0.4209433699735633,0.55,0.6511627906976744,0.402,0.3590805523735193,0.5176255975136674,0.9193548387096776,0,1,0.3727456933566251,0.3130196533192561
4,0.18465006261305136,0.6000000000000001,0.1744186046511628,0.17825000000000002,0.14991377031432923,0.22666388906092533,0.28709677419354845,0,0,0.4429525985117988,0.1679184443502116
1,0.2853708084040628,0.8,0.13953488372093023,0.10725,0.2323543851256939,0.3566896194492458,0.5924731182795699,0,1,0.3448064929785175,0.2862104835010775
3,0.866130513427021,0.75,0.5116279069767442,0.95225,0.6694255969989551,1.0,0.5161290322580646,0,2,0.2565816212610246,0.725380561300875
2,0.26123834701544446,0.25,0.09302325581395349,0.24275000000000002,0.23982552650461358,0.26806335193203124,0.08817204301075268,0,0,0.802704172688226,0.13915086583645597
2,0.02561291220258799,0.6500000000000001,0.11627906976744187,0.12575,0.0,0.05115674141804283,0.018279569892473115,1,0,0.26660822793279304,0.06337888241759192
2,0.08975093919577012,0.55,0.06976744186046513,0.21525,0.07435264794370525,0.10224028917127884,0.189247311827957,0,0,0.6774616727282112,0.09672981229392574
4,0.06726033115347152,0.55,0.011627906976744186,0.13825,0.03692141139742447,0.0902252675791477,0.25376344086021513,0,0,0.3710720786652111,0.08204200669822505
1,0.6509030193404758,0.6000000000000001,0.1744186046511628,0.31125,0.509598559901308,0.7747887236713942,0.38494623655913984,1,1,0.25448811967117213,0.48691111438041423
1,0.3674189508835397,0.4,0.40697674418604646,0.35000000000000003,0.3157580029960095,0.44809161594721053,0.7612903225806452,0,1,0.41165337682580705,0.23337308421243932
4,0.3755669959649367,0.55,0.13953488372093023,0.12275,0.31448029305504854,0.3806689900963341,0.2559139784946237,0,0,0.6576325577297377,0.2833859787283758
0,0.6257130930847362,0.75,0.6162790697674418,0.589,0.4986467604073566,0.8070840206969163,0.8129032258064518,1,2,0.165409815973538,0.538466331466946
1,0.4222123278141088,0.25,0.26744186046511625,0.33025,0.3769370208587722,0.5042255265721156,0.3870967741935485,1,0,0.4820248234945397,0.21424108417782317
3,0.548011687769584,0.75,0.37209302325581395,0.75475,0.4120394264781782,0.7273479683127735,0.27419354838709686,1,1,0.06942919908088419,0.47805682241049563
3,0.4303770697091971,0.7000000000000002,0.40697674418604646,0.5925,0.31470688201009583,0.5859546987517665,0.3935483870967743,1,1,0.041020752161363916,0.36974583091741453
4,0.0482370947544177,1.0,0.18604651162790697,0.27725,0.007999848940696636,0.0776134361047458,0.11505376344086024,0,1,0.13602352861518385,0.11435964449213781
0,0.6579323779045498,0.45000000000000007,0.5697674418604651,0.51025,0.6312012991100089,0.7536920573613122,0.5741935483870969,0,2,0.6367665227340373,0.4199252291156439
2,0.02180047307638791,0.75,0.19767441860465115,0.13849999999999998,0.0,0.03182798362714023,0.1806451612903226,1,0,0.4808917509952457,0.06895017870587522
3,0.8510254626408793,0.8500000000000001,0.6162790697674418,0.701,0.8408904945933358,0.9567988469182651,0.44623655913978505,1,2,0.7161868036245977,0.7735101641670923
4,0.3178071518018645,0.5,0.06976744186046513,0.13775,0.25260262591422356,0.3806689900963341,0.061290322580645165,0,0,0.3567376143424079,0.23231071456387983
0,0.4810129400306108,0.9000000000000001,0.46511627906976744,0.42974999999999997,0.4306071325167739,0.5751895997432592,0.6215053763440861,0,1,0.4716840135208109,0.4812576047354894
2,0.24479198552942813,0.4,0.15116279069767444,0.00575,0.23406009642618864,0.26806335193203124,0.13440860215053763,0,0,0.7666581678742357,0.16473029692002805
1,0.18008626687073884,0.8,0.3023255813953488,0.17475000000000002,0.1888241292060575,0.25448874225132456,0.7430107526881722,1,1,0.5540250777129903,0.20108210085415354
4,0.33696952831501314,0.9500000000000002,0.12790697674418605,0.043,0.2801898311912285,0.3806689900963341,0.26881720430107536,0,1,0.49088699252028034,0.36978183171358603
0,0.3564101850563517,0.55,0.441860465116279,0.69575,0.2649831946525007,0.4712320745899747,0.770967741935484,0,1,0.12875309842829186,0.27087535589729383
0,0.5624488660080701,0.8500000000000001,0.4767441860465116,0.57725,0.49660745981193116,0.680909403133815,0.6784946236559142,1,2,0.41703833744058727,0.5312057670506175
1,0.6878252400166968,0.6500000000000001,0.25581395348837205,0.45475,0.6165359584083385,0.7747887236713942,0.7075268817204303,0,1,0.5469929881572047,0.5370332228501209
0,0.401714206205649,0.8,0.6976744186046512,0.57475,0.3391784891552009,0.49653456148549363,0.6634408602150539,1,1,0.3568685323085825,0.3802805638970862
1,0.455149575622652,0.45000000000000007,0.26744186046511625,0.34725,0.3643046866148869,0.5821655190275379,0.7086021505376345,1,1,0.22174123890672415,0.3001074831462619
0,0.6944538750521775,0.75,0.5930232558139534,0.727,0.6358086078626368,0.8234737713317306,0.806451612903226,1,2,0.4928851592810677,0.5919093403027182
4,0.37851120077918465,0.7000000000000002,0.18604651162790697,0.0,0.33990860912146426,0.3806689900963341,0.20752688172043013,0,1,0.7812838212110533,0.3310352825110555
3,0.5625212188673994,0.55,0.6744186046511628,0.42625,0.4931771547980211,0.6841186638214976,0.3440860215053764,0,1,0.39907603471546516,0.405479044248094
1,0.521441491582023,0.5,0.3255813953488372,0.09974999999999999,0.3815506237490402,0.7008631222165294,0.8268817204301077,0,1,0.028323325953889755,0.35896428478706743
1,0.6127341032419646,0.45000000000000007,0.441860465116279,0.7855,0.5804076083535796,0.7076813936073778,0.6290322580645162,0,2,0.6036703219748347,0.3932190423442057
4,0.2574871295394462,0.8,0.313953488372093,0.1345,0.2440866576870303,0.2897849795339253,0.12795698924731186,0,1,0.708520405587983,0.2636649848987045
4,0.0482259635452901,1.0,0.20930232558139536,0.3215,0.021670715895215215,0.06535068210865319,0.04516129032258065,1,1,0.4157872582959128,0.11434925964708836
2,0.08944483094476136,0.4,0.05813953488372093,0.15975,0.0630546708795428,0.11173857475043777,0.1591397849462366,0,0,0.47406486849628426,0.077771758413888
1,0.47272018923055514,0.4,0.37209302325581395,0.45875,0.4407532823927794,0.5493353452207352,0.8344086021505378,0,1,0.5835551413370317,0.292317464713162
3,0.7071044942256852,0.6500000000000001,0.686046511627907,0.5175,0.6076926950238548,0.8742138718885655,0.3731182795698925,1,2,0.32335724995752013,0.5508229124297942
4,0.24672881591762905,0.45000000000000007,0.08139534883720931,0.22749999999999998,0.23107667518473296,0.27965610238104627,0.10322580645161292,0,0,0.6842361308244433,0.17695845196576462
1,0.24761931264783635,0.6000000000000001,0.313953488372093,0.6837500000000001,0.19038507534082755,0.31786319541019425,0.4333333333333334,0,1,0.27177612818638264,0.21099962787638574
1,0.4967413385278975,0.3500000000000001,0.13953488372093023,0.46825,0.46975666863882987,0.5719859693374847,0.6967741935483872,0,1,0.6188552739232234,0.2868448244528484
4,0.02094893557812716,0.75,0.22093023255813954,0.39125,0.0,0.033691606938759444,0.08924731182795699,0,1,0.4579723401797102,0.06828814483397229
4,0.1234951996660637,0.7000000000000002,0.06976744186046513,0.255,0.0995229043668727,0.14800885080315973,0.30215053763440863,0,0,0.5428453813154397,0.14070184244459252
1,0.4214387087797411,0.6500000000000001,0.3372093023255814,0.35000000000000003,0.3749480733644684,0.5044338470027194,0.5043010752688173,0,1,0.4736021381694291,0.3464974513859441
2,0.11646027549742591,0.25,0.046511627906976744,0.1985,0.06413096841601731,0.16542894302717742,0.15268817204301077,0,0,0.12254432289343753,0.0716156222685694
1,0.43356616112425206,0.6000000000000001,0.23255813953488372,0.23224999999999998,0.38134291720691355,0.5232502491399744,0.8322580645161293,1,1,0.44114792548358417,0.3382174413472606
2,0.234439961040768,0.75,0.08139534883720931,0.09974999999999999,0.1985171011719684,0.26806335193203124,0.1838709677419355,0,1,0.5444400574106958,0.23426825785570257
2,0.2097787672185891,0.30000000000000004,0.0,0.10975,0.1461750525560493,0.26806335193203124,0.07956989247311828,0,0,0.21719270366272392,0.12514119062248494
4,0.00541533324057325,0.9000000000000001,0.1744186046511628,0.22175,0.0,0.019812962035009096,0.25161290322580654,1,1,0.642715120593224,0.06713006153020692
2,0.14226798385974673,0.20000000000000007,0.046511627906976744,0.1295,0.0801873135361724,0.2032756980141996,0.12150537634408604,0,0,0.05808487781660521,0.07575882928180143
3,0.29747599833031857,0.75,0.3372093023255814,0.718,0.31470688201009583,0.336673967265541,0.5763440860215056,0,1,0.8624342915582719,0.28327607245160236
2,0.1463587032141366,0.4,0.16279069767441862,0.10999999999999999,0.13144677047797682,0.16570482684067994,0.037634408602150546,1,0,0.6895419652364085,0.10963038605661474
0,0.4423375539167942,0.6000000000000001,0.3953488372093023,0.5935,0.38921058925716595,0.5339646756113079,0.703225806451613,0,1,0.4392729419320409,0.34421849713984065
1,0.49499373869486574,0.4,0.34883720930232553,0.08675000000000001,0.41619985145835175,0.6163582210561283,0.31397849462365596,1,0,0.3154335535791464,0.304785509679541
0,0.6047585919020454,0.6000000000000001,0.36046511627906974,0.41424999999999995,0.5737609990055261,0.6974905833535086,0.9903225806451614,1,1,0.6096136987991561,0.45534083926856084
0,0.5298956449144289,0.6500000000000001,0.5,0.47550000000000003,0.432293961404348,0.6725765859096566,0.9311827956989249,0,1,0.23844021700068807,0.42407241698614495
2,0.26451092249895636,0.7000000000000002,0.11627906976744187,0.1475,0.23731416558617302,0.26806335193203124,0.019354838709677417,0,0,0.7870029107659746,0.2459501700518377
3,0.9851231390009738,0.8,0.6162790697674418,0.586,0.8962348468636314,1.0,0.4526881720430108,1,2,0.752893001409136,0.8519989961316453
4,0.010569083066648097,0.55,0.20930232558139536,0.17225000000000001,0.0,0.03196311039293742,0.12903225806451615,0,0,0.4792117426685567,0.04501899561240297
4,0.20439126200083482,0.7000000000000002,0.313953488372093,0.173,0.12738075756240635,0.28675025758539735,0.19677419354838713,0,0,0.0280105473100285,0.2010793315621403
0,0.4885710310282454,0.8500000000000001,0.3953488372093023,0.0615,0.453801029720918,0.5697282262922905,0.7795698924731184,1,1,0.569172158288749,0.4691739721166911
0,0.22589675803534157,0.7000000000000002,0.627906976744186,0.58475,0.25176550560807665,0.2686883132238431,0.9161290322580646,0,1,0.8736159422017555,0.2171301480705823
4,0.1602504522053708,0.6500000000000001,0.12790697674418605,0.1145,0.10529462858293787,0.21720501545512383,0.24086021505376345,0,0,0.1757494992052333,0.15967980061097506
1,0.5078948100737442,0.45000000000000007,0.441860465116279,0.4625,0.44687747831669583,0.6150182139619731,0.4838709677419355,1,1,0.4206899227070442,0.3312729223819373
4,0.31767357729233336,0.7000000000000002,0.12790697674418605,0.34349999999999997,0.28944221352232535,0.3709905354961123,0.26236559139784954,1,1,0.5752047183078945,0.2856285860168062
1,0.4288131348267705,0.8500000000000001,0.3837209302325581,0.43700000000000006,0.3950137841614321,0.5014160158999161,0.4526881720430108,1,1,0.5618136715919315,0.41899803553347814
0,0.39157367469041315,0.8,0.22093023255813954,0.43700000000000006,0.37443824821561195,0.4444769749621364,0.6225806451612904,1,1,0.6770954896993151,0.37208138256903767
2,0.04784750243495198,0.55,0.10465116279069767,0.138,0.02947544656906559,0.057609044484857375,0.1053763440860215,0,0,0.6005627198496752,0.06936418786184695
1,0.5892472519827465,0.4,0.25581395348837205,0.3395,0.5127267463084884,0.7207098659429878,0.5354838709677421,1,1,0.3746031607559537,0.35754571495331156
1,0.2194239599276471,0.6500000000000001,0.3837209302325581,0.209,0.19713239089112405,0.2547758866286435,0.5193548387096775,0,1,0.6062450036745812,0.20200427509454535
4,0.2758981494364825,1.0,0.22093023255813954,0.3575,0.25170256423167464,0.32022228352973636,0.27096774193548395,1,1,0.6010532834684448,0.3267556878661739
1,0.6144483094476136,0.8500000000000001,0.18604651162790697,0.44925,0.5683417464973124,0.7219541582447033,0.7516129032258065,0,2,0.5334774980995676,0.5748672903343055
0,0.6517211632113538,0.75,0.5116279069767442,0.46075,0.5139541031483277,0.8460117898103159,0.8150537634408603,0,1,0.13816971855889104,0.5586864901819945
3,0.9445888409628496,0.75,0.5697674418604651,0.22775,0.8896889437178213,1.0,0.6505376344086022,1,2,0.7385690431642618,0.7863785449101279
3,0.7366133296229302,0.9000000000000001,0.6162790697674418,0.66225,0.6506375961429525,0.895501967783527,0.670967741935484,1,2,0.3892857050561478,0.703822142220453
4,0.12562126060943368,0.5,0.15116279069767444,0.33275,0.11485542365840459,0.13858938917071578,0.14731182795698927,0,0,0.7577355500327887,0.11277768642960376
3,0.638825657437039,0.7000000000000002,0.7558139534883721,0.79925,0.5186872946537595,0.815687091452669,0.4064516129032259,1,2,0.2027805112554495,0.5253232715723521
0,0.8198413802699317,0.8500000000000001,0.3837209302325581,0.48,0.6795088054985585,0.887394361835697,0.9118279569892475,0,2,0.4744664720120304,0.7473263351016417
0,0.7885960762487825,0.8500000000000001,0.26744186046511625,0.41250000000000003,0.5919321743727892,0.887394361835697,0.9118279569892475,0,2,0.26153532348728015,0.7210911010531964
2,0.0013747043272575449,0.25,0.10465116279069767,0.09825,0.0,0.008895845414979953,0.18709677419354842,0,0,0.8147370061289376,0.017931165785397177
1,0.30402671490190614,0.25,0.45348837209302323,0.46175,0.2637684260879417,0.3663399226399266,0.4838709677419355,0,1,0.4661731394835442,0.15911053802151393
1,0.5027967162933074,0.6500000000000001,0.36046511627906974,0.072,0.46078122836390195,0.5922718750527838,0.3838709677419356,0,1,0.5286887658085864,0.40468962294358435
4,0.026575761792124675,0.5,0.1744186046511628,0.0,0.011820390488299193,0.030369740612912505,0.26559139784946245,0,0,0.685405004216493,0.05117478559621992
1,0.6280005565604564,0.5,0.313953488372093,0.48675,0.5968919548332683,0.7238346724020472,0.5559139784946238,1,1,0.611789184018612,0.4252403658927073
1,0.33841658550160014,0.7000000000000002,0.16279069767441862,0.503,0.2410591774820932,0.4562330035864896,0.717204301075269,1,1,0.06904968900854458,0.3011103130165379
2,0.1893585640740225,0.30000000000000004,0.19767441860465115,0.25175,0.13253565628973174,0.25172427383439094,0.110752688172043,1,0,0.20179532556932633,0.11498065822609538
0,0.66997078057604,0.9000000000000001,0.43023255813953487,0.60375,0.5865758632409774,0.8179673556254963,0.5731182795698926,0,2,0.3759082506536051,0.6457930127300893
2,0.27365521079727284,0.15000000000000002,0.023255813953488372,0.20350000000000001,0.24082000025176553,0.26806335193203124,0.13010752688172042,0,0,0.8089217150033028,0.12098032937266884
4,0.06645331849172115,0.45000000000000007,0.13953488372093023,0.17075,0.03712911793955112,0.08840105624088598,0.14193548387096774,0,0,0.38923591441687844,0.07043953856671831
3,0.4367162933073605,0.9000000000000001,0.20930232558139536,0.6632499999999999,0.40370598824255094,0.5096249669220938,0.40537634408602163,1,1,0.5690915221519897,0.4426862132527931
3,0.6547711145123138,0.75,0.6395348837209303,0.76175,0.5126008635556842,0.8533874591100776,0.4666666666666668,0,2,0.122551532339368,0.5610576964682873
0,0.8253902880200361,0.75,0.36046511627906974,0.3505,0.7837082541321014,0.887394361835697,0.6107526881720431,0,2,0.7278138317811294,0.6937067839000286
3,0.9516794211771253,0.9000000000000001,0.8488372093023255,0.8684999999999999,0.9438688805246793,1.0,0.756989247311828,1,2,0.8571273437141425,0.8910913606743227
2,0.03320439682760537,0.15000000000000002,0.03488372093023256,0.005999999999999999,0.020424476642455225,0.036073216185934426,0.08387096774193549,0,0,0.7398641792585241,0.023771429560461424
3,0.8262807847502435,0.8500000000000001,0.4883720930232558,0.46325,0.745540603481917,0.9920275208179672,0.4161290322580646,0,2,0.43673591015547775,0.7527332046766421
4,0.03063308751913177,0.8,0.11627906976744187,0.17250000000000001,0.008415262024949965,0.04161341358361817,0.0903225806451613,0,0,0.4899039588457088,0.08024092840514742
1,0.6285905106442187,0.7000000000000002,0.25581395348837205,0.02775,0.4868389581943378,0.7747887236713942,0.4118279569892474,1,1,0.19223399345307346,0.517684179553971
1,0.42948100737442596,0.6500000000000001,0.4767441860465116,0.2865,0.4031709865431337,0.49546480792293274,0.6623655913978496,1,1,0.6137402153080009,0.3522497901395897
4,0.13179351607068318,0.8,0.313953488372093,0.0,0.09361270912272313,0.1700795558833631,0.19247311827956992,0,0,0.3426289600843353,0.16203473730669044
4,0.21059134548490324,0.45000000000000007,0.26744186046511625,0.30374999999999996,0.13735067158448622,0.2903817894161961,0.22473118279569895,0,0,0.07381959286927375,0.15560599897882355
0,0.6085821622373729,0.6000000000000001,0.41860465116279066,0.46075,0.6027643852515767,0.6792822516623407,0.7225806451612904,0,1,0.7456842962019763,0.4579567817365192
0,0.40450257409211077,0.7000000000000002,0.5232558139534883,0.2045,0.36949105603041327,0.47505503600565285,0.9107526881720431,1,1,0.5468960967443939,0.3504341730634427
2,0.10522888548768608,0.45000000000000007,0.046511627906976744,0.03924999999999999,0.04708014954871034,0.15796318921688413,0.05161290322580646,1,0,0.016839079915860644,0.09335075679558297
4,0.34134965910672044,0.6500000000000001,0.19767441860465115,0.369,0.2728760432533138,0.3806689900963341,0.22580645161290328,0,1,0.4553219508952089,0.28921291528562654
0,0.8287519131765687,0.9000000000000001,0.3372093023255814,0.249,0.8117234607686401,0.887394361835697,0.5741935483870969,0,2,0.7959291503152433,0.7840519934575476
0,0.512124669542229,0.8,0.5348837209302325,0.6972499999999999,0.4814889412001662,0.5926209525310933,0.5580645161290324,1,2,0.598710213876269,0.46955353820324874
1,0.2584499791289828,0.55,0.3255813953488372,0.37,0.20017875350898173,0.33101553394778477,0.4397849462365592,1,1,0.2740585350601086,0.2069010756968664
0,0.3283873660776402,0.75,0.36046511627906974,0.1665,0.25176550560807665,0.4525226478089757,0.9376344086021507,0,1,0.12460402026489503,0.307308334703556
1,0.3923806873521636,0.45000000000000007,0.3953488372093023,0.48675,0.2846901396039728,0.5263919464447584,0.5677419354838711,0,1,0.06685479213363332,0.2630193936981299
1,0.7611854737720885,0.6000000000000001,0.3023255813953488,0.305,0.6261722831354877,0.7747887236713942,0.6215053763440861,1,1,0.573351137283286,0.5623622060872501
3,0.9707805760400723,0.9500000000000002,0.5116279069767442,0.0825,0.8765593726003602,1.0,0.2881720430107527,0,2,0.7098384884538704,0.9413844729258436
1,0.6978099346041463,0.6500000000000001,0.24418604651162792,0.32225,0.5724140535505231,0.7747887236713942,0.7397849462365592,0,1,0.4263067534257696,0.5441748807906329
2,0.10774453875052176,0.5,0.0,0.0,0.06123566510152445,0.15038482976842654,0.06559139784946237,0,0,0.18415182909873118,0.10165897899665088
3,0.2976763600946153,0.8,0.6976744186046512,0.3065,0.31470688201009583,0.3785745252264781,0.3236559139784947,0,1,0.6676267080753935,0.2961602035429629
0,0.6535244190900236,0.7000000000000002,0.5,0.45775000000000005,0.48479965759891236,0.8757340480037834,0.8075268817204303,1,2,0.01833881948269589,0.5362938218825993
4,0.047485738138305256,0.6500000000000001,0.1744186046511628,0.06799999999999999,0.015017812409521769,0.06981549566186782,0.046236559139784944,0,0,0.288794717750811,0.07902365148460014
4,0.2930903019340475,0.5,0.18604651162790697,0.27975,0.21372373771069625,0.3806689900963341,0.1064516129032258,0,0,0.16767972955921784,0.2169376822756657
4,0.290652567135105,0.6500000000000001,0.1744186046511628,0.29575,0.2168078651543952,0.3806689900963341,0.1978494623655914,0,1,0.18267703626858545,0.2529512864226805
0,0.8419368303882008,0.7000000000000002,0.46511627906976744,0.39399999999999996,0.6787283324311735,0.887394361835697,0.5279569892473119,1,2,0.47256885361206846,0.6769170856663176
2,0.1883400584388479,0.8,0.11627906976744187,0.18724999999999997,0.15418119563438615,0.23031231173744876,0.0043010752688172026,0,0,0.4527342287753695,0.20775574844443678
4,0.07463475720050089,0.8500000000000001,0.20930232558139536,0.37025,0.04588426339707197,0.09712236291671125,0.2849462365591398,0,1,0.4127083092342978,0.12161086254792172
3,0.6404452483651036,0.75,0.45348837209302323,0.712,0.5204244766424553,0.8174155879984912,0.7752688172043012,1,2,0.2042277214000816,0.5499199501527439
2,0.25406428273271175,0.4,0.1744186046511628,0.05499999999999999,0.21947657951384086,0.26806335193203124,0.05268817204301077,1,0,0.6754806644309881,0.16992064247574706
1,0.6963183525810491,0.6500000000000001,0.41860465116279066,0.47250000000000003,0.642297863769685,0.7747887236713942,0.7860215053763442,1,1,0.6174592875517508,0.543108011042552
2,0.2482037011270349,0.7000000000000002,0.13953488372093023,0.0,0.22429159480859528,0.26806335193203124,0.1774193548387097,0,0,0.7055845876653792,0.23377913165387312
0,0.8481035202448866,0.7000000000000002,0.3255813953488372,0.49549999999999994,0.7512053273580988,0.887394361835697,0.660215053763441,0,2,0.6487872074472343,0.6815196489922375
4,0.2826269653541116,1.0,0.25581395348837205,0.20025,0.2718878636438022,0.3157799911041546,0.26236559139784954,1,1,0.7345853140347749,0.3330333266985712
1,0.6321079727285376,0.45000000000000007,0.2906976744186046,0.47350000000000003,0.5341268142851747,0.7747887236713942,0.7494623655913979,1,1,0.3215800250561085,0.4046664301229739
0,0.49202727146236247,0.8,0.5232558139534883,0.31825,0.4612721710998376,0.5700322615153341,0.8215053763440862,0,1,0.5947224707645031,0.4533036788313588
2,0.2618227354946431,0.3500000000000001,0.10465116279069767,0.0,0.1737937285212553,0.26806335193203124,0.09677419354838711,0,0,0.3898672332738471,0.16265021245662165
2,0.26699874773897314,0.4,0.06976744186046513,0.16275,0.18366923047873213,0.26806335193203124,0.05376344086021506,0,0,0.4516097895545792,0.17716095644422905
2,0.18670933630165573,0.55,0.10465116279069767,0.10775,0.14580369843527735,0.23449561119525258,0.13118279569892474,1,0,0.37301310623763073,0.16004984725623742
4,0.274278558508418,0.6000000000000001,0.20930232558139536,0.409,0.20217399514092577,0.3612501477949001,0.16774193548387098,0,1,0.1750861743865031,0.2292388773982502
4,0.34678725476554884,0.9000000000000001,0.12790697674418605,0.199,0.273782399073503,0.3806689900963341,0.034408602150537634,1,1,0.4597293226628598,0.36438032764186135
2,0.26577988033950184,0.4,0.10465116279069767,0.0705,0.19301602487443198,0.26806335193203124,0.018279569892473115,0,0,0.5100468170095742,0.1764786721244797
4,0.10882426603589812,0.9500000000000002,0.26744186046511625,0.32399999999999995,0.0656037966238246,0.14866759378642092,0.3526881720430108,0,1,0.23375636854901183,0.164028973717688
4,0.18097676360094614,0.6000000000000001,0.19767441860465115,0.1895,0.11867596520600715,0.24716937577064485,0.11397849462365592,1,0,0.1308627583883244,0.1654053118482428
3,0.7545679699457353,0.7000000000000002,0.5581395348837209,0.48825,0.7114326716096628,0.8774456537038808,0.41397849462365605,1,2,0.572268314439859,0.6117085666317621
3,0.6001391401140947,0.8500000000000001,0.5813953488372092,0.0,0.49086720628406705,0.7623007583989729,0.3623655913978495,0,1,0.2269670717403971,0.5628525438543353
0,0.3163378321970224,1.0,0.6627906976744186,0.29125,0.26215712685205,0.39268964197037354,0.9602150537634411,0,1,0.3594735839198644,0.36448382993085426
3,0.39938221789341866,0.8,0.7558139534883721,0.90775,0.3639585090446758,0.46964433509185805,0.570967741935484,0,2,0.5424551970442717,0.37839502219760635
1,0.5241797690274105,0.5,0.45348837209302323,0.40800000000000003,0.4542290310804517,0.6413904544200528,0.6301075268817206,0,1,0.37885084668178637,0.36066739937517844
3,0.9808376234868512,0.9500000000000002,0.43023255813953487,0.8847499999999999,0.83323052908521,1.0,0.5161290322580646,0,2,0.6150249033022235,0.9504544235112892
4,0.17535550299151245,0.6500000000000001,0.16279069767441862,0.16625,0.10237414871788417,0.2503730061764193,0.1709677419354839,0,0,0.010411340866795626,0.17048384723892934
3,0.5305523862529566,0.6500000000000001,0.7790697674418604,0.8015,0.49253515275872056,0.6200179042964682,0.6569892473118281,1,2,0.5587221597917045,0.42454215814388196
3,0.6888660080701265,0.8500000000000001,0.46511627906976744,0.49750000000000005,0.6074472236558868,0.8375325852565438,0.3376344086021506,1,2,0.39152087694941584,0.6373523837546408
0,0.5991651593154306,0.9000000000000001,0.3023255813953488,0.48175,0.49196868037110236,0.75934486039716,0.5924731182795699,0,2,0.23574363776035234,0.5841388799944613
3,0.6700486990399331,0.8500000000000001,0.43023255813953487,0.179,0.5157668147887058,0.8814713052682548,0.5688172043010754,1,1,0.08552063721946745,0.6215523612541431
2,0.19978294142201194,0.20000000000000007,0.10465116279069767,0.236,0.18821989199259814,0.2230098361024937,0.030107526881720432,0,0,0.7335258839530525,0.10079945998805742
1,0.5970557951857519,0.4,0.34883720930232553,0.22775,0.4910937952391143,0.7558540856140668,0.38064516129032266,1,1,0.24010523932736416,0.3619166962346283
2,0.12748573813830527,0.6000000000000001,0.11627906976744187,0.12425,0.11156358967257896,0.14530068520530826,0.16881720430107527,0,0,0.672406972932013,0.12880877173245178
2,0.0478085432030054,0.5,0.10465116279069767,0.06675,0.01909641360037262,0.06681455540478914,0.11290322580645162,1,0,0.36848135650591307,0.06438084688411379
4,0.31054960345067484,0.55,0.20930232558139536,0.306,0.3002429537129118,0.3469098197746761,0.12258064516129033,0,0,0.736304239387229,0.2409254627746575
0,0.8335884235425072,0.6000000000000001,0.627906976744186,0.21225,0.8255453870265235,0.887394361835697,0.8935483870967743,1,1,0.8295353600435995,0.6118975708116622
3,0.39505217754278554,0.8500000000000001,0.6627906976744186,0.42325,0.3401037273883106,0.4822223848748107,0.7419354838709679,1,1,0.40392416187676017,0.3906505240019732
4,0.2859440656741339,0.55,0.16279069767441862,0.174,0.2745817545538086,0.3200758962001228,0.18709677419354842,1,1,0.72810346529593,0.224856472787379
0,0.5009099763461805,0.6500000000000001,0.313953488372093,0.55725,0.4054305819559662,0.637967243019858,0.6741935483870969,0,1,0.22981498929794486,0.40334011232940725
3,0.8317016835953805,0.9000000000000001,0.6395348837209303,0.6457499999999999,0.7078198366041868,1.0,0.6225806451612904,1,2,0.34059714558192056,0.7866205117997803
3,0.7013997495477945,0.6500000000000001,0.5,0.79175,0.5506363373154244,0.9137102994746946,0.27311827956989254,0,2,0.11949916081655876,0.5467425337291113
3,0.7433310143314318,0.8,0.7441860465116279,0.8384999999999999,0.6278087589219401,0.9295088705091463,0.31720430107526887,1,2,0.27565212295633623,0.6564966725225655
2,0.17194935299846945,0.8500000000000001,0.15116279069767444,0.17875,0.16159568977454403,0.19050621864636763,0.10322580645161292,0,1,0.7539487423380355,0.20332141960831826
3,0.6129511618199526,0.6500000000000001,0.8255813953488371,0.33349999999999996,0.4625184103525976,0.8135757357370885,0.2666666666666667,1,1,0.05927391946406724,0.4834787500108175
0,0.276621678029776,0.55,0.37209302325581395,0.327,0.25176550560807665,0.3671000106975356,0.6354838709677421,1,1,0.40319478319218516,0.21876835737713432
4,0.12882148323361622,0.8,0.12790697674418605,0.0,0.0870038646005111,0.1699782108090152,0.3107526881720431,0,0,0.28824483110732424,0.1596316841622459
2,0.2300320022262418,0.9500000000000002,0.13953488372093023,0.26925,0.155018315940533,0.26806335193203124,0.1064516129032258,1,1,0.2724816084265407,0.27334019886978267
0,0.7630165576735772,0.75,0.3953488372093023,0.5355,0.6138672440488928,0.887394361835697,0.6473118279569894,1,2,0.3148675825507239,0.6452138845378312
1,0.4777181021288438,0.4,0.2906976744186046,0.533,0.45610468409723187,0.5457094436718448,0.760215053763441,1,1,0.6510232639436528,0.29511514196948585
0,0.6002671490190621,0.55,0.4767441860465116,0.3625,0.5928700008811794,0.6713097724803081,0.8720430107526883,0,1,0.7373989373245233,0.430129550941992
0,0.5390510644218727,0.6500000000000001,0.37209302325581395,0.50375,0.4098364783041076,0.711189059236196,0.6268817204301076,1,1,0.09292202542111805,0.43062092719358214
4,0.24245443161263389,0.6000000000000001,0.10465116279069767,0.23800000000000002,0.22831984289832452,0.2734684225639178,0.10752688172043012,0,0,0.7008100532231356,0.20746601126755687
2,0.1393404758591902,0.10000000000000009,0.08139534883720931,0.13125,0.08989287377736377,0.18867637702619772,0.025806451612903226,0,0,0.20559026650940426,0.05887549436189454
0,0.4422707666620286,0.8,0.3837209302325581,0.2515,0.4110512468686666,0.5142981009059124,0.88494623655914,1,1,0.5823749579842861,0.4130727891097592
2,0.1643133435369417,0.8,0.13953488372093023,0.20825,0.11129294175405027,0.22006519866449714,0.0043010752688172026,0,0,0.20473886344157832,0.188328818810416
4,0.01865034089327952,0.6000000000000001,0.1744186046511628,0.20850000000000002,0.0,0.03606758590402623,0.26236559139784954,0,0,0.42951594991036823,0.05434770192033092
4,0.2572589397523306,0.75,0.23255813953488372,0.01025,0.24701972582736442,0.2867052153301316,0.18709677419354842,0,1,0.7423872518693504,0.252009034815193
1,0.320979546403228,0.4,0.3023255813953488,0.47275,0.3045355555835295,0.36416663382335557,0.5741935483870969,1,1,0.679730864178943,0.2073777400846365
3,0.9307805760400722,0.8,0.6395348837209303,0.4355,0.7582925263409661,1.0,0.5086021505376345,0,2,0.45104312747196373,0.808060024404386
1,0.7338583553638512,0.45000000000000007,0.4767441860465116,0.27975,0.6612243356537721,0.7747887236713942,0.45913978494623664,1,1,0.669228689525706,0.46478741356780007
0,0.2404396827605398,0.9500000000000002,0.3255813953488372,0.44525000000000003,0.25176550560807665,0.3349004284644533,0.7301075268817205,1,1,0.535004196893923,0.28272636798698425
1,0.3504939474050368,0.45000000000000007,0.24418604651162792,0.254,0.24337542013368746,0.47859648332592014,0.5892473118279571,0,1,0.021057947087925077,0.23826988481476033
1,0.6105746486712118,0.55,0.2906976744186046,0.4185,0.4859703671999899,0.7747887236713942,0.6247311827956991,1,1,0.18985814460957307,0.43686100750305057
3,0.564958953666342,0.8,0.5116279069767442,0.29625,0.5513853396946085,0.6369875739678286,0.4956989247311828,1,1,0.7033420003130824,0.5122729829602002
0,0.5318102128843745,0.8500000000000001,0.19767441860465115,0.27349999999999997,0.42520676242148064,0.6827899172911587,0.8129032258064518,1,1,0.1951037340380155,0.5054799096518481
4,0.2813858355363851,0.4,0.1744186046511628,0.3705,0.22429159480859528,0.35583944688110536,0.19032258064516133,0,0,0.3068050698555791,0.1852144037800836
2,0.061260609433699736,0.4,0.10465116279069767,0.328,0.03498281700424227,0.07982050661276613,0.18709677419354842,0,0,0.44160946134103907,0.061995101814751666
4,0.10906915263670514,0.4,0.16279069767441862,0.23900000000000002,0.07341482143531514,0.14217024846434062,0.11505376344086024,0,0,0.3471160707502232,0.08875684750720449
2,0.2289578405454292,0.55,0.12790697674418605,0.1295,0.16053198051334988,0.26806335193203124,0.08602150537634409,0,0,0.3069535518949418,0.1876408228258894
0,0.7793516070683176,0.55,0.43023255813953487,0.4155,0.6874205365122925,0.887394361835697,0.6268817204301076,0,2,0.49370281337293376,0.5470831566467336
4,0.2519326561847781,1.0,0.19767441860465115,0.242,0.1980639232618739,0.319715558157997,0.33440860215053775,0,1,0.30692727413254417,0.30439711647469136
1,0.7760289411437318,0.8,0.313953488372093,0.49375,0.6431790430393132,0.7747887236713942,0.7634408602150539,0,2,0.6198695689871856,0.682934757210977
1,0.7201892305551689,0.4,0.3023255813953488,0.57725,0.5644267928851068,0.7747887236713942,0.4258064516129033,0,1,0.40445927384314584,0.43084298979688973
3,0.687057186586893,0.7000000000000002,0.5930232558139534,0.6515,0.5779340122609802,0.8602732938838247,0.6698924731182797,0,2,0.27455447932199006,0.5613212984517927
3,0.881090858494504,0.9000000000000001,0.7325581395348837,0.09825,0.8253062097961958,1.0,0.5462365591397851,1,2,0.5976846500038617,0.8296262321185951
4,0.1768470850146097,0.55,0.313953488372093,0.27725,0.1380115560367074,0.2215178113968167,0.3408602150537635,0,0,0.3870996946629548,0.15360916635656366
0,0.812533741477668,0.6500000000000001,0.46511627906976744,0.48974999999999996,0.6984478656579263,0.887394361835697,0.7075268817204303,0,2,0.5205143249594915,0.6262322916756813
1,0.49920690134965906,0.4,0.4883720930232558,0.19275,0.37392212892911547,0.6626954411607391,0.46559139784946246,1,1,0.07766039630325561,0.3071439079902729
1,0.6648448587727841,0.6000000000000001,0.4767441860465116,0.65375,0.4922330341519909,0.7747887236713942,0.5494623655913979,0,2,0.20698835909713043,0.49644959455834126
0,0.3581967441213302,0.4,0.5348837209302325,0.6457499999999999,0.256265814020821,0.4826559165817433,0.9752688172043013,1,1,0.06320307162835648,0.22821077773835383
3,0.33669681369138715,0.8,0.45348837209302323,0.63625,0.31470688201009583,0.44775379903271756,0.4903225806451613,0,1,0.40825548695232117,0.3277104012877208
3,0.4943703909837205,0.75,0.3023255813953488,0.8125,0.4378013318395247,0.5957682801177855,0.6634408602150539,1,2,0.4404950396735179,0.4363530154993812
2,0.12136357311812995,0.30000000000000004,0.09302325581395349,0.128,0.07441558932010728,0.16614398882952075,0.0021505376344085995,0,0,0.20534193675972,0.08114821770096839
1,0.7298288576596632,0.8500000000000001,0.4767441860465116,0.48375,0.709418547564798,0.7747887236713942,0.3387096774193549,1,2,0.8010538677480457,0.6717469905584451
0,0.5323445109224989,0.75,0.40697674418604646,0.22425,0.4143116101662911,0.6936113191187483,0.7655913978494625,0,1,0.14018651131973914,0.46587626457123577
1,0.2991679421177126,0.75,0.24418604651162792,0.43374999999999997,0.24580495726280543,0.37257827499422896,0.324731182795699,1,1,0.35300905382697856,0.284591486157867
2,0.09005148184221512,0.45000000000000007,0.06976744186046513,0.028249999999999997,0.07600171200543815,0.1013732257574137,0.1817204301075269,0,0,0.7035678239995342,0.08438292385312368
1,0.4704939474050369,0.3500000000000001,0.36046511627906974,0.20174999999999998,0.434257732348091,0.5506303100596246,0.838709677419355,1,1,0.5559462301443878,0.272968594497763
0,0.5054570752748017,0.7000000000000002,0.43023255813953487,0.14,0.39325771975981566,0.6580504585864615,0.7129032258064518,1,1,0.14767251311286045,0.425782454804289
1,0.6247446778906358,0.75,0.23255813953488372,0.29675,0.5234016037462708,0.7747887236713942,0.6204301075268818,0,1,0.29224345672766794,0.5377134302008603
4,0.12140253235007653,0.8,0.12790697674418605,0.1525,0.10992081974848625,0.1344623925319941,0.13440860215053763,0,0,0.7465706289383884,0.15363305150017742
3,0.9442437734798941,0.75,0.4883720930232558,0.82075,0.9295434232555797,1.0,0.6838709677419357,1,2,0.8257799120167066,0.7861102697463502
4,0.014999304299429528,0.7000000000000002,0.15116279069767444,0.35975,0.0,0.03907978672492135,0.3505376344086022,0,1,0.3946168412873774,0.059724974686940185
2,0.07715041046333657,0.55,0.15116279069767444,0.23199999999999998,0.03638011556036708,0.11071949372505085,0.16559139784946236,1,0,0.20489514260056696,0.08850086107673537
1,0.23303742869069152,0.55,0.3837209302325581,0.416,0.1888241292060575,0.3021434483224575,0.4688172043010754,0,0,0.3272407749968904,0.19030505482332782
4,0.18995964936691248,0.8,0.1744186046511628,0.29825,0.17137048552977757,0.21820720563478618,0.2580645161290323,1,1,0.6438577539774981,0.2090652774051734
4,0.19451787950466118,0.7000000000000002,0.15116279069767444,0.13225,0.12918717506514432,0.2651637567493005,0.26559139784946245,1,0,0.12280246195325528,0.19371024551504504
4,0.18874078196744118,0.6000000000000001,0.11627906976744187,0.23199999999999998,0.12572539936303329,0.25657194655736415,0.189247311827957,0,0,0.13658351639821187,0.1707171600910405
3,0.7245470989286211,0.6500000000000001,0.4883720930232558,0.5952500000000001,0.5887221641762861,0.9264685182787102,0.3978494623655915,1,1,0.18922845218409257,0.5632989191107113
1,0.5999833031863085,0.3500000000000001,0.3837209302325581,0.25675,0.48019234884628453,0.7715344207284458,0.6623655913978496,1,1,0.18006406983959744,0.3414258392252906
3,0.32056769166550714,0.6500000000000001,0.5116279069767442,0.68975,0.31470688201009583,0.41138217790564774,0.5806451612903227,0,1,0.5362977879079491,0.27434839424333424
2,0.07835258104911644,0.5,0.08139534883720931,0.018500000000000003,0.04216442805171264,0.10797754643575005,0.006451612903225806,1,0,0.28558050581785843,0.08337819009458862
2,0.020525949631278684,0.4,0.15116279069767444,0.17250000000000001,0.0,0.03136067022875835,0.09892473118279571,1,0,0.4867240149603964,0.03919309753965712
2,0.2563127869764853,0.75,0.13953488372093023,0.27575,0.2440866576870303,0.26806335193203124,0.0849462365591398,1,1,0.829345160962321,0.25127344162418974
2,0.11954918603033254,0.25,0.023255813953488372,0.03025,0.06376590843288563,0.17199948201406445,0.1752688172043011,0,0,0.08411637545498585,0.07305651951918167
0,0.6004508139696675,0.45000000000000007,0.5465116279069767,0.44949999999999996,0.5704817532949811,0.6917139141156798,0.7860215053763442,1,1,0.6145200872954988,0.38596124721989045
1,0.18575205231668288,0.5,0.3372093023255814,0.46425,0.1888241292060575,0.22508741012662503,0.7225806451612904,1,1,0.7246473414210566,0.15017697506771785
1,0.6447085014609711,0.9500000000000002,0.36046511627906974,0.3575,0.5548093505708784,0.7747887236713942,0.3870967741935485,0,2,0.378152773604967,0.647316296418094
3,0.510215667176847,0.7000000000000002,0.5813953488372092,0.7887500000000001,0.4328352572414053,0.6322693977287441,0.6612903225806452,1,1,0.33173778833653045,0.42933407181120353
3,0.49305134270210105,0.9000000000000001,0.6162790697674418,0.38449999999999995,0.4006407432117725,0.6263407108793937,0.27956989247311836,1,1,0.24060738268424164,0.49174006732841213
3,0.8905913454849033,0.8500000000000001,0.6162790697674418,0.5842499999999999,0.7186583416206145,1.0,0.7741935483870969,0,2,0.36431431490660615,0.8067318027225603
1,0.5348267705579518,0.8500000000000001,0.3023255813953488,0.475,0.47229320610783115,0.6467786342062147,0.30645161290322587,1,1,0.4234599619267676,0.5080127733594109
0,0.2954612494782245,0.8,0.5697674418604651,0.5327500000000001,0.2590792935459913,0.3532101052299689,0.760215053763441,0,1,0.4954837872074036,0.29436916393343315
2,0.10046472798107695,0.3500000000000001,0.06976744186046513,0.097,0.04850262465539598,0.14704607259685493,0.058064516129032254,0,0,0.08965811660664968,0.07734494128235529
2,0.18268540420203142,0.55,0.05813953488372093,0.016,0.16114880600208964,0.21263322654565314,0.16344086021505377,0,0,0.6045067015095091,0.15742196221647212
4,0.07981076944483093,0.9500000000000002,0.11627906976744187,0.15475,0.043970845554450605,0.10931192324799707,0.2752688172043012,0,1,0.29446108729741227,0.1378631450503232
2,0.030627521914567968,0.75,0.03488372093023256,0.1475,0.017579526429083947,0.033415723125256896,0.11290322580645162,0,0,0.73296041205826,0.0758128304760586
4,0.20572700709614586,0.9500000000000002,0.25581395348837205,0.2055,0.15324966326363626,0.26631796454048456,0.10860215053763442,1,0,0.2691867800106431,0.2514207333431413
1,0.24500347850285234,0.30000000000000004,0.23255813953488372,0.31925000000000003,0.1888241292060575,0.32991199869377463,0.3075268817204302,1,1,0.2169518665434238,0.14266803977395653
3,0.6463948796438013,0.8500000000000001,0.7441860465116279,0.581,0.6270723448180364,0.7340423735016413,0.45053763440860223,1,2,0.6733823152496885,0.601691345097055
4,0.13169333518853485,0.6500000000000001,0.15116279069767444,0.263,0.07096010775563641,0.19013462004042547,0.06344086021505377,0,0,0.05025639409935678,0.1392540219639473
4,0.15818561291220254,0.6000000000000001,0.23255813953488372,0.050749999999999997,0.09451277080527198,0.22267201918800078,0.07526881720430108,0,0,0.07355044939348088,0.14981246700648185
4,0.2307277027967163,0.30000000000000004,0.13953488372093023,0.25975000000000004,0.1740706705774242,0.29827544465151373,0.33978494623655925,0,0,0.25807620170731327,0.1355648057601274
3,0.9169611799081674,0.6500000000000001,0.5348837209302325,0.6577500000000001,0.8864034038696358,1.0,0.45161290322580655,1,2,0.7313795179682769,0.7009251166131558
2,0.1995658828440239,1.0,0.0,0.2,0.1401956217978575,0.26553535535524264,0.10752688172043012,0,1,0.19054809600484157,0.25554161293951694
1,0.605637957423125,0.30000000000000004,0.27906976744186046,0.42750000000000005,0.5659877390198769,0.7062287808750585,0.6935483870967744,0,1,0.5646219052450132,0.32210985435254824
0,0.5143509113677472,0.9000000000000001,0.4883720930232558,0.20275,0.4134493133095835,0.6579828952035629,0.7666666666666668,0,1,0.2112710978582708,0.5102867082637406
3,0.5819284819813553,0.7000000000000002,0.4883720930232558,0.5555,0.44249046438147516,0.768736170620063,0.367741935483871,1,1,0.08144403879847872,0.4828575631961093
1,0.5938221789341867,0.5,0.3372093023255814,0.416,0.5570563577084304,0.6903063436386261,0.4064516129032259,0,1,0.5776152769962934,0.40398258807646714
0,0.4332600528732433,0.75,0.5116279069767442,0.5822499999999999,0.3433955613741362,0.556581518036608,0.9602150537634411,0,1,0.21018513689023388,0.3888423493981117
0,0.8865896758035341,0.8500000000000001,0.27906976744186046,0.4945,0.8488777552587521,0.887394361835697,0.5516129032258066,0,2,0.8862649681779426,0.8033717861068082
0,0.8640601085292889,1.0,0.5348837209302325,0.2705,0.7776847644104281,0.887394361835697,0.9569892473118281,1,2,0.713168502678198,0.875480515434476
4,0.2152386252956727,0.8,0.09302325581395349,0.29925,0.1553770817860245,0.2836592328177872,0.178494623655914,0,1,0.20778852531004666,0.22950472943151626
3,0.49632391818561283,0.8500000000000001,0.4883720930232558,0.32625000000000004,0.46358841375143195,0.5766534730393951,0.2666666666666667,1,1,0.5832603647381667,0.47568371223594375
2,0.18119382217893418,0.45000000000000007,0.08139534883720931,0.0,0.12923123402862574,0.2381665549994088,0.08064516129032259,0,0,0.24218171224284535,0.13823596098759877
1,0.17233337971337134,0.7000000000000002,0.3255813953488372,0.451,0.1888241292060575,0.20580369459098818,0.5849462365591398,0,1,0.8529721310058809,0.1771526485681895
2,0.012895505774314725,0.5,0.10465116279069767,0.0,0.0,0.018574300015201772,0.14623655913978495,0,0,0.6609267245924635,0.04266613588569747
4,0.045315152358424926,0.4,0.16279069767441862,0.18275,0.02470449023779253,0.05675324163480866,0.18709677419354842,0,0,0.5460128825410291,0.05306932749474269
4,0.19984416307221373,1.0,0.16279069767441862,0.05225,0.18606100278200888,0.22506488899899219,0.3333333333333334,0,1,0.7053981217325009,0.2558012340657534
0,0.4142145540559342,0.6500000000000001,0.3372093023255814,0.3935,0.3254950339254019,0.5340603904037475,0.6311827956989249,0,1,0.2011577169461609,0.34133029865083553
4,0.019902601920133572,0.55,0.16279069767441862,0.31775,0.0,0.02755459965880494,0.26344086021505386,0,0,0.5355468098473881,0.051114380414182245
1,0.7277306247391122,0.6500000000000001,0.3023255813953488,0.16725,0.7173239844408918,0.7747887236713942,0.5010752688172044,1,1,0.8226775354830933,0.5655759694685555
2,0.05714762766105469,0.6500000000000001,0.10465116279069767,0.076,0.04018177469504902,0.06684833709623844,0.13655913978494624,0,0,0.6374913770080728,0.08593441970351269
4,0.09518296925003478,0.6500000000000001,0.24418604651162792,0.27175,0.06943063230906735,0.11763347990833903,0.22150537634408604,0,1,0.49117585369426475,0.11313959827957734
3,0.502613051342702,0.8,0.6511627906976744,0.639,0.48201764876194314,0.5728980750066157,0.6881720430107529,1,2,0.6593359735973665,0.4618628681211219
1,0.6075246973702517,0.55,0.3837209302325581,0.21350000000000002,0.5270899684034291,0.7448468844835061,0.5956989247311829,1,1,0.3637376785786135,0.43486919422256454
1,0.5625156532628356,0.5,0.24418604651162792,0.18925,0.46343735444806705,0.7107161155559059,0.7591397849462367,1,1,0.25165352639220706,0.3845110036087337
1,0.22962014748852091,0.6000000000000001,0.5465116279069767,0.46925,0.2124712043202961,0.2616842425300235,0.5182795698924733,1,1,0.666485307373111,0.19868527861673863
1,0.6621399749547794,0.5,0.25581395348837205,0.307,0.6497060637722025,0.745657645078289,0.7204301075268817,0,1,0.7086181856173208,0.44647391240383205
4,0.12687352163628773,0.75,0.12790697674418605,0.18025,0.08737521872128301,0.16570482684067994,0.324731182795699,0,0,0.3173350818291092,0.15063996607617283
0,0.8102073187700013,0.75,0.41860465116279066,0.46524999999999994,0.6405921524691902,0.887394361835697,0.5666666666666668,1,2,0.37984570937522344,0.6819026766938115
3,0.8665980242103797,0.9000000000000001,0.5465116279069767,0.5439999999999999,0.6641699920693866,1.0,0.69247311827957,1,2,0.24508113555480393,0.8170065684144937
1,0.5596215388896618,0.4,0.26744186046511625,0.50525,0.49483880713503453,0.6767711459312769,0.4946236559139786,1,1,0.42140765900585997,0.3409621558938323
0,0.2231473493808265,0.9000000000000001,0.4767441860465116,0.8602500000000001,0.25176550560807665,0.25077275619190253,0.7268817204301076,0,2,0.9856914281755287,0.2567206390141321
0,0.5588590510644218,0.8,0.40697674418604646,0.301,0.4982250531854631,0.6721937267398979,0.8301075268817206,1,1,0.4427851799651874,0.5073408738847109
3,0.8650340893279531,0.8,0.7790697674418604,0.6815,0.6651770540918189,1.0,0.2774193548387098,0,2,0.2472848214386303,0.754900348757713
2,0.209890079309865,0.7000000000000002,0.10465116279069767,0.21749999999999997,0.1652274071929405,0.264026439803841,0.16451612903225807,0,0,0.3551452139131628,0.20518342232568604
1,0.6767663837484346,0.6500000000000001,0.34883720930232553,0.3305,0.5516056345120155,0.7747887236713942,0.3978494623655915,1,1,0.36938967895756347,0.5291232594566996
1,0.40827605398636424,0.45000000000000007,0.27906976744186046,0.6485000000000001,0.36628104583391036,0.4855611420463823,0.7645161290322582,0,1,0.4990822980695606,0.27241144756085955
0,0.5004591623765131,0.7000000000000002,0.41860465116279066,0.4315,0.39597678722038293,0.6455061904949582,0.8430107526881723,0,1,0.1828800684634606,0.4220522184625237
0,0.7577069709197161,0.75,0.43023255813953487,0.65625,0.63777867294402,0.887394361835697,0.8903225806451615,1,2,0.37300510111084506,0.6410859086306717
4,0.028740781967441204,0.75,0.1744186046511628,0.15875,0.011373506715844861,0.03514421967107895,0.1806451612903226,0,0,0.6143278368730829,0.07434597111282269
1,0.7005259496312787,0.45000000000000007,0.37209302325581395,0.61125,0.5687256888933647,0.7747887236713942,0.38064516129032266,0,1,0.4162180039888761,0.4450923818507525
3,0.2934965910672046,0.7000000000000002,0.7093023255813953,0.7525,0.31470688201009583,0.33710749897247355,0.5924731182795699,1,1,0.8602382220567819,0.2675838792588683
0,0.6730708223180742,0.8,0.5581395348837209,0.27575,0.5354485831896172,0.8699798998935877,0.5967741935483871,0,1,0.15231569930957023,0.5996874161640113
3,0.8591957701405314,0.8,0.5,0.539,0.7273001926006117,1.0,0.42365591397849467,1,2,0.38322469439719464,0.7501797443597311
0,0.546781689160985,0.75,0.3372093023255814,0.41750000000000004,0.4058522891778597,0.7303939508251178,1.0000000000000002,0,1,0.04610446136871915,0.4771005512621914
1,0.2689745373591207,0.75,0.3837209302325581,0.15525,0.2136356197837334,0.3402660871229823,0.8053763440860217,0,1,0.31029550550103013,0.26111740932732164
2,0.07570891888131345,0.45000000000000007,0.08139534883720931,0.125,0.0522035775878347,0.09364847897934253,0.13763440860215054,0,0,0.5135676488014249,0.07590837105051361
0,0.26207875330457775,0.6000000000000001,0.3837209302325581,0.39575,0.25176550560807665,0.31548721644492744,0.6913978494623657,1,1,0.6237616156093833,0.22089223127049926
4,0.24689021844997908,1.0,0.1744186046511628,0.15475,0.16738629640352976,0.33695548136095177,0.06666666666666668,0,1,0.07699180457066923,0.29969278166728686
2,0.1534214554055934,0.3500000000000001,0.06976744186046513,0.25,0.08464985712307557,0.2218499980294013,0.11182795698924733,0,0,0.007375125511454472,0.10534161813193946
0,0.7717935160706831,1.0,0.5348837209302325,0.34750000000000003,0.6261156358967259,0.887394361835697,0.6129032258064517,0,2,0.3446479487307701,0.7894005348195201
4,0.33101433143175174,0.75,0.08139534883720931,0.043750000000000004,0.2836579010309797,0.3806689900963341,0.3322580645161291,1,1,0.5077513108812222,0.30935068756328266
0,0.5367469041324614,0.9000000000000001,0.45348837209302323,0.61425,0.5065710796963709,0.6199953831688352,0.9569892473118281,1,2,0.6051419281190402,0.5297880626206157
2,0.21019062195631003,0.3500000000000001,0.11627906976744187,0.0065,0.18307128740291295,0.24867266104013824,0.13655913978494624,0,0,0.5478242561933111,0.13535382032487256
3,0.30631974398219,0.7000000000000002,0.6976744186046512,0.45425,0.31470688201009583,0.4158526217407706,0.4301075268817205,1,1,0.5196336313475312,0.2771545524564486
4,0.20120217058577985,0.6500000000000001,0.15116279069767444,0.3245,0.17777791764750311,0.2352162872795041,0.21935483870967745,1,1,0.5873905214174833,0.18897094839597414
1,0.42695422290246265,0.4,0.5116279069767442,0.1405,0.3970027316557359,0.4958701882203242,0.6161290322580646,1,1,0.5879344228725885,0.26669909046065443
2,0.18180603868095171,0.45000000000000007,0.16279069767441862,0.13974999999999999,0.10956205390299475,0.2569998479823885,0.14623655913978495,0,0,0.030800079618787723,0.13859769975682157
1,0.29768749130374283,0.55,0.40697674418604646,0.4235,0.21412026838202902,0.3979258041450135,0.6387096774193549,1,1,0.11515670762831376,0.23252568085640354
0,0.7511562543481285,0.7000000000000002,0.46511627906976744,0.22375,0.6928460831581464,0.8871747808412767,0.7903225806451615,0,1,0.5073257190636868,0.609162202625635
0,0.5275525253930708,0.8500000000000001,0.24418604651162792,0.3625,0.40690970430141365,0.6905484457606794,0.9311827956989249,1,1,0.1239424696032494,0.5019049267435722
4,0.3153582857937943,0.4,0.13953488372093023,0.31074999999999997,0.28137942320522663,0.37351290179099267,0.24301075268817204,0,1,0.5250400781882612,0.20423113203465076
2,0.09573396410185056,0.6000000000000001,0.09302325581395349,0.02725,0.06289102330089755,0.1246037689107094,0.07096774193548387,0,0,0.37197144274137783,0.10708540669649425
2,0.19375539167942116,0.3500000000000001,0.08139534883720931,0.1895,0.1211055023351251,0.26806335193203124,0.08817204301075268,0,0,0.06045554517568985,0.12666499355274202
1,0.7277807151801864,0.7000000000000002,0.313953488372093,0.3215,0.6644532282631956,0.7747887236713942,0.7870967741935485,0,2,0.6780606493569798,0.5917156629425459
3,0.45410324196465834,0.55,0.6627906976744186,0.50125,0.40835735595866013,0.5406421899544511,0.7838709677419357,0,1,0.49077762986555507,0.3346751707008905
3,0.6283957144844857,0.7000000000000002,0.7790697674418604,0.8097500000000001,0.6256121048855097,0.6989431960858281,0.5053763440860216,0,2,0.7607944934126867,0.5175387917232785
0,0.23777932377904545,0.9500000000000002,0.6395348837209303,0.33075,0.25176550560807665,0.3130887163520278,0.8430107526881723,1,1,0.6352722484599636,0.2803271226190579
0,0.4128899401697509,0.8,0.36046511627906974,0.42275,0.38553481287528796,0.47767311709297283,0.6354838709677421,0,1,0.6035715231559775,0.3893167637361211
2,0.20021705857798802,0.050000000000000044,0.15116279069767444,0.1625,0.1681541811956344,0.2418318685216569,0.018279569892473115,0,0,0.4856875991769467,0.07189584000415393
3,0.5117796020592736,0.6000000000000001,0.6046511627906976,0.55975,0.49132038419416163,0.583117036670026,0.5634408602150539,0,2,0.660777977082774,0.39172812475660523
0,0.3954695978850702,0.6000000000000001,0.441860465116279,0.55975,0.29369075642946163,0.5245846259522213,0.8838709677419356,0,1,0.10524861703339772,0.31215321108062977
0,0.26871295394462225,0.8,0.3023255813953488,0.61175,0.25176550560807665,0.32226607586241846,0.6182795698924732,0,1,0.5918951692935226,0.27274168563343226
3,0.3581522192848198,0.6500000000000001,0.627906976744186,0.7315,0.31470688201009583,0.4817719623221534,0.28387096774193554,1,1,0.30236680381117753,0.3012311233806132
1,0.6927786280784749,0.6000000000000001,0.22093023255813954,0.218,0.6706466597011544,0.7747887236713942,0.6107526881720431,1,1,0.6950014845888959,0.5155608249028585
0,0.3161931264783636,0.6000000000000001,0.6162790697674418,0.32725,0.2577952894673901,0.3962986526735394,0.5655913978494626,0,1,0.3261627975804522,0.25791524235632135
4,0.16975093919577014,0.6000000000000001,0.24418604651162792,0.24325,0.1346504865368396,0.2101615327879467,0.21397849462365595,0,0,0.4256575229703834,0.15772502661116544
1,0.33090301934047583,0.6000000000000001,0.441860465116279,0.59325,0.23103261622125149,0.4500002815140954,0.5301075268817206,0,1,0.04296182655068348,0.26797919569375095
1,0.6035842493390844,0.3500000000000001,0.5116279069767442,0.38,0.5562507080904846,0.7107836789388045,0.48172043010752696,1,1,0.5248020768757955,0.343329554403607
3,0.6233588423542507,0.6500000000000001,0.3953488372093023,0.47875,0.45644456752980284,0.8400774726790572,0.5774193548387099,1,1,0.0014569940219033573,0.49092295310377054
3,0.3543397801586198,0.75,0.5116279069767442,0.29250000000000004,0.34308714862976625,0.39718823721503743,0.6688172043010754,1,1,0.7247437253440656,0.32748522323089835
0,0.8336329483790177,0.7000000000000002,0.3953488372093023,0.1245,0.7105829630282356,0.887394361835697,0.6537634408602152,0,2,0.5500192304040594,0.6707194101408013
0,0.5466926394879643,0.75,0.3837209302325581,0.35575,0.524440136456904,0.6241280100894653,0.7580645161290324,0,1,0.6523277975059891,0.4770313189618617
2,0.07727285376374007,0.4,0.08139534883720931,0.14875,0.05456387920291042,0.09470134169617872,0.11935483870967745,0,0,0.5303872974602422,0.07095826157693871
3,0.8866787254765549,0.7000000000000002,0.5,0.69675,0.8762383715807098,0.9973199858116895,0.7000000000000002,1,2,0.7143675547663284,0.7103105934073543
2,0.051921524975650446,0.20000000000000007,0.13953488372093023,0.10575,0.04015659814448824,0.05629718880024326,0.1752688172043011,1,0,0.759887492778095,0.03642415168797
1,0.29177125365242795,0.6500000000000001,0.45348837209302323,0.8240000000000001,0.2474603154621785,0.3561322215403325,0.3526881720430108,0,1,0.42411435074611137,0.2537514387337412
4,0.3861917350772228,0.75,0.08139534883720931,0.222,0.37083800148541646,0.3806689900963341,0.20645161290322583,0,1,0.931685382782139,0.35224875165508474
0,0.6079977737581744,0.8,0.16279069767441862,0.5835,0.4678432507962084,0.7987962457280238,0.6451612903225807,1,2,0.09811873071295318,0.5470722525594317
0,0.32572700709614577,0.6500000000000001,0.36046511627906974,0.3935,0.25176550560807665,0.44783262297943255,0.5731182795698926,1,1,0.13774796253387223,0.2780386489316591
1,0.18970919716154164,0.6000000000000001,0.19767441860465115,0.3375,0.1888241292060575,0.24044118889032778,0.6225806451612904,1,1,0.6321308761722391,0.17137971320519588
4,0.15504104633365798,0.45000000000000007,0.22093023255813954,0.02325,0.12728005136016318,0.18700418329945778,0.22258064516129036,0,0,0.508885020002922,0.1227831384732547
3,0.39293168220397934,0.8,0.36046511627906974,0.1495,0.3550460101461499,0.4645601905287398,0.6698924731182797,1,1,0.5227138093441714,0.3731794068522669
4,0.37950744399610403,0.6000000000000001,0.15116279069767444,0.35924999999999996,0.36104432331726233,0.3806689900963341,0.31182795698924737,1,1,0.8840612822928009,0.3012325080266198
0,0.47258661472102403,0.8,0.313953488372093,0.24,0.4244011128035348,0.5636813035228674,0.5978494623655914,0,1,0.48213942118564157,0.43758483120299785
3,0.6055377765409767,0.8,0.46511627906976744,0.37775000000000003,0.5836365009630031,0.6902331499738192,0.5215053763440861,1,1,0.6580356357420156,0.5450832085709587
2,0.12631696117990815,0.3500000000000001,0.09302325581395349,0.10999999999999999,0.10732763504072307,0.14672514652808671,0.14623655913978495,0,0,0.622883650996134,0.0910122627711959
1,0.4570975372199805,0.6000000000000001,0.40697674418604646,0.4585,0.41549490804264905,0.5403156336037744,0.45483870967741946,1,1,0.5181380848194277,0.35431672046593343
0,0.6774342562960901,0.6000000000000001,0.4767441860465116,0.49625,0.6423922758342879,0.7831440620231855,0.570967741935484,0,1,0.5984056497660115,0.5050627850423616
0,0.5205621260609432,1.0,0.43023255813953487,0.06325,0.48651166303704735,0.6051933720321376,0.560215053763441,0,1,0.5798314956787765,0.5550145820532569
2,0.18490608042298592,0.3500000000000001,0.13953488372093023,0.0,0.16904794874054307,0.21006018771359886,0.14193548387096774,0,0,0.6784013052251023,0.12198662085796128
3,0.6773952970641436,0.8500000000000001,0.46511627906976744,0.26875,0.6341847203514646,0.7904014954028749,0.3258064516129033,1,1,0.5598495554651823,0.6277209592135211
4,0.2663141783776263,0.45000000000000007,0.15116279069767444,0.1525,0.18776041994486337,0.35802962654340104,0.2559139784946237,0,0,0.11275463502814631,0.18853080404662795
2,0.004708501460971182,0.45000000000000007,0.011627906976744186,0.25425,0.0,0.017397571096384817,0.14516129032258066,0,0,0.6785190525720413,0.033956539423468005
0,0.6743175177403645,0.8,0.27906976744186046,0.3425,0.5821259079293546,0.8307480955571447,0.9946236559139785,0,1,0.3396075524154285,0.6006954384568122
3,0.9627605398636427,0.75,0.441860465116279,0.4745,0.9423960523168722,1.0,0.6967741935483872,0,2,0.8539044531090456,0.8005062611961612
4,0.19500208710171138,0.7000000000000002,0.12790697674418605,0.4425,0.17325872682183813,0.22672019188000747,0.13118279569892474,0,1,0.6057049130661467,0.19407163812276615
0,0.2365827187978294,0.75,0.5348837209302325,0.42500000000000004,0.25176550560807665,0.30440119136765176,0.8268817204301077,1,1,0.6780382619106018,0.23593416008238646
2,0.07304299429525532,0.5,0.11627906976744187,0.0,0.024257606465338172,0.11325875086565587,0.16129032258064518,1,0,0.062160233614048765,0.08007580936886105
1,0.31864755809099765,0.6000000000000001,0.4883720930232558,0.5905,0.2933760495474515,0.36943657768944493,0.8139784946236561,1,1,0.6012248056123888,0.25959447180081874
4,0.001998052038402656,0.0,0.25581395348837205,0.19075000000000003,0.0,0.014143268153436445,0.12473118279569895,1,0,0.7287091882497154,0.0005555892101459861
3,0.43887574787811323,0.7000000000000002,0.37209302325581395,0.342,0.39301224839184784,0.5235599146449263,0.7731182795698925,0,1,0.4844935369953345,0.37608889427362335
4,0.2235202448866008,0.8,0.18604651162790697,0.03675,0.14085650625007867,0.3133983818569796,0.2548387096774194,1,0,0.01189960251216382,0.2362008775194067
1,0.37442048142479467,0.6500000000000001,0.3023255813953488,0.493,0.3437983861831091,0.43718012960908953,0.34731182795698934,1,1,0.571044844257308,0.3128671691777799
1,0.5070655349937386,0.8500000000000001,0.16279069767441862,0.19324999999999998,0.3648774531401453,0.686691702653552,0.5290322580645163,1,1,0.004138885314096452,0.48470295016139786
3,0.9402421037985251,0.6500000000000001,0.6627906976744186,0.43174999999999997,0.9347297926711062,1.0,0.695698924731183,1,2,0.8371288943184145,0.7175770425692107
0,0.8726700987894809,0.7000000000000002,0.24418604651162792,0.3105,0.7215725273480282,0.887394361835697,0.6569892473118281,0,2,0.5767389217454577,0.6998551314115601
0,0.7739585362459998,0.6500000000000001,0.3953488372093023,0.07974999999999999,0.7026523496015811,0.887394361835697,0.827956989247312,0,1,0.530736978920576,0.5986409699445276
1,0.36673438152219284,0.8,0.25581395348837205,0.28575,0.2975490628029054,0.46299497215825597,0.5301075268817206,0,1,0.28752862279904234,0.35199743840488784
0,0.6052261026854041,0.6000000000000001,0.441860465116279,0.28425,0.4472047734739863,0.8116501793244788,0.7193548387096775,0,1,0.02220180395079563,0.4556606924960841
2,0.22564630582997078,0.75,0.16279069767441862,0.11124999999999999,0.15319931016251465,0.26806335193203124,0.16129032258064518,0,0,0.26110901520465934,0.22743156819814284
3,0.6336162515653262,0.8500000000000001,0.41860465116279066,0.47300000000000003,0.5097307367917523,0.8131590948758805,0.5623655913978496,1,1,0.1838220275434439,0.5909617231919553
3,0.6090608042298594,0.6000000000000001,0.7093023255813953,0.19474999999999998,0.4653507722906885,0.803176605052615,0.2935483870967742,1,1,0.08405255944508006,0.4582842505170788
4,0.34971476276610547,0.3500000000000001,0.22093023255813954,0.19175,0.3209380782738957,0.3806689900963341,0.2989247311827958,1,0,0.6890350815742503,0.20911616314591572
0,0.5619423959927646,0.9000000000000001,0.5348837209302325,0.22375,0.4484510127267463,0.722967608988182,0.7408602150537635,0,1,0.18311767634625076,0.5517270862721003
4,0.23679421177125362,0.6500000000000001,0.16279069767441862,0.10075,0.22317753244627958,0.26662763004543644,0.27956989247311836,0,1,0.7065984489398038,0.21442853063096587
2,0.050190621956309994,0.10000000000000009,0.19767441860465115,0.10275,0.02170848072105641,0.06929750972631205,0.12795698924731186,1,0,0.37788658814039766,0.025606604761451456
1,0.40682343119521347,0.6500000000000001,0.37209302325581395,0.129,0.31490200027694204,0.5285821261070542,0.3838709677419356,1,0,0.17538516266553072,0.33604372019765827
1,0.4869959649366912,0.5,0.3023255813953488,0.28575,0.39199889223177536,0.621819594507097,0.34946236559139787,0,1,0.22255868496489484,0.33754034945003586
1,0.4700375678308055,0.5,0.313953488372093,0.4605,0.4150165535819938,0.5669243459019992,0.3903225806451614,1,1,0.4395701785508057,0.3269928084948033
0,0.38191735077222766,0.75,0.23255813953488372,0.64625,0.3207681365576103,0.4729436802900722,0.860215053763441,1,1,0.3536249150226163,0.3489256012392582
1,0.23761792124669542,0.7000000000000002,0.13953488372093023,0.4305,0.1888241292060575,0.300899156020742,0.7075268817204303,1,1,0.33251857732656553,0.22587834154024564
0,0.8759760679003756,0.75,0.37209302325581395,0.7645000000000001,0.7098654313372526,0.887394361835697,0.756989247311828,1,2,0.5482746457460295,0.7330350575060796
1,0.39191874217336853,0.6500000000000001,0.313953488372093,0.43700000000000006,0.35570689459837107,0.46193084887760333,0.335483870967742,1,1,0.5344557564380483,0.32538298443138647
4,0.33368025601780993,0.8,0.22093023255813954,0.22525,0.2682624403630459,0.3806689900963341,0.08924731182795699,1,1,0.4328872043279308,0.32527134734710483
0,0.605665785445944,0.9000000000000001,0.441860465116279,0.9635,0.5447135537959944,0.7253154365439078,0.8075268817204303,1,2,0.45712775532553684,0.5897993128694192
1,0.18676499234729368,0.6500000000000001,0.23255813953488372,0.43775000000000003,0.1888241292060575,0.24953972445400346,0.7505376344086022,1,1,0.5808755309184439,0.17864460464029494
2,0.17123139000973978,0.5,0.16279069767441862,0.05425,0.15449590251639622,0.19540456390651484,0.12043010752688174,0,0,0.6654298781612444,0.141145621489706
0,0.3402142757757062,0.8500000000000001,0.3837209302325581,0.17625,0.2519228590490817,0.45015792940752547,0.5354838709677421,1,1,0.13187736675665906,0.3446056787794346
1,0.7109670237929595,0.8,0.23255813953488372,0.804,0.5591648938178981,0.7747887236713942,0.6494623655913979,0,2,0.39006645041440424,0.63032859380544
4,0.25070822318074304,0.75,0.24418604651162792,0.32099999999999995,0.21770792683694407,0.2996717545647511,0.189247311827957,1,1,0.5049315839388151,0.2469161337221881
1,0.2142368164741895,0.5,0.36046511627906974,0.43275,0.1888241292060575,0.28267393348384956,0.6537634408602152,1,1,0.4135051810418737,0.1678935207220929
3,0.34601920133574504,0.8500000000000001,0.45348837209302323,0.45875,0.31470688201009583,0.4151375759384273,0.5387096774193549,0,1,0.5222805612434056,0.34947980580339755
0,0.40673438152219277,0.75,0.441860465116279,0.4415,0.29649164767935143,0.5448649013856124,0.5935483870967743,0,1,0.06750427128333136,0.3682197779373967
0,0.5010268540420203,0.45000000000000007,0.7674418604651162,0.39275,0.38724052417578275,0.6544639690109284,0.9043010752688173,1,1,0.13617278258753296,0.32721487109811087
0,0.6472909419785723,0.9000000000000001,0.43023255813953487,0.50025,0.5259444353529124,0.8263283242591957,0.8086021505376346,1,2,0.2027127760528198,0.626044499061037
4,0.14881870043133436,0.7000000000000002,0.18604651162790697,0.118,0.13290701041050368,0.16937577064483622,0.30000000000000004,1,1,0.6747167323094596,0.15960226043460576
1,0.5491582023097258,0.8,0.2906976744186046,0.56125,0.41691108901169455,0.7253154365439078,0.7021505376344088,1,2,0.08723692359235735,0.4994972004188555
0,0.7834256296090163,0.7000000000000002,0.45348837209302323,0.6645,0.6776520348946993,0.887394361835697,0.8107526881720432,0,2,0.4699519766250244,0.6332467352643377
4,0.357384165855016,1.0,0.22093023255813954,0.13674999999999998,0.2681239693349614,0.3806689900963341,0.07204301075268817,0,1,0.4322138558634283,0.4027779460507299
1,0.7070989286211214,0.6500000000000001,0.37209302325581395,0.03175,0.6886919523156134,0.7747887236713942,0.5193548387096775,0,1,0.7443606051274159,0.5508189315725253
1,0.29014609711979966,0.6000000000000001,0.25581395348837205,0.5559999999999999,0.2303654376313901,0.368130352286739,0.831182795698925,0,1,0.2925574151736685,0.2400948482514517
2,0.14343676081814385,0.0,0.13953488372093023,0.30575,0.1316167121942623,0.1596410132255322,0.12795698924731186,1,0,0.7371346756884167,0.0445406004171246
3,0.6394378739390566,0.6500000000000001,0.3953488372093023,0.50825,0.504267425320057,0.8298247293241974,0.4161290322580646,1,1,0.14066504432939686,0.5024236497537927
4,0.04871017114234033,0.5,0.19767441860465115,0.227,0.023609310288397384,0.0646018546148606,0.0903225806451613,0,0,0.4483022724060768,0.0649416285167845
2,0.2159621538889662,0.10000000000000009,0.06976744186046513,0.1865,0.15153765782550133,0.26806335193203124,0.14086021505376345,0,0,0.25072021032377134,0.08746912672107174
4,0.2594907471824126,0.6500000000000001,0.12790697674418605,0.3125,0.24159417918151038,0.2960683741434934,0.1849462365591398,0,1,0.6613389176331286,0.23066246657377995
3,0.7967719493529984,0.7000000000000002,0.7441860465116279,0.40625,0.7243167713591561,0.9513093220577553,0.6666666666666669,1,2,0.46077710763140556,0.6432078786357777
4,0.05571170168359535,0.4,0.13953488372093023,0.32275,0.036361233147446465,0.06736069274988599,0.0946236559139785,0,0,0.5831998002486236,0.05888899466045883
1,0.39184638931403915,0.6500000000000001,0.40697674418604646,0.42025,0.32895051548987275,0.4857075293759959,0.4043010752688173,1,1,0.3482472816083475,0.32533123328688995
0,0.6412133017949074,0.45000000000000007,0.5116279069767442,0.54725,0.5732448797190297,0.7717145897495088,0.6344086021505377,1,1,0.43512743273619825,0.4100464721815964
0,0.5446166689856685,0.55,0.37209302325581395,0.56275,0.47472274323694913,0.6644126771427445,0.9537634408602153,0,1,0.3884869887996911,0.3937862279646569
2,0.09239460136357311,0.25,0.046511627906976744,0.06575,0.07342740971059558,0.10842233870649903,0.1774193548387097,1,0,0.6107583997404469,0.06038960477010548
1,0.3376374008626687,0.6000000000000001,0.3953488372093023,0.28725,0.3202708996840343,0.3837994268373018,0.6322580645161291,1,1,0.6724701912810775,0.2725866052806938
1,0.7003645470989286,0.6500000000000001,0.37209302325581395,0.38,0.5535064640793566,0.7747887236713942,0.5021505376344086,1,1,0.3745890003397163,0.546002094277085
1,0.5079170724919995,0.9500000000000002,0.40697674418604646,0.40474999999999994,0.38004632485303186,0.6748512198005754,0.49247311827956997,0,1,0.0728039734420336,0.5239509142990664
4,0.2524112981772645,0.45000000000000007,0.23255813953488372,0.19449999999999998,0.18942836641951688,0.32840308314237293,0.16989247311827957,0,0,0.2258747351664172,0.1803160454510052
2,0.21730346458884095,0.30000000000000004,0.09302325581395349,0.20675,0.15344478153048252,0.26806335193203124,0.10967741935483871,0,0,0.26264372501660893,0.12888527342431613
1,0.7751106163907053,0.45000000000000007,0.37209302325581395,0.46025000000000005,0.5822392024068783,0.7747887236713942,0.45161290322580655,0,1,0.4531813914308722,0.4891620295448842
1,0.360272714623626,0.7000000000000002,0.3953488372093023,0.33775,0.30631679653570665,0.442084105151145,0.4268817204301076,0,1,0.39074791395236086,0.3174228276202262
0,0.4634089327953249,0.8500000000000001,0.46511627906976744,0.41674999999999995,0.3731479499993706,0.5909656496500779,0.8870967741935485,1,1,0.2311998164157134,0.4480465241058216
3,0.3979240294977041,0.75,0.5116279069767442,0.57575,0.3347285338435781,0.4928410965537045,0.4043010752688173,0,1,0.35013591471652283,0.36137010722352514
2,0.1444663976624461,0.7000000000000002,0.03488372093023256,0.1755,0.13271189214365742,0.1607445484795424,0.13118279569892474,0,1,0.7379986627703559,0.15635388090313537
4,0.3564157506609156,0.6000000000000001,0.23255813953488372,0.052500000000000005,0.3090106874457131,0.3806689900963341,0.21720430107526884,0,1,0.6310352933819006,0.2854340432528797
4,0.1335856407402254,0.9000000000000001,0.12790697674418605,0.1035,0.10159996978813934,0.16655499940882046,0.1602150537634409,0,0,0.43188840172871856,0.17873460663072355
3,0.48307221371921516,0.9500000000000002,0.441860465116279,0.31825,0.4678684273467693,0.5460134788948883,0.5419354838709679,0,1,0.6931880501791381,0.5015445726203561
1,0.4089160985112007,0.6000000000000001,0.41860465116279066,0.20074999999999998,0.2926899885446695,0.5526853629561232,0.6892473118279572,0,1,0.03582948912971817,0.3213527991484427
4,0.19718936969528314,0.75,0.25581395348837205,0.0,0.14000050353101123,0.26089600306287336,0.16129032258064518,0,0,0.20937939816971984,0.20530752122402707
2,0.24363990538472238,0.4,0.11627906976744187,0.10975,0.16813529878271377,0.26806335193203124,0.0849462365591398,0,0,0.3544902045317324,0.16408539804245667
0,0.649940169750939,0.75,0.5116279069767442,0.7865,0.5776004229660494,0.7854806290150949,0.6494623655913979,0,2,0.41792264666446033,0.5573018441754001
0,0.3587310421594546,0.75,0.441860465116279,0.16699999999999998,0.2790128274525107,0.46337783132801463,0.7655913978494625,0,1,0.20888916545586,0.3308992410409076
1,0.7576401836649505,0.45000000000000007,0.313953488372093,0.6922499999999999,0.59507294905525,0.7747887236713942,0.5118279569892474,1,1,0.4882854189083896,0.47883932048497235
4,0.13959649366912477,0.55,0.05813953488372093,0.083,0.08160349450521784,0.19660944423487287,0.05268817204301077,0,0,0.10075365455380347,0.12928214758595624
3,0.6021650201753165,0.7000000000000002,0.7558139534883721,0.594,0.5027820088369692,0.7557414799759024,0.6516129032258066,0,2,0.2729866169705719,0.4979612818360407
1,0.4723027688882705,0.55,0.22093023255813954,0.4555,0.42170092775588824,0.5655336662706703,0.5612903225806453,1,1,0.46725347574471665,0.34656062585999503
0,0.5692667315987199,1.0,0.40697674418604646,0.344,0.5422147811528344,0.6539122013839234,0.8591397849462367,0,1,0.6269127147674947,0.6004534715671598
0,0.5429803812439126,0.45000000000000007,0.5116279069767442,0.73175,0.4557522123893805,0.6780604804882582,0.7408602150537635,0,1,0.2985789933708285,0.35200384239266835
2,0.1623486851259218,0.7000000000000002,0.08139534883720931,0.19125,0.1496305341205202,0.18179054225245062,0.026881720430107527,1,0,0.7215298180117939,0.16970048376069857
1,0.6077250591345484,0.6500000000000001,0.34883720930232553,0.514,0.49173579727841493,0.7747887236713942,0.6344086021505377,0,1,0.20562827171570652,0.4797407250352653
1,0.35788507026575767,0.30000000000000004,0.37209302325581395,0.27449999999999997,0.25042485429071365,0.48724459633693856,0.6408602150537636,0,0,0.028161598856970338,0.19883482038545086
2,0.007674968693474324,0.5,0.06976744186046513,0.20650000000000002,0.0,0.00858054962811991,0.0903225806451613,1,0,0.8201196264434112,0.039419141000233665
3,0.42957562265201055,0.8,0.6511627906976744,0.66025,0.42396052316872074,0.47705941636497745,0.7838709677419357,1,2,0.7626864842975485,0.40280806210137343
3,0.2919382217893418,0.8,0.5813953488372092,0.75525,0.31470688201009583,0.3421803829717754,0.381720430107527,0,1,0.8348435493161757,0.2915206009363669
4,0.04986781689160982,0.9000000000000001,0.12790697674418605,0.132,0.004663955991389607,0.08388557015049744,0.20215053763440863,0,0,0.04847911149083295,0.10583714832154939
4,0.19095589258383192,0.6000000000000001,0.18604651162790697,0.1885,0.13686602298619066,0.2510824216968544,0.23763440860215054,1,0,0.23295680678351438,0.172232655145258
3,0.6961680812578266,0.7000000000000002,0.5,0.4795,0.5987864902629692,0.8600480826074963,0.6548387096774195,1,2,0.3270621208778899,0.5681212949901777
0,0.38530680395157924,0.6000000000000001,0.5581395348837209,0.517,0.2969574138647264,0.5011007201130562,0.6838709677419357,1,1,0.17758279730062854,0.30520021115851603
3,0.8037679142896896,0.8500000000000001,0.8604651162790697,0.46399999999999997,0.7619997734110451,0.9317553529905243,0.5376344086021506,0,2,0.5845010744110304,0.7338301904753664
4,0.21249478224572146,0.8500000000000001,0.046511627906976744,0.28049999999999997,0.18939689573131585,0.2476761011423842,0.16989247311827957,0,1,0.5949470948695443,0.23736553789170342
2,0.029692500347850287,0.75,0.046511627906976744,0.056249999999999994,0.011335741890003637,0.037103557775137824,0.12150537634408604,1,0,0.5885624705520056,0.07508589132259656
0,0.3408209266731598,0.8500000000000001,0.4883720930232558,0.35575,0.3045984969599316,0.40426550157366375,0.7892473118279572,1,1,0.5164384150052153,0.3451150554291105
0,0.42971476276610543,0.8,0.313953488372093,0.4245,0.3264076838832312,0.564610300037723,0.7279569892473119,1,1,0.12988661545597235,0.40292056458940917
1,0.4073799916515931,0.6500000000000001,0.313953488372093,0.58175,0.34509497853699067,0.5026997201749892,0.7096774193548389,0,1,0.36200730028978034,0.3364418059245541
4,0.19327674968693473,0.7000000000000002,0.10465116279069767,0.355,0.18429235010511213,0.21335953291181292,0.06989247311827958,0,1,0.7680543705226748,0.19278391733663341
2,0.204385696396271,0.6500000000000001,0.0,0.082,0.12701569757927467,0.26806335193203124,0.02795698924731183,0,0,0.09740663526339399,0.19124799875381857
1,0.7171225824405175,0.7000000000000002,0.2906976744186046,0.02325,0.6877352433943027,0.7747887236713942,0.756989247311828,0,1,0.7417437281403718,0.5837608716346612
2,0.11819117851676639,0.4,0.08139534883720931,0.1265,0.05957401276451113,0.17300167219372675,0.03548387096774194,0,0,0.044323345582828244,0.09386307581802289
3,0.8446472798107694,0.8500000000000001,0.5930232558139534,0.765,0.6685633001422475,1.0,0.7129032258064518,1,2,0.25469471522299814,0.7681546995750869
1,0.5383164046194517,0.45000000000000007,0.313953488372093,0.59175,0.42409270005916494,0.6969444460084118,0.4043010752688173,1,1,0.16289435626271542,0.3492480506780439
3,0.49002365381939605,0.6500000000000001,0.441860465116279,0.7245,0.482105766688906,0.5473534859890434,0.31397849462365596,0,1,0.7409520520169981,0.3955535555113239
4,0.328092389035759,0.8,0.18604651162790697,0.08875,0.3196792507458553,0.3650168063914961,0.10107526881720431,1,1,0.7519723397484295,0.3207532474275874
0,0.8210212884374565,0.6000000000000001,0.5,0.61425,0.616674429436423,0.887394361835697,0.9161290322580646,1,2,0.32169288744090907,0.6032996114337146
3,0.5586419924864338,0.8,0.6744186046511628,0.531,0.45916363499037,0.7067017245553484,0.6333333333333334,0,2,0.24737351094134086,0.5071653700033751
4,0.05949074718241268,0.9000000000000001,0.313953488372093,0.243,0.012399451151197782,0.09644109880581722,0.3150537634408603,0,1,0.04768373497321576,0.11421633363045527
4,0.16281063030471685,0.6500000000000001,0.1744186046511628,0.2495,0.12071526580143258,0.2085963144174629,0.06021505376344086,0,0,0.3319819495681049,0.16151099495469612
2,0.2633532767496869,0.45000000000000007,0.12790697674418605,0.2905,0.1793514520575536,0.26806335193203124,0.054838709677419356,0,0,0.4246146374777262,0.186781303817296
4,0.03480729094197854,0.9000000000000001,0.11627906976744187,0.13275,0.0,0.06017645303500346,0.21182795698924733,0,0,0.18183468029177452,0.09272316599309408
0,0.36334492834284127,0.4,0.3023255813953488,0.5225,0.31470058787245564,0.44079477059416367,0.5451612903225808,0,1,0.43145545244346306,0.23109257223957838
3,0.6645665785445943,1.0,0.5116279069767442,0.35775,0.6404914462669469,0.7588099836158797,0.5881720430107528,1,2,0.6503719862485997,0.6893633224580928
2,0.1290218449979129,0.55,0.05813953488372093,0.0825,0.07542265134253956,0.18074330981752257,0.16881720430107527,1,0,0.1330539063706524,0.1223762256280668
1,0.34667037706970916,0.75,0.3837209302325581,0.28625,0.2673246138546558,0.44943725332327394,0.36881720430107534,0,1,0.19984577580388652,0.3215225913650014
2,0.08111312091275916,0.20000000000000007,0.12790697674418605,0.117,0.04024471607145105,0.11527439178879689,0.17204301075268819,0,0,0.21248268230826772,0.04913347122099816
0,0.5007096145818839,0.9000000000000001,0.313953488372093,0.37775000000000003,0.490898676972268,0.5610970041269967,0.5430107526881721,1,1,0.7279874164771736,0.49840852249617074
4,0.08108529288994015,0.5,0.09302325581395349,0.06799999999999999,0.06627726935132619,0.09194250356115333,0.2053763440860215,0,0,0.6882747861949963,0.08507784306768323
2,0.031017114234033638,0.45000000000000007,0.08139534883720931,0.17775,0.0,0.05549768876927669,0.110752688172043,1,0,0.2247575509114068,0.0495014408972506
2,0.14371504104633362,0.5,0.03488372093023256,0.11549999999999999,0.11114188245068543,0.17851934846377765,0.09677419354838711,1,0,0.43383454700971513,0.12403139684819953
0,0.7192430777793236,0.5,0.5581395348837209,0.47300000000000003,0.6081647553468699,0.887394361835697,0.6967741935483872,0,1,0.30100272553164764,0.4819900824729778
1,0.18801725337414774,0.5,0.3953488372093023,0.20125,0.1888241292060575,0.20973926164483053,0.767741935483871,1,0,0.8255855953667972,0.15158585237942762
0,0.38178377626269655,0.6500000000000001,0.5581395348837209,0.71,0.3736200103223858,0.4253959495751953,0.7559139784946237,1,1,0.7482072034776637,0.3181338433446125
4,0.004202031445665777,0.6500000000000001,0.20930232558139536,0.1405,0.0,0.01613638794894462,0.11505376344086024,0,0,0.6976972579461662,0.0480645245039073
4,0.2514595797968554,0.5,0.13953488372093023,0.25125000000000003,0.19301602487443198,0.3232682660420807,0.29569892473118287,0,1,0.265086476213652,0.19104480195235088
3,0.750761096424099,0.6500000000000001,0.5930232558139534,0.42775,0.6431790430393132,0.9307925747842194,0.6849462365591399,0,1,0.3093513271215944,0.5820487568475072
0,0.2421149297342424,0.7000000000000002,0.441860465116279,0.287,0.25176550560807665,0.3148115826159416,0.6989247311827959,1,1,0.6269913763112533,0.2292347234602304
4,0.14039794072631137,0.75,0.23255813953488372,0.0,0.10253779629652943,0.1795102780796235,0.10967741935483871,0,0,0.3582331131237324,0.1611546216887489
1,0.6893502156671768,0.9000000000000001,0.3372093023255814,0.028,0.6487556489885322,0.7747887236713942,0.6462365591397851,1,1,0.6351232072142976,0.662667693612455
4,0.14380409071935438,0.8500000000000001,0.19767441860465115,0.14875,0.10331826936391444,0.18569795789675192,0.24301075268817204,0,0,0.32784256705522763,0.17968914697151958
1,0.23607068317796023,0.3500000000000001,0.45348837209302323,0.45375,0.1888241292060575,0.3305313297036783,0.7752688172043012,0,0,0.21464499332286224,0.14903585367753325
1,0.5716265479337692,0.3500000000000001,0.18604651162790697,0.23650000000000002,0.5142499276174171,0.6836907623964732,0.6806451612903227,1,1,0.4641957627742641,0.32643444999264404
4,0.07399471267566438,0.75,0.23255813953488372,0.2835,0.047527033321164674,0.09436352478168583,0.05591397849462365,1,0,0.45480928766148754,0.10952896073663168
2,0.03516905523862529,0.4,0.11627906976744187,0.06,0.019650297712710374,0.040740719887844806,0.11612903225806454,0,0,0.6662039969818585,0.047389855737194175
0,0.6820592736886043,0.8,0.3023255813953488,0.56075,0.5460604992509976,0.8786730551598718,0.6290322580645162,1,1,0.16418563060421132,0.6069550768911236
2,0.1815500208710171,0.5,0.12790697674418605,0.0,0.1234280391243596,0.2440783510030347,0.011827956989247313,0,0,0.1759820824183873,0.14756345573027096
0,0.2957339641018505,0.7000000000000002,0.3837209302325581,0.49424999999999997,0.28249977970518264,0.3328059635945972,0.9505376344086023,1,1,0.7092605657521325,0.26925376234282106
4,0.24465841101989702,0.6000000000000001,0.10465116279069767,0.09599999999999999,0.23332997645992526,0.2734571620001014,0.1064516129032258,0,0,0.7317725458312256,0.20897389076873815
3,0.3721998052038402,0.9000000000000001,0.6976744186046512,0.49625,0.31470688201009583,0.4965796037407592,0.4279569892473119,0,1,0.259889337217448,0.386508355473246
3,0.6673827744538751,1.0,0.45348837209302323,0.33599999999999997,0.5026246553959641,0.8878335238245378,0.41720430107526885,0,2,0.043733842600163886,0.6919906882556058
0,0.2884652845415333,0.6000000000000001,0.43023255813953487,0.518,0.25176550560807665,0.3560308764659847,0.5473118279569894,0,1,0.4465203674323077,0.2389448997429751
3,0.9720105746486711,0.5,0.7558139534883721,1.0,0.7371190473193268,1.0,0.4010752688172044,0,2,0.4047106317645057,0.6392027900617033
3,0.4763879226380965,0.8,0.5348837209302325,0.9442499999999999,0.4123604274978285,0.5821486281818131,0.4010752688172044,0,2,0.3889833074478177,0.4406583991761357
2,0.0006066508974537227,0.9000000000000001,0.12790697674418605,0.1515,0.0,0.006396000247732431,0.04516129032258065,0,0,0.8581173630543362,0.06294289200626553
4,0.20928899401697512,0.6500000000000001,0.15116279069767444,0.10075,0.1372940243457244,0.28780312030223354,0.22043010752688175,0,0,0.08318712620128155,0.19475513400777136
2,0.10631974398219005,0.55,0.18604651162790697,0.03924999999999999,0.0742393534661816,0.13586996300904786,0.14838709677419357,0,0,0.3989115879016454,0.10755030159320833
0,0.8396771949352998,1.0,0.26744186046511625,0.28275,0.6404285048905449,0.887394361835697,0.8440860215053766,0,2,0.37944782164619917,0.8527325123536387
0,0.3339529706414359,0.6000000000000001,0.3255813953488372,0.6975,0.25176550560807665,0.44950481670617254,0.8473118279569894,1,1,0.1330370149586253,0.27006585722568865
2,0.13000139140114092,0.45000000000000007,0.08139534883720931,0.1635,0.11080199901811455,0.15107172416122877,0.13010752688172042,1,0,0.6207347989977274,0.10798802281204295
4,0.009283428412411282,0.45000000000000007,0.26744186046511625,0.19724999999999998,0.0,0.02787552572757318,0.30322580645161296,0,0,0.531336889094477,0.03665971458984188
1,0.3180019479615973,0.45000000000000007,0.26744186046511625,0.7124999999999999,0.24140535505230426,0.4146139597209632,0.3301075268817205,1,1,0.19015591630425144,0.21907142177182767
3,0.8453429803812439,0.8500000000000001,0.3837209302325581,0.93775,0.6620866325104797,1.0,0.7021505376344088,0,2,0.24052226038263735,0.7687388471091189
2,0.16098511200779184,0.4,0.03488372093023256,0.0295,0.13185588942458992,0.19492598994431654,0.1,1,0,0.49483448460471124,0.11781779789360725
2,0.2240378461110338,0.15000000000000002,0.1744186046511628,0.112,0.20470423847228691,0.2573376648968814,0.0935483870967742,0,0,0.6409443264931063,0.1009211357558869
1,0.45739807986642544,0.8,0.37209302325581395,0.05325,0.34404385755107697,0.6048386642719201,0.7591397849462367,0,1,0.10052993115898023,0.42530405960901063
1,0.5213691387226936,0.6000000000000001,0.37209302325581395,0.49325,0.4240108762698423,0.6627348531340964,0.4150537634408603,0,1,0.23405260419118679,0.3982889236973509
3,0.987249199944344,0.6500000000000001,0.7441860465116279,0.751,0.8547250091264997,1.0,0.47956989247311843,0,2,0.6620598238851516,0.7511993630628371
0,0.7302073187700013,0.5,0.441860465116279,0.78225,0.6715026624202218,0.8638766743050825,0.6720430107526884,1,2,0.5010588943197947,0.4888094640554551
0,0.8202977598441631,0.6000000000000001,0.2906976744186046,0.49,0.7468497841110788,0.887394361835697,0.5870967741935484,0,2,0.6381972725055121,0.6028046004863571
2,0.06246834562404341,0.10000000000000009,0.16279069767441862,0.10675000000000001,0.02775714699329046,0.08872761259156248,0.14838709677419357,0,0,0.2788698968665513,0.030188398397272248
0,0.7748935578127173,0.55,0.5465116279069767,0.20049999999999998,0.7562721081584611,0.8784591044473598,0.5752688172043012,1,1,0.680185011436875,0.5441717653371181
1,0.40229859468484763,0.3500000000000001,0.5116279069767442,0.5695,0.28187036594116244,0.5489750071786095,0.5548387096774194,0,1,0.004686928041826688,0.23691570102031104
0,0.8612439126200083,0.7000000000000002,0.36046511627906974,0.29325,0.7347713339795316,0.887394361835697,0.5849462365591398,0,2,0.6088300974286833,0.6913270966569454
2,0.08327257548351188,0.55,0.11627906976744187,0.11549999999999999,0.05901383451453315,0.10285962018118247,0.01612903225806452,0,0,0.5065061391039414,0.09249902642077662
2,0.0947432864894949,0.3500000000000001,0.11627906976744187,0.043750000000000004,0.04450584725386775,0.13904544200528124,0.06881720430107528,1,0,0.09999304688286936,0.07432018208094986
0,0.7945123139000972,0.6500000000000001,0.6511627906976744,0.209,0.6200984403126928,0.887394361835697,0.8268817204301077,0,2,0.33001792300203214,0.6133422758387926
3,0.6547098928621121,0.9000000000000001,0.6976744186046512,0.28750000000000003,0.5656352673120257,0.805822837549476,0.39247311827957,1,2,0.3447726125362316,0.6325045650048031
4,0.1400083484068457,0.45000000000000007,0.25581395348837205,0.15975,0.09947255126575111,0.1814583556198659,0.05591397849462365,0,0,0.3220030098206974,0.11390080742170261
3,0.6944538750521775,0.9000000000000001,0.5116279069767442,0.6825000000000001,0.6245861604501568,0.8335069336921699,0.7290322580645162,0,2,0.44339940650926235,0.6671117149706196
1,0.6398163350493947,0.5,0.3837209302325581,0.38,0.5347625221868351,0.7747887236713942,0.4526881720430108,1,1,0.32331887094881506,0.43258937457270696
2,0.07969389174899122,0.75,0.08139534883720931,0.04325,0.04223995770339506,0.11062377893261119,0.011827956989247313,0,0,0.26658475438283546,0.11395982795773368
4,0.19071657158758873,0.45000000000000007,0.27906976744186046,0.041999999999999996,0.11714019562179787,0.26824915123500237,0.16989247311827957,1,0,0.03494812695780314,0.14386264311614586
1,0.4749352998469458,0.6000000000000001,0.37209302325581395,0.6385000000000001,0.4623673510492328,0.5344714009830474,0.3612903225806452,0,1,0.7107061553716016,0.3665206442065546
2,0.22864616668985668,0.15000000000000002,0.05813953488372093,0.035,0.15719608756404285,0.26806335193203124,0.10107526881720431,0,0,0.28609723906588624,0.10278417695775965
4,0.3583247530262975,0.8,0.16279069767441862,0.0935,0.3142033509988797,0.3806689900963341,0.09677419354838711,0,0,0.6562858608007336,0.3451977880280045
2,0.23437317378600245,0.15000000000000002,0.08139534883720931,0.07150000000000001,0.18494694041969312,0.26806335193203124,0.10860215053763442,0,0,0.4595981508834437,0.10509947816153625
3,0.6953833310143314,0.8,0.5930232558139534,0.913,0.6814348116164606,0.7845347416545145,0.7387096774193549,0,2,0.7008754294841355,0.6177283151454313
4,0.2624071239738416,0.7000000000000002,0.22093023255813954,0.0052499999999999995,0.1937713213912562,0.34474216124001333,0.3043010752688173,1,0,0.1892728020755532,0.24437998148035964
0,0.8215110616390704,1.0,0.313953488372093,0.64925,0.6929342010851094,0.887394361835697,0.7494623655913979,0,2,0.5071085691662127,0.8357844452329235
1,0.4787755669959649,0.55,0.26744186046511625,0.4485,0.38684399350445003,0.6098045729149659,0.7516129032258065,0,1,0.23315734960969903,0.35078777703737685
0,0.8488882704883817,0.8,0.7325581395348837,0.4305,0.6636035196817685,0.887394361835697,0.7892473118279572,1,2,0.435794845425711,0.7418455600460395
1,0.701577848893836,0.55,0.3372093023255814,0.26825,0.5533491106383515,0.7747887236713942,0.8354838709677421,1,1,0.37415859294053155,0.49629191799434025
4,0.13385835536385138,0.9000000000000001,0.26744186046511625,0.1905,0.11651078185777769,0.15377425947717205,0.24731182795698928,0,1,0.6506795070278504,0.1789720734208545
4,0.26241825518296924,0.5,0.24418604651162792,0.3925,0.18575888417527914,0.3519432918006205,0.3075268817204302,0,0,0.1227648047014076,0.1978607219198117
4,0.15120077918463895,0.55,0.22093023255813954,0.21999999999999997,0.13132088772517275,0.1756141229991386,0.2817204301075269,0,0,0.6171256744201565,0.13686048826079808
4,0.3860581605676917,0.8500000000000001,0.18604651162790697,0.28675,0.3550460101461499,0.3806689900963341,0.24946236559139787,0,1,0.8548930510805002,0.3830986646820075
0,0.8063726172255461,1.0,0.5116279069767442,0.32225,0.6704011883331864,0.887394361835697,0.5688172043010754,1,2,0.4523224895544109,0.8216610559656609
3,0.5486127730624738,0.8500000000000001,0.627906976744186,0.57325,0.47173932199549345,0.6751608853055273,0.424731182795699,0,2,0.35419612506486664,0.5195882408937891
0,0.5771977181021288,0.8,0.45348837209302323,0.4535,0.5409118946613125,0.6711183428954288,0.5408602150537636,1,1,0.5773294036927152,0.5221687018078286
0,0.6367997773758174,0.55,0.41860465116279066,0.75175,0.4934918616800312,0.8341262647020737,0.9559139784946239,1,1,0.10573501831276255,0.4539876939586164
4,0.29344093502156665,0.7000000000000002,0.19767441860465115,0.1825,0.24296000704943416,0.36353041196772723,0.24731182795698928,0,1,0.3726347262273795,0.2675423398786704
1,0.6211826909698066,0.6000000000000001,0.40697674418604646,0.29825,0.5364304686614887,0.7641137091734183,0.7526881720430109,1,1,0.34960631940370823,0.46657758777357583
1,0.7481675246973701,0.3500000000000001,0.2906976744186046,0.44725000000000004,0.7137300318483366,0.7747887236713942,0.49139784946236564,0,1,0.8128470304857112,0.41976651406713805
1,0.2795324892166411,0.6500000000000001,0.20930232558139536,0.26525,0.2384156396732084,0.33946658709201577,0.7720430107526883,0,1,0.4445404670600359,0.24499753359930074
2,0.07759565882844024,0.050000000000000044,0.10465116279069767,0.05175,0.05633882601744736,0.09376671489941504,0.061290322580645165,0,0,0.5588467926620477,0.029949373880383892
2,0.07282593571726725,0.9000000000000001,0.03488372093023256,0.06275,0.045229673082490984,0.09405385927673401,0.04193548387096774,0,0,0.4318182510721944,0.12582797504175572
1,0.6957617921246695,0.5,0.5116279069767442,0.06924999999999999,0.5557975301803899,0.7747887236713942,0.3408602150537635,1,1,0.380855732071848,0.46738552871842365
1,0.4700653958536246,0.6000000000000001,0.313953488372093,0.3065,0.4586223391533126,0.5279796859428751,0.4989247311827958,1,1,0.7183780909053541,0.36318883975318694
3,0.3632670098789481,0.75,0.5465116279069767,0.4455,0.3332053525346492,0.42408409389058116,0.6258064516129033,1,1,0.5725126491714045,0.33442576133895274
0,0.44054542924725193,0.7000000000000002,0.36046511627906974,0.3205,0.4203162174750437,0.5025195511539264,0.9924731182795701,0,1,0.6574102521016216,0.3773350756795584
1,0.1760066787254765,0.5,0.3023255813953488,0.249,0.1888241292060575,0.22990130115814905,0.5397849462365593,0,0,0.6947816387342127,0.14411568717385095
3,0.6791651593154305,0.8,0.6627906976744186,0.68925,0.5041289542919725,0.9103321303297656,0.4387096774193549,1,1,0.014151032041304079,0.6046150251399791
3,0.8093390844580493,0.8,0.5581395348837209,0.463,0.6032301514369518,1.0,0.3387096774193549,1,2,0.11173059350973635,0.7098678528467458
1,0.6545874495617087,0.45000000000000007,0.3372093023255814,0.53125,0.5949344780271655,0.7747887236713942,0.5516129032258066,0,1,0.48790666039710695,0.4179488200219813
1,0.2287686099902602,0.45000000000000007,0.24418604651162792,0.5225,0.1888241292060575,0.3060058217114931,0.6118279569892474,0,1,0.311051726008716,0.16634635189047453
2,0.21580631696117988,0.55,0.08139534883720931,0.24675,0.18816953889147647,0.2554740415852622,0.034408602150537634,0,0,0.5445349693794641,0.17905203672773531
3,0.4560567691665507,0.7000000000000002,0.4883720930232558,0.72125,0.42253804806203504,0.5319096227148092,0.5956989247311829,1,1,0.5700900161940499,0.38891210094069384
3,0.8348963406149993,0.9500000000000002,0.3372093023255814,0.65475,0.8097408074119765,0.9520299981420068,0.5311827956989248,1,2,0.6547223399642184,0.8188372435159625
4,0.3076721858911924,0.55,0.22093023255813954,0.249,0.21634839310666049,0.3806689900963341,0.17311827956989248,0,1,0.18044274363637358,0.23904632506295811
1,0.4069291776819257,0.55,0.34883720930232553,0.47550000000000003,0.29026674555319176,0.5508273699264123,0.30537634408602155,1,1,0.03117920411804631,0.3038674893771689
2,0.25327396688465287,0.4,0.046511627906976744,0.1525,0.1724593713415325,0.26806335193203124,0.16451612903225807,0,0,0.38152470814222506,0.16947824807664016
2,0.2522276332266592,0.75,0.09302325581395349,0.199,0.23479651053009226,0.26806335193203124,0.012903225806451615,0,0,0.771262297310084,0.24809740984656395
4,0.1366021984138027,0.8500000000000001,0.25581395348837205,0.27075,0.08130767003612835,0.19081588415131945,0.05268817204301077,1,1,0.1274234369426488,0.17364205169922026
3,0.2849032976207041,0.6500000000000001,0.5,0.5785,0.31470688201009583,0.36058577452973073,0.403225806451613,0,1,0.7471520074261011,0.24883906086384608
0,0.2899791289828858,0.9000000000000001,0.41860465116279066,0.234,0.2631956595626833,0.3384306152209041,0.5752688172043012,0,1,0.5802976053083266,0.31491454137928054
3,0.45412550438291355,0.6000000000000001,0.4883720930232558,0.28400000000000003,0.3694658794798525,0.5754767441205781,0.7075268817204303,0,1,0.2561303829722281,0.3522833678052496
3,0.3898260748573813,0.7000000000000002,0.5930232558139534,0.21250000000000002,0.31556917886680347,0.4935955543294052,0.4989247311827958,0,1,0.2717150610615602,0.33948023850527465
0,0.32801447057186583,0.7000000000000002,0.27906976744186046,0.34375,0.309319100190083,0.37412660251898816,0.8247311827956991,1,1,0.6602158502547011,0.2933466028575632
2,0.2680951718380409,0.9000000000000001,0.12790697674418605,0.09075,0.2417830033107164,0.26806335193203124,0.13333333333333333,0,0,0.8149424996501813,0.29585904303652866
2,0.12087936552107972,0.8,0.15116279069767444,0.08024999999999999,0.06365890809300218,0.17479210184053917,0.005376344086021504,1,0,0.06868642283118098,0.15321004214516282
4,0.25735912063447897,0.6500000000000001,0.23255813953488372,0.42750000000000005,0.22536159820742957,0.3062817055249957,0.27956989247311836,0,1,0.5181485510152044,0.2291377982397688
0,0.36524279949909555,0.6000000000000001,0.3372093023255814,0.3575,0.27606717103689626,0.4791989234900991,0.8215053763440862,1,1,0.15265252788660622,0.291473176810641
4,0.37812717406428276,0.5,0.18604651162790697,0.0,0.3025340198139453,0.3806689900963341,0.14086021505376345,0,0,0.5995409492922288,0.26982769811255447
0,0.3312480868234312,0.75,0.5465116279069767,0.47775,0.25176550560807665,0.43544037249945106,0.69247311827957,0,1,0.173534206854,0.30953242235164813
1,0.5191929873382496,0.75,0.36046511627906974,0.2515,0.3772831984289832,0.7001311855684615,0.6741935483870969,1,1,0.016935457506707774,0.45565151921629043
4,0.31817448170307494,0.7000000000000002,0.16279069767441862,0.11549999999999999,0.3073805057969008,0.3559520525192697,0.23655913978494628,0,1,0.7311452267221548,0.2860024404385867
4,0.04559899819117852,0.9000000000000001,0.16279069767441862,0.0,0.02906003348481223,0.05343137530896175,0.21290322580645163,1,0,0.6433729409545703,0.10212006611684682
4,0.15598163350493946,0.6000000000000001,0.1744186046511628,0.393,0.1263548131270535,0.18973487002494216,0.19462365591397854,1,0,0.48443505852725766,0.1483045875053006
0,0.7211298177264505,0.8500000000000001,0.5697674418604651,0.60125,0.6093480532232278,0.887394361835697,0.9634408602150539,0,2,0.30387975987997695,0.664442809792909
0,0.7029358564074022,0.55,0.4883720930232558,0.5985,0.694325205503594,0.7882901396872941,0.6666666666666669,1,2,0.7266411329670286,0.497178783761564
2,0.0320300542646445,0.25,0.13953488372093023,0.118,0.01869358879139968,0.03525682530924326,0.0935483870967742,1,0,0.724678157529907,0.03223109741850061
4,0.016852650619173515,0.6000000000000001,0.16279069767441862,0.2305,0.0,0.02182297267624192,0.21182795698924733,1,0,0.6138118744791232,0.05311779010497347
4,0.07593154306386532,0.4,0.12790697674418605,0.17425,0.04833268293911053,0.09756152490555206,0.3096774193548388,0,0,0.43596332471761734,0.07020743727986292
4,0.29811604285515514,0.7000000000000002,0.16279069767441862,0.25625,0.2624781278717003,0.35554104193996994,0.07204301075268817,1,1,0.5032943271762769,0.2710316478152882
4,0.3656435230276889,0.6500000000000001,0.20930232558139536,0.199,0.32662797870063826,0.3806689900963341,0.31182795698924737,0,1,0.716703582115614,0.30658935726463177
3,0.5128426325309586,0.8500000000000001,0.43023255813953487,0.7637499999999999,0.4505406664232933,0.6217576614061067,0.6526881720430109,1,2,0.4155971751788634,0.4895537112839996
1,0.48715736746904126,0.4,0.24418604651162792,0.3045,0.46699354221478123,0.5550669722032981,0.735483870967742,0,1,0.6610873063138738,0.30039895113064996
1,0.47208571031028235,0.6500000000000001,0.313953488372093,0.10675000000000001,0.43734185979179,0.5510976234580065,0.30537634408602155,0,1,0.5657613445858278,0.3827232525334695
4,0.3708918881313483,0.8,0.19767441860465115,0.13125,0.3483364594216946,0.3806689900963341,0.3193548387096775,0,1,0.822266257300529,0.35535901274739734
1,0.47019340475859184,0.7000000000000002,0.16279069767441862,0.21525,0.4196301564722618,0.5631126450501376,0.4150537634408603,0,1,0.4667033344829101,0.39946310351094305
2,0.15625434812856545,0.15000000000000002,0.1744186046511628,0.10775,0.11873261244476893,0.19709927876088762,0.14946236559139786,0,0,0.3814627285848582,0.07351777972012843
2,0.10064839293168218,0.3500000000000001,0.13953488372093023,0.15375,0.08095519832827705,0.11838793768403988,0.12473118279569895,0,0,0.6012515772070242,0.07744203958356771
1,0.4859496312786976,0.6000000000000001,0.36046511627906974,0.35000000000000003,0.38528934150732014,0.6257101193056738,0.7870967741935485,0,1,0.19173633029602044,0.3740562339359429
4,0.3386559064978433,0.8500000000000001,0.24418604651162792,0.2535,0.3284029255151752,0.37859141607220276,0.08817204301075268,0,1,0.734429170503814,0.3432971883032029
1,0.6717128148045081,0.8,0.15116279069767444,0.2755,0.620381676506502,0.7747887236713942,0.3537634408602151,1,1,0.5575121449932834,0.5985893918807821
1,0.32722415472380684,0.6000000000000001,0.37209302325581395,0.6517499999999999,0.2963720590641876,0.38411472262416185,0.7118279569892475,1,1,0.5557087051196918,0.265462255415264
4,0.18872965075831358,0.75,0.23255813953488372,0.24,0.15781920719042286,0.22784061797974225,0.2989247311827958,0,1,0.49158929994622613,0.19873045269270379
3,0.6688298316404618,0.9500000000000002,0.3953488372093023,0.7302500000000001,0.6593298002240713,0.7505897720298855,0.2580645161290323,1,2,0.7233340572104547,0.6690701236661966
2,0.2660859885905106,0.4,0.12790697674418605,0.16475,0.2289870214881859,0.26806335193203124,0.0946236559139785,1,0,0.7349408317606156,0.17665002206779573
2,0.18823987755669955,0.25,0.11627906976744187,0.22575,0.14113974244388777,0.2417699354206665,0.110752688172043,0,0,0.30504913162333636,0.10509895891928378
1,0.4499902601920134,0.55,0.23255813953488372,0.23125,0.32449426604060977,0.6073328791572594,0.45376344086021514,1,1,0.02945835681095743,0.33198913052884826
2,0.06471684986781687,0.9500000000000002,0.10465116279069767,0.234,0.03987336195067914,0.08243295741817797,0.046236559139784944,0,0,0.4752840143769965,0.12425069015949392
2,0.029147071100598276,0.55,0.09302325581395349,0.22525,0.0,0.05633097049169253,0.049462365591397855,1,0,0.21695186654027365,0.05715161008368454
0,0.2435118964797551,0.6500000000000001,0.3837209302325581,0.12625,0.25176550560807665,0.3126777057727281,0.9118279569892475,1,1,0.6372573589155761,0.2192334253545992
0,0.4284569361346876,0.9000000000000001,0.441860465116279,0.21600000000000003,0.3205478417402032,0.5673015747898498,0.5967741935483871,0,1,0.10279846130828019,0.43549436189454194
4,0.3490747182412689,0.3500000000000001,0.26744186046511625,0.15325,0.24046123440627398,0.3806689900963341,0.16559139784946236,0,0,0.2976971967049178,0.20877779027805424
2,0.23066648114651453,0.30000000000000004,0.046511627906976744,0.07,0.20876395725021712,0.26711746457145114,0.06881720430107528,0,0,0.6135378161021234,0.13553434354798233
1,0.40163628774175597,0.75,0.441860465116279,0.46149999999999997,0.36774757990407736,0.4708098034468586,0.3387096774193549,0,1,0.5541413741842611,0.36425622874352026
3,0.3038319187421734,0.7000000000000002,0.41860465116279066,0.70675,0.31470688201009583,0.3804888210752712,0.6290322580645162,0,1,0.6594964395786576,0.2752977421616055
0,0.6630972589397522,0.7000000000000002,0.5,0.4055,0.6613816890947772,0.7371446588330679,0.827956989247312,0,1,0.7635684130928386,0.5434385952766263
2,0.043094476137470444,0.10000000000000009,0.046511627906976744,0.0885,0.021204949709840243,0.055396343694928823,0.12473118279569895,0,0,0.5136685940388894,0.02295846927383971
4,0.030744399610407674,0.3500000000000001,0.3255813953488372,0.0,0.0,0.052772632325700564,0.1795698924731183,0,0,0.2507921784552276,0.040485837667563807
2,0.15518018644775286,0.0,0.10465116279069767,0.1585,0.0899558151537658,0.22067326911058444,0.10215053763440862,0,0,0.050143042638987056,0.04819260425951727
4,0.08715736746904129,0.25,0.23255813953488372,0.33625000000000005,0.04680950163018166,0.1216309800631718,0.18817204301075272,0,0,0.23425987670925874,0.057946569972220544
1,0.4144928342841241,0.5,0.3837209302325581,0.22625,0.39691461372877307,0.47074224006396,0.3096774193548388,1,1,0.6747974717935337,0.2924458906302736
4,0.14656463058299704,0.8,0.23255813953488372,0.112,0.13067259154823202,0.16681399237659827,0.2806451612903227,0,0,0.6747976921121295,0.17397800143657022
0,0.7841046333657994,0.75,0.5813953488372092,0.7637499999999999,0.7006130490061557,0.887394361835697,0.6193548387096776,0,2,0.525778685681966,0.6616089586596627
4,0.16701266175038262,0.6500000000000001,0.11627906976744187,0.08274999999999999,0.149687181359282,0.191170591911537,0.10322580645161292,0,0,0.6567625053745789,0.16451654219276005
1,0.2947432864894949,0.7000000000000002,0.36046511627906974,0.6990000000000001,0.20277823235438514,0.40210910360281743,0.6344086021505377,0,1,0.049578279232392664,0.2685143613752996
3,0.8827438430499511,0.8500000000000001,0.6627906976744186,0.5920000000000001,0.7535404524226137,1.0,0.7473118279569894,0,2,0.44064448470765627,0.8001426185386793
4,0.0027160150271323125,0.55,0.15116279069767444,0.37825,0.0,0.003586489575533064,0.12580645161290324,1,0,0.9088680717906816,0.03989043988472821
2,0.21245025740921106,0.9500000000000002,0.15116279069767444,0.17825000000000002,0.1353869006407432,0.26806335193203124,0.15268817204301077,0,1,0.1497441750042312,0.25748409820601803
1,0.7099596493669125,0.6000000000000001,0.25581395348837205,0.43025,0.6699354221478115,0.7747887236713942,0.8182795698924733,0,1,0.6930560431445805,0.5273154310143399
4,0.2727146236259913,0.9000000000000001,0.20930232558139536,0.16449999999999998,0.26006117901786274,0.3063098569345367,0.0956989247311828,1,1,0.7157725651079223,0.29988143968568537
0,0.8305885626826214,0.8500000000000001,0.37209302325581395,0.6832499999999999,0.6432671609662761,0.887394361835697,0.5215053763440861,1,2,0.3863496434073508,0.7563502462073681
4,0.08320022262418256,0.8,0.13953488372093023,0.41225,0.02839285489495086,0.1301045543350356,0.05698924731182796,0,1,0.0002759238326368596,0.12274436838507008
2,0.1782663141783776,0.050000000000000044,0.06976744186046513,0.153,0.11563589672578961,0.24440490735371123,0.1817204301075269,0,0,0.12269068041211573,0.06438690471039264
2,0.16028941143731737,0.0,0.10465116279069767,0.00575,0.14085650625007867,0.18547837690233154,0.14086021505376345,0,0,0.6260267987022134,0.04978148555208432
0,0.3732016140253235,0.8500000000000001,0.41860465116279066,0.112,0.35659436800563954,0.42326207273198174,0.6731182795698926,1,1,0.6805056130740368,0.372303618253096
0,0.5383720606650896,0.8,0.45348837209302323,0.53925,0.4193406261408125,0.7013135447691867,0.5967741935483871,0,2,0.14004634502929147,0.49077600754632067
1,0.6299819117851676,0.6000000000000001,0.36046511627906974,0.82775,0.61690101839147,0.7099447669344805,0.6849462365591399,0,2,0.7055814855630793,0.47259768244874656
4,0.006138861833866707,0.45000000000000007,0.22093023255813954,0.11875,0.0,0.007893655235317654,0.17419354838709677,0,0,0.8319337842662595,0.03480169272974307
0,0.7383720606650896,0.6500000000000001,0.627906976744186,0.1855,0.6736930223190121,0.878442213601635,0.9827956989247315,0,2,0.47765176371666107,0.5731873685668049
2,0.005315152358424918,0.20000000000000007,0.06976744186046513,0.16674999999999998,0.0,0.026715687654480874,0.015053763440860218,0,0,0.5466352389266576,0.01613285678433273
3,0.7295895366634201,0.75,0.3255813953488372,0.1185,0.612998653054545,0.9149545917764101,0.5387096774193549,0,1,0.2651944703796245,0.6192258098015629
3,0.3817058577988034,0.8,0.5581395348837209,0.38899999999999996,0.3760117826256624,0.42310442483855165,0.6268817204301076,0,1,0.7682524425878337,0.36410270611753914
3,0.6360428551551411,0.7000000000000002,0.36046511627906974,0.32399999999999995,0.5752401213509737,0.7594743568810491,0.6623655913978496,0,1,0.4672028647849271,0.5232463025624605
2,0.07459579796855431,0.55,0.09302325581395349,0.0,0.04254207631012474,0.10003884894516671,0.12365591397849465,1,0,0.3518209001521124,0.08683253571953994
1,0.7368804786419924,0.5,0.40697674418604646,0.30275,0.6144085398859502,0.7747887236713942,0.4365591397849463,0,1,0.5411738801202255,0.49295994046022173
0,0.2839070544037846,0.9000000000000001,0.4767441860465116,0.44675,0.25176550560807665,0.3895310538198648,0.7774193548387098,0,1,0.3211022661680216,0.3096272706030999
2,0.001664115764574911,0.7000000000000002,0.12790697674418605,0.0975,0.0,0.011384430018411051,0.08064516129032259,1,0,0.7731194588475818,0.04977213919153982
4,0.1722999860859886,0.45000000000000007,0.16279069767441862,0.0,0.11126147106584927,0.2362466288687075,0.34193548387096784,1,0,0.12911289406900028,0.13298088323107146
3,0.7059579796855433,0.8500000000000001,0.6976744186046512,0.517,0.5687760419944865,0.9067005984989669,0.5344086021505378,0,2,0.17366076364242233,0.651703720370739
3,0.3460303325448727,0.8,0.6511627906976744,0.7240000000000001,0.33866866400634454,0.3843230430547658,0.4688172043010754,0,1,0.759081074330034,0.33525706818516177
2,0.21302351467928202,0.45000000000000007,0.13953488372093023,0.2025,0.13347348279812182,0.26806335193203124,0.15698924731182798,0,0,0.13778130877775396,0.1570430884529177
4,0.05939056630026435,0.9000000000000001,0.23255813953488372,0.12825,0.03913065370913532,0.07232660139293179,0.2935483870967742,0,0,0.5658587503919439,0.11412910093203982
1,0.5222596354529011,0.55,0.3255813953488372,0.52675,0.40072886113873535,0.6853629561232131,0.7258064516129032,1,1,0.11544693665129713,0.3791856550673717
0,0.26557951857520523,0.7000000000000002,0.5,0.62,0.25176550560807665,0.34228735832803153,0.7215053763440861,1,1,0.5031636796674068,0.24674772615163607
3,0.9369472658967579,0.8500000000000001,0.4883720930232558,0.2515,0.8759047822857791,1.0,0.2580645161290323,1,2,0.7084060926293827,0.8456547212101806
4,0.22738277445387503,0.9000000000000001,0.18604651162790697,0.22025,0.2075554828232984,0.2615547460461346,0.2010752688172043,0,1,0.6359540597941262,0.2604086436526961
4,0.23498539028802004,0.6500000000000001,0.25581395348837205,0.31975000000000003,0.2012235803572553,0.28260073981904277,0.06989247311827958,0,0,0.4886097613799072,0.21313475201855425
3,0.6764213162654793,0.9000000000000001,0.5348837209302325,0.45475,0.5160248744319542,0.8941338092798305,0.7774193548387098,1,2,0.06666644127290633,0.6514098292558395
1,0.5786169472658967,0.4,0.3837209302325581,0.30974999999999997,0.4816462946411712,0.7270045211163725,0.3526881720430108,1,1,0.2711145061823119,0.35159519873997214
2,0.02428273271184081,0.10000000000000009,0.023255813953488372,0.04675,0.0,0.040926519190815885,0.061290322580645165,1,0,0.3738433439688431,0.015938314020406213
3,0.5757117016835953,0.7000000000000002,0.6162790697674418,0.6687500000000001,0.5421203690882312,0.6670307582300645,0.3225806451612904,1,1,0.5917068363199907,0.4782176144280115
4,0.09793237790454987,0.75,0.23255813953488372,0.0,0.0757940054633115,0.11750398342445006,0.04086021505376344,0,0,0.556603419148914,0.12813946846901422
0,0.3868707388340058,0.75,0.4883720930232558,0.11674999999999999,0.3130892886365639,0.48984015629662586,0.895698924731183,1,1,0.27249732529831605,0.3527766479450988
4,0.37361346876304435,0.45000000000000007,0.19767441860465115,0.27,0.32212137615025366,0.3806689900963341,0.03870967741935484,0,0,0.6947891502709054,0.25193045615431875
1,0.3720940587171281,0.6000000000000001,0.22093023255813954,0.22349999999999998,0.32396555847883285,0.45021423222660756,0.8053763440860217,1,1,0.439766608093469,0.2961605497044647
0,0.26657019618756084,0.8500000000000001,0.37209302325581395,0.55875,0.25176550560807665,0.34409467882056854,0.989247311827957,0,1,0.49552577687471766,0.2827701574169429
2,0.04509809378043689,0.0,0.18604651162790697,0.0027500000000000003,0.013821926257883421,0.06605446734718007,0.10215053763440862,0,0,0.30815746939785793,0.013958962553979548
3,0.456485320717963,0.8500000000000001,0.36046511627906974,0.62525,0.4017988645375697,0.5513340952981516,0.47634408602150546,0,1,0.43575480571723935,0.4422330878471351
2,0.22803395018783915,0.30000000000000004,0.11627906976744187,0.12925,0.20102846209040898,0.26806335193203124,0.043010752688172046,1,0,0.5601413193329472,0.13422446842574404
1,0.6134743286489494,0.5,0.3837209302325581,0.56625,0.5304573320409371,0.7538722263823749,0.6935483870967744,1,1,0.3542179642354635,0.4162055506996789
1,0.3278419368303882,0.6500000000000001,0.27906976744186046,0.1045,0.26167877239139464,0.41639312880395923,0.6376344086021506,0,1,0.2767576062363166,0.2795513746938634
1,0.216919437873939,0.6000000000000001,0.3255813953488372,0.31725000000000003,0.2003801659134682,0.2468034074466109,0.5516129032258066,0,1,0.6723961469003126,0.18999593260235562
1,0.4772394601363572,0.45000000000000007,0.3255813953488372,0.13125,0.3518359999496469,0.6380122852751238,0.4225806451612904,0,0,0.056874831091064726,0.313159675646673
4,0.06626965354111589,0.55,0.10465116279069767,0.065,0.02809703042586134,0.09611454245514076,0.1806451612903226,0,0,0.22403480447788615,0.08139503085164385
1,0.25355224711284263,0.5,0.3837209302325581,0.472,0.1888241292060575,0.332592012882085,0.4000000000000001,1,1,0.20701424768297572,0.19234636919854958
2,0.172016140253235,0.30000000000000004,0.12790697674418605,0.0965,0.1474212918088093,0.20332637055137354,0.034408602150537634,0,0,0.5608170811256146,0.10635154431299923
0,0.557601224433004,0.8,0.4883720930232558,0.539,0.543360314203351,0.6292853483173901,0.7311827956989249,0,2,0.6994644616415784,0.5063238513928674
0,0.699128982885766,0.6000000000000001,0.43023255813953487,0.21925,0.6944259117058371,0.7804921992444163,0.9677419354838712,1,1,0.7459280774868582,0.51990549791005
0,0.6423264227076666,0.8500000000000001,0.627906976744186,0.541,0.6394277370057528,0.7147642882479126,0.5870967741935484,1,2,0.7590483110727291,0.598275250318036
4,0.38764435786837337,0.75,0.24418604651162792,0.31899999999999995,0.364619393496897,0.3806689900963341,0.2526881720430108,1,1,0.9014459153763121,0.3533781035542133
4,0.0835063308751913,0.8,0.12790697674418605,0.0,0.0433099611022294,0.11738574750437755,0.12903225806451615,0,0,0.22879729054685782,0.1229918738587488
0,0.5616585501600111,0.7000000000000002,0.46511627906976744,0.52525,0.4739170936190033,0.6996075693509975,0.9795698924731184,1,2,0.3062768647517544,0.46772892092805907
2,0.2352970641435926,0.55,0.11627906976744187,0.0625,0.20088999106232452,0.26806335193203124,0.14086021505376345,1,0,0.5592755855928726,0.1917807413048558
4,0.2940420203144566,0.3500000000000001,0.1744186046511628,0.25375000000000003,0.2768665265172019,0.334421854502255,0.21827956989247316,1,0,0.6714207867313855,0.1796836083874932
0,0.4023041602894114,0.7000000000000002,0.627906976744186,0.19474999999999998,0.35023728898903567,0.4878301456553929,0.8096774193548388,0,1,0.42735565822682564,0.3487933675456284
0,0.33200500904410746,0.75,0.313953488372093,0.6495,0.30175354674656024,0.3889736559109515,0.681720430107527,1,1,0.5622148192883218,0.31012089690445077
2,0.15983859746764992,0.75,0.13953488372093023,0.0,0.12940117574491117,0.1948021237423358,0.09892473118279571,0,0,0.47674702278814296,0.17626889825448064
4,0.3514623625991373,0.8,0.22093023255813954,0.199,0.2651720187817067,0.3806689900963341,0.20860215053763442,0,1,0.4178592908701768,0.3396491653180792
0,0.2860776401836649,0.5,0.627906976744186,0.6655,0.25176550560807665,0.3602423273333296,0.7150537634408604,1,1,0.4298039170936496,0.2125760473548934
2,0.1890969806595241,0.6500000000000001,0.08139534883720931,0.2375,0.12055791236042751,0.2619094538063521,0.11290322580645162,0,0,0.08147159129760673,0.18031258383598867
0,0.8311228607207457,0.8500000000000001,0.34883720930232553,0.5245,0.6666687647125469,0.887394361835697,0.8118279569892475,0,2,0.44324758865781955,0.7567988715135047
0,0.5906998747738973,0.6000000000000001,0.34883720930232553,0.7132499999999999,0.5794823701204699,0.6639397334624544,0.670967741935484,0,2,0.7163630914204318,0.44572239578375294
0,0.6166300264366217,0.9500000000000002,0.46511627906976744,0.5835,0.4982691121489445,0.7890445974629949,0.9989247311827958,1,2,0.19690264887692432,0.6219937171687451
2,0.1962153888966189,0.8,0.05813953488372093,0.0,0.13188736011279095,0.2661828377746874,0.18709677419354842,1,0,0.13559123601883916,0.21412338926726265
4,0.13032419646584106,0.5,0.13953488372093023,0.129,0.09375747428844775,0.16697164027002837,0.24408602150537637,0,0,0.3632171150196175,0.11570275111853434
0,0.7515903715041046,0.8500000000000001,0.16279069767441862,0.45175,0.6000327295157291,0.887394361835697,0.7860215053763442,1,2,0.28123076607398056,0.6900191254229662
0,0.5467371643244747,0.8,0.313953488372093,0.61825,0.49435415853673886,0.6511421026850814,0.9397849462365593,0,2,0.4826955429479032,0.49753965712703274
0,0.6814804508139696,0.8,0.45348837209302323,0.44775000000000004,0.6711753672629313,0.7655832127514626,0.6290322580645162,1,1,0.7189564370899852,0.6064870665408947
4,0.05630165576735771,0.55,0.24418604651162792,0.0535,0.03761376653784665,0.06742825613278458,0.2505376344086022,0,0,0.5984293538689089,0.0748852907323912
4,0.1406038680951718,0.6500000000000001,0.23255813953488372,0.06725,0.08606603809212102,0.1946613666946304,0.26774193548387104,0,0,0.14466374921703173,0.14562737445155036
3,0.44606650897453726,0.7000000000000002,0.5116279069767442,0.45125,0.4299147773763517,0.5050982202678889,0.4698924731182797,0,1,0.686135767916243,0.38145578219518317
0,0.35296507583136216,0.6000000000000001,0.4767441860465116,0.47875,0.25176550560807665,0.4822674271300765,0.9655913978494626,0,1,0.04596205792418884,0.2830732218116362
3,0.8486767775149575,0.8500000000000001,0.5697674418604651,0.4605,0.756423167461826,1.0,0.6569892473118281,0,2,0.4469525355501103,0.7715380820922002
0,0.7665507165715875,0.7000000000000002,0.2906976744186046,0.5655,0.7529173327962337,0.8645804595436093,0.9526881720430109,1,2,0.702156642086375,0.6206519951883551
2,0.23430082092667312,0.75,0.03488372093023256,0.107,0.21926887297171416,0.26507930252067724,0.03978494623655915,0,0,0.6906452511910406,0.2341600823864374
0,0.25235007652706276,0.55,0.5348837209302325,0.49,0.25176550560807665,0.30517253998907723,0.9365591397849464,0,1,0.674171445365374,0.20291744913589435
3,0.32345067482955336,0.8,0.5813953488372092,0.6645,0.31470688201009583,0.43210161532787955,0.4634408602150539,0,1,0.46131184299066175,0.3170001644267133
2,0.11773479894253511,0.4,0.0,0.19224999999999998,0.08536738881405859,0.14900541070091383,0.15376344086021507,0,0,0.40869429446523386,0.09360760862980624
0,0.6829887296507583,0.75,0.46511627906976744,0.5595,0.6413537431236547,0.7953111012268386,0.6000000000000001,1,1,0.5681326648825757,0.582995681635267
4,0.20522610268540417,0.5,0.16279069767441862,0.06375,0.1569380279207946,0.26200516859879175,0.3376344086021506,1,0,0.312088240763871,0.16228916601040214
2,0.04298316404619448,0.75,0.046511627906976744,0.1535,0.0,0.07703351706819961,0.07526881720430108,0,0,0.0435872082504114,0.08541881214680708
0,0.5113788785306803,0.5,0.6046511627906976,0.15175,0.42589282342426266,0.6408330565111395,0.6978494623655915,1,1,0.2891582734352869,0.35270568483726084
1,0.2639154028106303,0.3500000000000001,0.34883720930232553,0.454,0.20768765971374265,0.33535085101711043,0.6849462365591399,0,1,0.29764266768504855,0.16375654461589054
4,0.356593850006957,0.7000000000000002,0.19767441860465115,0.06275,0.28974433212905504,0.3806689900963341,0.0903225806451613,0,1,0.5373480365709333,0.3146770745891495
1,0.7587811326005287,0.30000000000000004,0.18604651162790697,0.53425,0.6889877767847028,0.7747887236713942,0.6333333333333334,1,1,0.7451697710378833,0.3983096933874499
1,0.6801947961597328,0.5,0.3255813953488372,0.40974999999999995,0.6465212301262604,0.7747887236713942,0.6322580645161291,1,1,0.6290114221458725,0.45770339151731243
4,0.13396966745512728,0.8500000000000001,0.18604651162790697,0.29175,0.0795138408086708,0.18709989809189753,0.34946236559139787,0,1,0.13242709467870273,0.17143163743044318
2,0.1569667455127313,0.5,0.11627906976744187,0.08825,0.09676607208046425,0.21819031478906148,0.11505376344086024,0,0,0.10995342979787903,0.13227350220245257
3,0.33575066091554195,0.8500000000000001,0.4767441860465116,0.1935,0.31470688201009583,0.44112132694484013,0.7591397849462367,0,1,0.4303801115846233,0.34085778820108525
2,0.27398914707110056,0.5,0.15116279069767444,0.28425,0.23480280466773246,0.26806335193203124,0.13333333333333333,1,0,0.7713016488437237,0.205057419539086
4,0.11334353694170027,0.8,0.18604651162790697,0.3265,0.05681718047810269,0.16567104514923064,0.1602150537634409,0,0,0.05943543561292519,0.14711690739314426
4,0.21219980520384027,0.8,0.20930232558139536,0.10500000000000001,0.1538287239265348,0.2788960143234372,0.3161290322580646,1,1,0.2182634435516959,0.22704767509281457
0,0.7150243495199665,0.6000000000000001,0.41860465116279066,0.421,0.7107340223316003,0.7980643090799555,0.7494623655913979,1,2,0.7470149934879087,0.5307805076458422
1,0.45644636148601636,0.6000000000000001,0.43023255813953487,0.7342500000000001,0.44994901748511434,0.5081779844716825,0.4268817204301076,0,1,0.7534344466797516,0.3538712106133116
3,0.9177236677334075,0.8,0.6976744186046512,0.5305,0.8572237817696597,1.0,0.5204301075268818,0,2,0.6675277194843965,0.7975027909271072
0,0.414086545150967,0.6500000000000001,0.3255813953488372,0.70825,0.29233122269917805,0.5634617225284471,0.5634408602150539,1,1,0.010798339526175482,0.3412387389336494
0,0.5479782941422012,0.8500000000000001,0.5581395348837209,0.5225,0.4716574982061708,0.6739503746952611,0.5258064516129033,1,2,0.3567251273757144,0.5190554983427519
1,0.6344622234590231,0.4,0.23255813953488372,0.43025,0.5660632686715592,0.7644740472155442,0.5053763440860216,1,1,0.43085763060919025,0.38285565930785015
0,0.6248615555864755,0.9000000000000001,0.5116279069767442,0.52525,0.4868578406072584,0.8159066724470894,0.6451612903225807,0,1,0.11912496643828319,0.6065140671380232
1,0.5671072770279671,0.6500000000000001,0.441860465116279,0.419,0.5204559473306563,0.6690069871798481,0.4419354838709678,1,1,0.5194053346917282,0.4506884286864037
3,0.4110811186865172,0.6500000000000001,0.5581395348837209,0.39725000000000005,0.3446355064892559,0.510599005692215,0.2806451612903227,1,1,0.33732794928032916,0.33908907600841176
0,0.49602894114373164,0.8,0.34883720930232553,0.23550000000000001,0.4486398368559524,0.5894342129710435,0.5956989247311829,1,1,0.49485646854253007,0.45653925038726817
1,0.7204730763879226,0.45000000000000007,0.37209302325581395,0.13674999999999998,0.6787912738075756,0.7747887236713942,0.8053763440860217,1,1,0.7172793715707042,0.4568784886588838
1,0.5893752608877139,0.4,0.2906976744186046,0.35275,0.4920756807109858,0.7394474441335277,0.46236559139784955,1,1,0.2755781217656237,0.35761737038415276
4,0.03582579657715318,0.9000000000000001,0.10465116279069767,0.26075000000000004,0.003512128803232678,0.05651113951275541,0.26344086021505386,1,0,0.2626759406990322,0.09361003176031779
0,0.2969250034785028,0.55,0.37209302325581395,0.35975,0.275840582081849,0.34117819279211314,0.841935483870968,1,1,0.6348460448886535,0.23202772753628206
4,0.20921107555308197,0.6500000000000001,0.20930232558139536,0.12325,0.1972268029557271,0.23403392807877887,0.07634408602150537,0,0,0.727278471147123,0.1946994020060059
2,0.19242521218867395,0.4,0.12790697674418605,0.132,0.1370233764271957,0.253925714060503,0.0978494623655914,0,0,0.22113168436834774,0.13541699479892344
1,0.3182134409350216,0.30000000000000004,0.37209302325581395,0.1215,0.3019927239768879,0.3608503977794168,0.7516129032258065,0,1,0.681597443522681,0.1790953069154414
0,0.4376401836649505,0.75,0.5930232558139534,0.31925000000000003,0.32851621999269887,0.5787591984730676,0.6268817204301076,0,1,0.10486528539869244,0.3922477131705797
0,0.6930624739112285,0.8,0.40697674418604646,0.20475,0.5582459497224286,0.887394361835697,0.7784946236559142,0,1,0.17963166480505643,0.6158517736449941
0,0.8682120495338805,0.6500000000000001,0.26744186046511625,0.25325,0.705579123604275,0.887394361835697,0.570967741935484,0,2,0.5378530479204329,0.6660567877943455
0,0.6333435369417002,0.55,0.24418604651162792,0.34049999999999997,0.49814952353378067,0.8229726762418994,0.8118279569892475,1,1,0.13650873101008787,0.45173054788711675
4,0.32613886183386664,0.30000000000000004,0.10465116279069767,0.17675,0.23054796762295598,0.3806689900963341,0.3376344086021506,0,0,0.24949156799623662,0.18303877874222219
4,0.24908306664811466,0.6500000000000001,0.18604651162790697,0.0555,0.18042774959402813,0.3297261993908035,0.3075268817204302,0,0,0.1722522489165339,0.223218263480827
0,0.4682677055795186,0.7000000000000002,0.3372093023255814,0.4895,0.4551983282770428,0.5273997669063291,0.8752688172043012,0,1,0.7074210213898289,0.39802584095609816
1,0.4996911089467092,0.45000000000000007,0.43023255813953487,0.34675,0.4756290990571382,0.5727066454217362,0.7967741935483873,1,1,0.6373949065391182,0.32642562287435206
2,0.25169890079309865,0.10000000000000009,0.10465116279069767,0.07375,0.23949823134732312,0.26806335193203124,0.03655913978494624,0,0,0.8006578929389601,0.10080534473358546
4,0.05282315291498538,0.8500000000000001,0.13953488372093023,0.21525,0.029129268998854457,0.06798565404169787,0.26559139784946245,0,0,0.4847064754762873,0.10329666906095036
1,0.5916627243634338,0.6000000000000001,0.23255813953488372,0.188,0.4494706630244591,0.7747887236713942,0.7000000000000002,1,1,0.09002084429465218,0.44638114112139016
4,0.3550076527062752,0.9000000000000001,0.15116279069767444,0.20400000000000001,0.2926144588929871,0.3806689900963341,0.34946236559139787,0,1,0.551304713835161,0.3715382551729509
3,0.36018923055516905,0.75,0.7325581395348837,0.5605,0.3262440363045859,0.4240897241724893,0.34623655913978507,1,1,0.5413122645203436,0.3320329199588068
1,0.212261026854042,0.7000000000000002,0.23255813953488372,0.45449999999999996,0.1888241292060575,0.26756788712410834,0.7236559139784947,1,1,0.486315334065502,0.20695299992211366
2,0.11023792959510226,0.6000000000000001,0.10465116279069767,0.13125,0.05051045456262038,0.1650235627297859,0.13763440860215054,0,0,0.009479892450385607,0.11700847230275285
4,0.17498260748573816,0.75,0.19767441860465115,0.31925000000000003,0.15695061619607498,0.20080400425649314,0.16881720430107527,1,1,0.6484326839329733,0.18804271632930347
0,0.3351106163907054,0.8,0.40697674418604646,0.44925,0.25176550560807665,0.45987016569919664,0.9784946236559142,1,1,0.10443541428345338,0.3264278729241128
1,0.6786419924864339,0.6000000000000001,0.25581395348837205,0.29325,0.58042019662886,0.7747887236713942,0.5129032258064518,1,1,0.4482058818962953,0.5058890725467968
3,0.928281619590928,0.8500000000000001,0.7441860465116279,0.5065,0.8138760558415892,1.0,0.27311827956989254,1,2,0.5726728152224274,0.8383785795262781
3,0.29366912480868235,0.9000000000000001,0.5697674418604651,0.24375000000000002,0.31470688201009583,0.3813502542072282,0.6806451612903227,1,1,0.6558578329589857,0.3181276124375828
1,0.739507443996104,0.55,0.3255813953488372,0.15125,0.6921914928435655,0.7747887236713942,0.3279569892473119,1,1,0.7539328656852871,0.5210623696485596
3,0.6368554334214553,0.55,0.4883720930232558,0.59625,0.599504021953952,0.7394080321601704,0.6290322580645162,0,1,0.5815186454859533,0.45402404091628945
3,0.5628718519549186,0.6500000000000001,0.6976744186046512,0.5497500000000001,0.5396278905827112,0.6432822291412132,0.4989247311827958,1,1,0.647790219659435,0.44765899630472605
3,0.3453012383470154,0.7000000000000002,0.7209302325581395,0.67125,0.31470688201009583,0.46965559565567444,0.34301075268817216,1,1,0.33869493110657567,0.3062487343470096
3,0.7942173368582162,0.75,0.5697674418604651,0.736,0.714869270761213,0.9545861461283365,0.6860215053763442,0,2,0.4333386474094314,0.6694711517658565
1,0.7443495199666064,0.30000000000000004,0.313953488372093,0.66275,0.5693173378315437,0.7747887236713942,0.5688172043010754,0,1,0.41783633580981117,0.39112891919725146
2,0.050708223180743,0.7000000000000002,0.046511627906976744,0.20575,0.027058497715228058,0.06556463282116537,0.0849462365591398,0,0,0.4829483894116031,0.08637664102186876
4,0.24352859329344648,0.8500000000000001,0.24418604651162792,0.06675,0.15935497677463212,0.3373439708126186,0.2,1,1,0.032977840166602324,0.26342319108980294
4,0.3887686099902602,0.75,0.23255813953488372,0.035750000000000004,0.3532018278175707,0.3806689900963341,0.19677419354838713,1,1,0.8459252738032659,0.3542521613458759
3,0.37169333518853487,0.6500000000000001,0.5581395348837209,0.2195,0.31470688201009583,0.4910731880345249,0.367741935483871,0,1,0.2754470699079896,0.3109165491159901
1,0.38830109920690137,0.55,0.27906976744186046,0.11124999999999999,0.37768602323795614,0.43493927740961996,0.7645161290322582,1,1,0.7280979014411402,0.29170216264398163
0,0.6012689578405455,1.0,0.313953488372093,0.3785,0.5134631604123918,0.7443795710851242,0.9096774193548388,1,2,0.3261540949660813,0.630309901084351
0,0.5322721580631696,0.7000000000000002,0.36046511627906974,0.7377499999999999,0.44502070771283625,0.6660004166408613,0.8720430107526883,1,2,0.29233151637172816,0.44579612818360415
3,0.750761096424099,0.8,0.6976744186046512,0.37150000000000005,0.5906733468447489,0.9777660167444584,0.4333333333333334,1,2,0.11583699311591888,0.6625043053836769
3,0.4200250452205371,0.75,0.7558139534883721,0.61075,0.31470688201009583,0.5680053600283768,0.37956989247311834,1,1,0.0804529948947168,0.37855269876160724
1,0.4152163628774175,0.7000000000000002,0.13953488372093023,0.513,0.3869132290184922,0.48114700103034164,0.7655913978494625,1,1,0.5972234809783747,0.3584305037515253
4,0.35030471684986786,0.6000000000000001,0.20930232558139536,0.111,0.3284406903410164,0.3806689900963341,0.15698924731182798,0,1,0.7255183256509159,0.281253104635968
1,0.5661778210658132,0.5,0.16279069767441862,0.50775,0.5558856481073529,0.6354279858792531,0.8139784946236561,1,1,0.7223838006723,0.3867887462895814
4,0.3328788089606233,0.45000000000000007,0.18604651162790697,0.2535,0.27565805209028316,0.3806689900963341,0.33978494623655925,0,1,0.4688501336820263,0.2278616738639412
4,0.206211214693196,0.8500000000000001,0.27906976744186046,0.36975,0.13975503216304336,0.2793689580037273,0.3376344086021506,1,1,0.13074163812168127,0.23208951736432634
1,0.5265507165715876,0.5,0.43023255813953487,0.4745,0.3986517957174687,0.6958972135734838,0.7827956989247313,0,1,0.08872490868961891,0.36214204737220157
0,0.7011938221789341,0.75,0.4767441860465116,0.42225,0.5240436057855713,0.887394361835697,0.7860215053763442,0,1,0.09647312943898623,0.5971493600339239
2,0.08407402254069848,0.4,0.15116279069767444,0.051500000000000004,0.06915998439053866,0.09539949665279743,0.16989247311827957,0,0,0.6864441179553522,0.07476534577206997
1,0.398608598859051,0.30000000000000004,0.20930232558139536,0.16825,0.35043870139352207,0.4801729622602204,0.31182795698924737,1,0,0.4523130272238538,0.21909773004595293
0,0.3720217058577988,0.9500000000000002,0.27906976744186046,0.42500000000000004,0.36322209494077223,0.4149517766354562,0.735483870967742,1,1,0.7439366519794006,0.40139364620563733
1,0.536262696535411,0.9000000000000001,0.3953488372093023,0.33825,0.38833570412517787,0.7247805597626273,0.3903225806451614,1,1,0.005468538791952415,0.5293664379116076
4,0.15662167802977597,0.8,0.1744186046511628,0.23825,0.10800110776822466,0.20744210662627882,0.26021505376344095,1,1,0.24432668527645807,0.18210968127179736
0,0.8214832336162515,0.8,0.41860465116279066,0.7492500000000001,0.7570211105376452,0.887394361835697,0.8290322580645163,0,2,0.6629275252017888,0.7196870700025096
0,0.8100626130513426,0.6500000000000001,0.6511627906976744,0.48050000000000004,0.7869812057050063,0.887394361835697,0.8236559139784948,1,2,0.7357715863616139,0.6244647910482637
0,0.23374982607485736,0.6500000000000001,0.34883720930232553,0.41674999999999995,0.25176550560807665,0.26248374256099005,0.6021505376344086,0,1,0.911260365817433,0.21225100170484537
4,0.3392180325587867,0.5,0.23255813953488372,0.20199999999999999,0.29325016679464744,0.3806689900963341,0.2053763440860215,0,0,0.5543959954221938,0.24562754753230118
3,0.38080979546403226,0.75,0.5581395348837209,0.64825,0.31470688201009583,0.5078120161476485,0.3236559139784947,0,1,0.22899153374464154,0.34806452450390735
2,0.05310143314317514,0.45000000000000007,0.06976744186046513,0.25375000000000003,0.032584750563325326,0.0654632877468175,0.0010752688172043015,0,0,0.5550893116910636,0.06255034486339602
2,0.06315848058995405,0.6000000000000001,0.08139534883720931,0.05675,0.024994020569241826,0.09260124654441451,0.058064516129032254,0,0,0.21650644922986073,0.08479849073585281
0,0.2898845137053012,0.5,0.5348837209302325,0.39149999999999996,0.25176550560807665,0.3595666935043438,0.5516129032258066,0,1,0.4324661745301923,0.2149437920261698
3,0.39929316822039795,0.75,0.5465116279069767,0.6105,0.3838920429511952,0.45163869354938596,0.26559139784946245,1,1,0.6906312829385486,0.3624345538410946
2,0.10713232224850425,0.5,0.12790697674418605,0.0945,0.07996072458112516,0.1323904487897709,0.003225806451612901,0,0,0.47880648632654177,0.10127820134483745
2,0.07008209266731599,0.050000000000000044,0.06976744186046513,0.21375000000000002,0.04329737282694901,0.0902252675791477,0.025806451612903226,0,0,0.44371271099690746,0.02737912473064308
3,0.48697926812299974,0.7000000000000002,0.3953488372093023,0.49625,0.3637633907778296,0.6470488877378089,0.7774193548387098,1,1,0.07688253154894809,0.41199138057860896
0,0.6014136635592041,0.8,0.43023255813953487,0.50325,0.5080376137665379,0.749525648749233,0.9870967741935486,1,2,0.30024813917992166,0.5417486348255779
2,0.026737164324474733,0.55,0.046511627906976744,0.07900000000000001,0.0,0.04933253007978111,0.0935483870967742,0,0,0.28481349175853876,0.05557778681643921
0,0.33676360094615276,0.55,0.41860465116279066,0.271,0.25176550560807665,0.4498876758759312,0.7053763440860217,0,1,0.13196226277285672,0.25804487983868873
1,0.1730402114929734,0.4,0.26744186046511625,0.65825,0.1888241292060575,0.20360225436487606,0.4784946236559141,0,1,0.8685765383754671,0.12456587020674495
1,0.7282704883818004,0.6500000000000001,0.313953488372093,0.25375000000000003,0.548880272913808,0.7747887236713942,0.6290322580645162,1,1,0.36193502280368106,0.5659621126236446
2,0.19682203979407267,0.6000000000000001,0.06976744186046513,0.17350000000000002,0.13687231712383086,0.2629510559593719,0.12150537634408604,1,0,0.18062024080437866,0.17624605159537182
3,0.9629052455823013,0.75,0.8604651162790697,0.36975,0.8037236118279436,1.0,0.6010752688172044,1,2,0.5504569069060989,0.8006187636841969
3,0.6713621817169889,0.8500000000000001,0.5,0.57825,0.5014224751066856,0.8969658410796628,0.7784946236559142,1,2,0.027202806213980857,0.6226552317983955
1,0.6062780019479616,0.45000000000000007,0.27906976744186046,0.42474999999999996,0.518328528808268,0.7501506100410449,0.7698924731182797,0,1,0.3279158547323635,0.3894043425960382
2,0.028529288994016966,0.4,0.0,0.06525,0.0,0.054968442269904466,0.07849462365591399,0,0,0.22975253039961796,0.043673119693993234
4,0.20461945178795046,0.8500000000000001,0.18604651162790697,0.29475,0.15274613225242012,0.26452753489367214,0.12903225806451615,0,1,0.2740455340804291,0.2307529878064611
3,0.35186308612773065,0.6000000000000001,0.4883720930232558,0.651,0.32606780045066025,0.4073903080327232,0.5838709677419355,0,1,0.6038918988925881,0.2823192820610456
3,0.6563016557673577,0.8500000000000001,0.4883720930232558,0.813,0.623163685343471,0.757588212441797,0.6655913978494625,1,2,0.6050036585945964,0.6100096059816708
0,0.7454069848337275,0.6000000000000001,0.6744186046511628,0.48,0.6849721169702538,0.8825748405222649,0.5978494623655914,1,1,0.4971701193590543,0.5515671596583386
0,0.657793237790455,0.9500000000000002,0.441860465116279,0.6315,0.5431840783494253,0.8321556660341984,0.8720430107526883,1,2,0.23678896784919545,0.6591167689285438
0,0.4862946987616529,0.7000000000000002,0.3255813953488372,0.45699999999999996,0.3923828346278277,0.620068576833642,0.6516129032258066,0,1,0.22783101603514755,0.4114804462021756
2,0.021327396688465283,0.6500000000000001,0.05813953488372093,0.20224999999999999,0.0,0.039699117734824985,0.03978494623655915,0,0,0.3875985318090216,0.06031362232049363
4,0.20508139696674546,0.6500000000000001,0.08139534883720931,0.13,0.18930248366671282,0.2327671146494305,0.12365591397849465,0,0,0.6806673720473808,0.19174560591243844
2,0.13427021010157228,0.8,0.09302325581395349,0.07175,0.0975780158360503,0.1715377988975908,0.0010752688172043015,0,0,0.3665122201565616,0.16403728159372757
0,0.7303631556977875,0.8500000000000001,0.45348837209302323,0.3675,0.7106710809551984,0.8291603560590279,0.5623655913978496,0,2,0.6742328814538883,0.6721956158645817
0,0.8192848198135522,0.7000000000000002,0.3953488372093023,0.39,0.6847769987034078,0.887394361835697,0.5978494623655914,0,1,0.48727539621177285,0.6600105579258002
1,0.4334492834284124,0.25,0.3372093023255814,0.49750000000000005,0.31210740316469243,0.5849525085721041,0.6473118279569894,1,1,0.03416119242596838,0.21948283471653698
3,0.4395547516348963,0.7000000000000002,0.6511627906976744,0.69075,0.32282002542831606,0.587722607270946,0.4333333333333334,1,1,0.06525198573590907,0.3765956747120369
4,0.36670098789481,0.7000000000000002,0.10465116279069767,0.1295,0.31104998804113854,0.3806689900963341,0.3193548387096775,0,1,0.640951879859115,0.32222062603307566
2,0.11184082370947543,0.15000000000000002,0.09302325581395349,0.094,0.10000755296516825,0.12398443790080571,0.019354838709677417,0,0,0.742339549211376,0.05556238262961585
0,0.25406984833727564,0.55,0.5,0.295,0.25176550560807665,0.3105719803390556,0.5537634408602152,0,1,0.6474862726375601,0.2040405701279932
0,0.7386503408932795,0.6500000000000001,0.4767441860465116,0.491,0.5568171804781028,0.887394361835697,0.6204301075268818,1,2,0.17615779886319083,0.5733864114302528
0,0.8745791011548629,0.6500000000000001,0.6162790697674418,0.57025,0.6949860899558151,0.887394361835697,0.6903225806451615,0,2,0.5120974691532092,0.6706108885100344
1,0.33784889383609296,0.5,0.3023255813953488,0.037000000000000005,0.2716109215876333,0.42776066797664564,0.6150537634408603,0,0,0.28481268537457494,0.24477599023824567
4,0.21095310978155005,0.8500000000000001,0.26744186046511625,0.16825,0.19343773209632548,0.24094228398015893,0.13440860215053763,0,1,0.6602181820999691,0.23607106695628852
0,0.5521358007513565,0.6000000000000001,0.4767441860465116,0.47675,0.4201714523093191,0.7284177218753345,0.8806451612903227,1,1,0.0909352936562915,0.4193383122895987
2,0.21050229581188254,0.5,0.12790697674418605,0.16,0.16709676607208046,0.2635985383788167,0.17204301075268819,0,0,0.36898591655295454,0.16557077704603082
4,0.33448726867956025,0.7000000000000002,0.13953488372093023,0.07925,0.3179294804818792,0.3795204125870583,0.1849462365591398,1,0,0.6793079599906233,0.298177632774571
0,0.6244441352441908,0.8,0.36046511627906974,0.69675,0.4809287629501882,0.8203658557183959,0.9967741935483871,0,2,0.09613613520096043,0.5603700466452624
2,0.22655906497843328,0.0,0.11627906976744187,0.20925,0.16709676607208046,0.26806335193203124,0.12150537634408604,0,0,0.3479972014811774,0.07039021055273337
0,0.5086517322944204,1.0,0.5,0.558,0.4271390626770227,0.6342118449870784,0.5731182795698926,1,1,0.3086376431979301,0.5439027978503371
3,0.2972645053568943,0.8500000000000001,0.4767441860465116,0.5065,0.31470688201009583,0.32959670290691456,0.5505376344086023,0,1,0.8988753516648569,0.30854274661843484
4,0.37095310978154994,0.8500000000000001,0.19767441860465115,0.1355,0.2656377849670816,0.3806689900963341,0.2612903225806452,0,1,0.4201241902507751,0.37041565342310456
4,0.3323500765270627,0.6000000000000001,0.15116279069767444,0.2525,0.28052342048615925,0.3806689900963341,0.23440860215053763,0,1,0.49250915018476316,0.2689692175884659
0,0.7584861555586474,0.7000000000000002,0.5465116279069767,0.2295,0.7015949344780272,0.887394361835697,0.7053763440860217,1,2,0.5281660120561116,0.6146329389976894
2,0.018327535828579378,0.25,0.1744186046511628,0.10500000000000001,0.0,0.03925995574598423,0.13763440860215054,0,0,0.39256972751838437,0.025839225290559306
0,0.7838096563239181,0.8500000000000001,0.34883720930232553,0.752,0.6819761074535178,0.887394361835697,0.8290322580645163,1,2,0.48046539469578087,0.7170721660190561
3,0.5925198274662585,0.8,0.5,0.5137499999999999,0.5574277118292024,0.6873504456368131,0.6053763440860216,1,2,0.5862311300952376,0.5345574757903301
0,0.26018088214832336,0.5,0.6046511627906976,0.23650000000000002,0.25176550560807665,0.32672525913372485,0.5795698924731184,1,1,0.5714534644813256,0.19646915268318432
3,0.6654181160428552,0.75,0.3023255813953488,0.7230000000000001,0.49746346253099866,0.8884753759620745,0.28602150537634413,0,2,0.030232078818053454,0.5693352833764593
2,0.23515235842493384,0.4,0.05813953488372093,0.275,0.14956129860647793,0.26806335193203124,0.07956989247311828,0,0,0.23836382876089712,0.15933433143232972
2,0.1676694030889105,0.4,0.15116279069767444,0.16975,0.1116705900124624,0.2265062411674953,0.178494623655914,0,0,0.1765311137983876,0.12155945756492692
1,0.5565827187978293,0.6000000000000001,0.313953488372093,0.34625000000000006,0.4738856229308022,0.689366086559954,0.5623655913978496,1,1,0.32866386158547467,0.4223807257275882
4,0.22448866008070126,0.55,0.19767441860465115,0.038,0.1671219426226413,0.2918681838399649,0.049462365591397855,0,0,0.24381066884051483,0.1847221621247393
2,0.1811882565743704,0.25,0.09302325581395349,0.0,0.16051939223806944,0.2101671630698549,0.08924731182795699,0,0,0.615210361067364,0.10180955924986804
1,0.6672325031306525,0.3500000000000001,0.16279069767441862,0.5725,0.6475912335250948,0.7578528356914831,0.41827956989247317,1,1,0.6724749965392014,0.37697852933286036
3,0.7249756504800334,0.75,0.5465116279069767,0.39849999999999997,0.6927202004053425,0.834317694286953,0.36559139784946243,1,1,0.6165869381288769,0.6156387112407294
2,0.07196883261444273,0.3500000000000001,0.10465116279069767,0.11725,0.0571255932224726,0.08167286936056889,0.13440860215053763,0,0,0.6870971795632383,0.06227999273060847
2,0.0773619034367608,0.55,0.06976744186046513,0.19025,0.03446040358010549,0.11286463113208081,0.19247311827956992,1,0,0.16993521647006626,0.08863897951589314
1,0.29951300960066785,0.6500000000000001,0.24418604651162792,0.45925,0.2200367577638188,0.39632680408308046,0.5225806451612904,1,1,0.14795886546874515,0.259288811194863
4,0.19991651593154305,0.6500000000000001,0.3255813953488372,0.0195,0.14540716776394463,0.2615716368918592,0.16666666666666669,0,0,0.2407973776257739,0.18805137036684466
4,0.37081953527201894,0.8500000000000001,0.15116279069767444,0.33,0.31060310426868415,0.3806689900963341,0.05053763440860215,0,1,0.6387788007236759,0.3703034970965705
2,0.025952414080979536,0.3500000000000001,0.046511627906976744,0.282,0.011480507055728312,0.02940696240660773,0.16881720430107527,0,0,0.693451312134534,0.037952454717748565
4,0.1147572005009044,0.9000000000000001,0.22093023255813954,0.07,0.06761162653104899,0.15886966460410673,0.2483870967741936,0,0,0.18962365651976376,0.16233970558964286
2,0.1285765966328092,0.6000000000000001,0.16279069767441862,0.0,0.06852427648887827,0.18601325368361193,0.06989247311827958,1,0,0.05128208266647527,0.12955509593000614
3,0.6061110338110476,0.6000000000000001,0.36046511627906974,0.73125,0.5077040244716071,0.7593223392695272,0.7419354838709679,1,2,0.2795799799188756,0.45626612896246743
3,0.9210407680534298,0.7000000000000002,0.6395348837209303,0.46375,0.8787056735356689,1.0,0.7333333333333334,1,2,0.7145350939937762,0.7359570067414953
0,0.26193961319048287,0.8500000000000001,0.36046511627906974,0.0,0.25176550560807665,0.2964568635951602,0.7989247311827958,0,1,0.7186851748316625,0.27888207143042587
4,0.034924168637818276,0.8,0.22093023255813954,0.30675,0.0002454713679678755,0.0576146747667656,0.03655913978494624,1,0,0.208358659513465,0.08371050513617129
3,0.7163211353833309,0.6000000000000001,0.5813953488372092,0.31525,0.6227168015710167,0.8794162523717561,0.45698924731182805,1,1,0.35082622380996975,0.5316677195745675
3,0.7642020314456658,0.8500000000000001,0.4767441860465116,0.433,0.7476554337290247,0.8645354172883437,0.30537634408602155,1,1,0.689167187774842,0.7006085519198983
4,0.2361986920829275,0.6000000000000001,0.313953488372093,0.2615,0.17053336522363072,0.31251442759738984,0.3268817204301076,0,1,0.1816510471395436,0.20318607046117368
0,0.36794768331710026,0.6000000000000001,0.45348837209302323,0.387,0.3279686300180013,0.438238622607834,0.8129032258064518,0,1,0.4980676761910914,0.2933237561984544
1,0.17339641018505633,0.5,0.37209302325581395,0.59675,0.1888241292060575,0.2382622697918485,0.5677419354838711,1,1,0.6447854769079673,0.14249218973111905
0,0.28065117573396403,0.5,0.40697674418604646,0.393,0.25176550560807665,0.37247692991988113,0.9182795698924733,0,1,0.38284331450462283,0.20920097271381963
3,0.715502991512453,0.9500000000000002,0.7441860465116279,0.6745,0.6262918717506514,0.874568579648783,0.3075268817204302,1,2,0.3685177688212249,0.7111623237821607
4,0.06929734242382077,1.0,0.19767441860465115,0.2375,0.044694671383073814,0.08739886606122371,0.034408602150537634,1,1,0.4853645120847343,0.134007771325712
3,0.2854709892862112,0.8,0.5581395348837209,0.57675,0.31470688201009583,0.3732482785413066,0.6795698924731184,0,1,0.6905760213627941,0.2862914852924632
0,0.3851287046055377,1.0,0.23255813953488372,0.8145,0.3201324286559499,0.48000968408488215,0.603225806451613,1,2,0.3296188786054244,0.4286621723365036
3,0.48131904828161953,0.8,0.6395348837209303,0.68525,0.47623963040823775,0.5349837566366948,0.6182795698924732,0,2,0.760715185361392,0.44464548735212406
2,0.10687630443856963,0.9000000000000001,0.13953488372093023,0.0865,0.06129231234028626,0.14857750927588947,0.16559139784946236,0,0,0.19563618878877298,0.1554773999809611
3,0.2819256991790733,0.75,0.40697674418604646,0.2115,0.31470688201009583,0.33561547426679655,0.6365591397849464,1,1,0.8678134518823286,0.2711863820065251
4,0.3323612077361904,0.6500000000000001,0.26744186046511625,0.01425,0.30816727300192603,0.3806689900963341,0.22795698924731186,1,0,0.6269339890981145,0.282783830796258
1,0.6847530262974816,0.7000000000000002,0.3372093023255814,0.428,0.5769458326514685,0.7747887236713942,0.5537634408602152,1,1,0.4387024865222935,0.5596015681116026
4,0.35450118269096975,0.75,0.13953488372093023,0.0415,0.27235992396681735,0.3806689900963341,0.25376344086021513,0,1,0.4528121975275192,0.32761070677524595
3,0.3369305690830666,0.7000000000000002,0.7325581395348837,0.867,0.3163055929707071,0.38591641283479067,0.6516129032258066,1,2,0.6444697414030085,0.30000121156525583
0,0.28803116738555723,0.75,0.37209302325581395,0.5295,0.25176550560807665,0.36646941912381553,0.695698924731183,0,1,0.40561066455883665,0.2759331215978815
3,0.9611465145401419,0.75,0.5232558139534883,0.39899999999999997,0.8558138949382545,1.0,0.5129032258064518,0,2,0.6644425592470389,0.799251425752685
3,0.3666119382217893,0.7000000000000002,0.7558139534883721,0.88675,0.31470688201009583,0.49216546272471867,0.7784946236559142,0,2,0.2723389407956729,0.3221541630247592
4,0.36160845971893696,0.7000000000000002,0.09302325581395349,0.005999999999999999,0.3251362680799104,0.3806689900963341,0.2580645161290323,1,1,0.709449782748022,0.3184197727449741
1,0.5894754417698622,0.6000000000000001,0.313953488372093,0.7165,0.5152003424010876,0.7189588482695328,0.8268817204301077,1,2,0.385666996922293,0.4448846849497633
4,0.3824961736468624,0.6000000000000001,0.3023255813953488,0.26325,0.3697679980865822,0.3806689900963341,0.2903225806451613,1,1,0.9264822355564399,0.30327728401685805
4,0.3200834840684569,0.8,0.2906976744186046,0.182,0.2926081647553469,0.37302869754688617,0.10322580645161292,1,1,0.5824272879451893,0.31427760421624706
1,0.5621316265479337,0.8,0.40697674418604646,0.6282500000000001,0.4099308903687106,0.757802163154309,0.8258064516129034,0,2,0.010035030476580165,0.5099869324033128
2,0.11568109085849448,0.55,0.16279069767441862,0.1615,0.06122937096388423,0.16644239377065612,0.10322580645161292,0,0,0.09253518339232714,0.11366385987382413
1,0.5678029775984416,0.7000000000000002,0.36046511627906974,0.47024999999999995,0.5241317237125342,0.6671264730225042,0.7526881720430109,1,2,0.5355735125791978,0.47231486850189963
4,0.24790872408515377,0.9000000000000001,0.12790697674418605,0.251,0.19202155112728003,0.31697924115060444,0.12150537634408604,1,1,0.2843805104076853,0.2782816543058164
4,0.23420620564908864,0.9000000000000001,0.1744186046511628,0.18325000000000002,0.1500333589294931,0.3268209739261645,0.11827956989247312,1,1,0.017501789485096175,0.2663501596669927
4,0.13609016279393346,0.7000000000000002,0.25581395348837205,0.276,0.08115031659512331,0.1899262996098215,0.22043010752688175,1,1,0.13073226986049136,0.15010220418336176
3,0.44293307360512024,0.8500000000000001,0.627906976744186,0.5215000000000001,0.43741738944347236,0.4920528570865543,0.503225806451613,0,1,0.7618404713366485,0.4308538938841917
0,0.6761541672464171,0.6000000000000001,0.36046511627906974,0.28400000000000003,0.6486045896851673,0.7750026743839065,0.5763440860215056,1,1,0.634207004175823,0.5041869964431906
3,0.8051370530123835,0.75,0.7441860465116279,0.379,0.7571406991528091,0.9388663990405999,0.6290322580645162,1,2,0.5594471846791274,0.6779607625937882
2,0.001719771810212864,0.050000000000000044,0.12790697674418605,0.4465,0.0,0.02121490223015468,0.013978494623655916,1,0,0.6224724771847854,0.003993665244519828
1,0.6426881870043133,0.25,0.37209302325581395,0.40449999999999997,0.4898034970228729,0.7747887236713942,0.45053763440860223,1,1,0.20034286885371633,0.3170873971251288
0,0.6670210101572283,0.6500000000000001,0.40697674418604646,0.47974999999999995,0.5810810810810811,0.8169201231905681,0.9354838709677421,1,1,0.3636151939216532,0.5221527783787526
1,0.22094336997356337,0.30000000000000004,0.34883720930232553,0.32075,0.1888241292060575,0.2951337473467297,0.6569892473118281,1,0,0.3573801793107638,0.13069639040094155
1,0.6038068735216363,0.55,0.441860465116279,0.47875,0.5006357079016603,0.7609832724324508,0.6408602150537636,1,1,0.2566434598774947,0.4324412174500013
1,0.40538193961319036,0.7000000000000002,0.40697674418604646,0.47524999999999995,0.3863404624932338,0.46176194042035684,0.6182795698924732,0,1,0.6634484080669238,0.35109049527056846
4,0.006511757339641003,0.6000000000000001,0.15116279069767444,0.2305,0.0,0.01454301816891973,0.1806451612903226,0,0,0.7224187930311448,0.04604294133427951
1,0.6053374147766801,0.5,0.3372093023255814,0.26175,0.5151625775752464,0.7510908671197167,0.4129032258064517,1,1,0.31708009598557085,0.4111446695455766
1,0.4847585919020453,0.6000000000000001,0.37209302325581395,0.7005,0.4530834980299349,0.5626509619336642,0.3107526881720431,0,1,0.5877009823220571,0.37324136976106204
0,0.34842910811186867,0.5,0.3023255813953488,0.22325,0.2565301678017095,0.462657155243763,0.5623655913978496,0,1,0.11685954479207106,0.25135652038458545
4,0.10984277167107276,1.0,0.13953488372093023,0.093,0.050019511826684654,0.16466322468766015,0.05591397849462365,0,1,0.007169571361438365,0.17183456941836217
4,0.023058299707805735,0.55,0.26744186046511625,0.19625,0.0,0.04715361098130186,0.1795698924731183,0,0,0.3070612300902811,0.05317525291424714
0,0.7378878530680394,0.5,0.5,0.36775,0.6662470574906532,0.8841175377651158,0.6774193548387099,1,1,0.44846973421680114,0.49358649277820577
4,0.297464867121191,0.5,0.19767441860465115,0.224,0.20404964815770593,0.3806689900963341,0.3440860215053764,0,1,0.1206371572892222,0.21965851167862369
1,0.2407457910115486,0.55,0.36046511627906974,0.599,0.19403567517214465,0.30068520530822984,0.37204301075268825,1,1,0.363521461976797,0.1953391084610525
3,0.9032030054264644,0.7000000000000002,0.7674418604651162,0.63425,0.7860433791966162,1.0,0.424731182795699,0,2,0.5117684466081651,0.7226436353880904
4,0.0668985668568248,0.7000000000000002,0.22093023255813954,0.25375000000000003,0.0509006910963129,0.07699410509484211,0.24731182795698928,1,0,0.6615774742898319,0.09846044672141788
4,0.09342423820787532,0.8500000000000001,0.16279069767441862,0.23375,0.04055312881582096,0.13991250541914635,0.3268817204301076,1,0,0.058210028658027824,0.1373875191470581
2,0.214086545150967,0.45000000000000007,0.09302325581395349,0.0,0.1931356134895958,0.24754660465849526,0.11182795698924733,0,0,0.6203260587252382,0.15767119849765912
1,0.5189202727146236,0.6000000000000001,0.3023255813953488,0.7174999999999999,0.49154697314920887,0.5973672801797187,0.6505376344086022,0,1,0.6193063685376174,0.39661350202937184
2,0.12755252539307083,0.5,0.16279069767441862,0.23375,0.11709613665831647,0.14049805473760074,0.10107526881720431,0,0,0.7623989784056995,0.11397886684032435
0,0.4384304995130095,0.55,0.5348837209302325,0.34750000000000003,0.4154508490791677,0.5025871145368248,0.7473118279569894,0,1,0.6381095081595463,0.32443986742014486
4,0.011170168359538046,0.050000000000000044,0.16279069767441862,0.409,0.0,0.03516674079871182,0.0935483870967742,1,0,0.44020638573385384,0.007226467508416053
2,0.18675386113816614,0.3500000000000001,0.03488372093023256,0.2955,0.1564093203590176,0.22509867069044154,0.12473118279569895,0,0,0.4971201300215662,0.12296348861561363
2,0.06057047446778904,0.7000000000000002,0.10465116279069767,0.032,0.024572313347348274,0.08773668297571663,0.11290322580645162,1,0,0.25033275544480005,0.09373741919292447
4,0.1522972032837067,0.6500000000000001,0.12790697674418605,0.201,0.0933546494794748,0.21178868425942088,0.2666666666666667,0,0,0.11527015263599738,0.1539911555736329
0,0.3584138026993182,0.8500000000000001,0.5348837209302325,0.5920000000000001,0.3293218696106447,0.41773876618002265,0.5451612903225808,1,1,0.5789091716633752,0.3598869782697117
1,0.410652567135105,0.7000000000000002,0.313953488372093,0.19175,0.3077581540553129,0.5427197639785823,0.3376344086021506,0,1,0.11399086407710768,0.35502427457530317
2,0.10034785028523724,0.9000000000000001,0.08139534883720931,0.3175,0.07303717317690306,0.12486839216039552,0.14516129032258066,0,0,0.4696492921082782,0.14979273580088792
4,0.05846667594267427,0.6000000000000001,0.11627906976744187,0.093,0.02948803484434598,0.07908856996469815,0.21612903225806454,0,0,0.38247901199101664,0.08158853513106541
2,0.021922916376791418,0.25,0.10465116279069767,0.0415,0.0,0.03954146984139498,0.0978494623655914,0,0,0.3893800299223473,0.02751637776604674
1,0.2079866425490469,0.30000000000000004,0.19767441860465115,0.6645,0.1888241292060575,0.27092353514140455,0.3096774193548388,1,1,0.4696625885758501,0.12424947859423816
3,0.449099763461806,0.9500000000000002,0.7790697674418604,0.64,0.35884137514319164,0.574818001137317,0.6451612903225807,0,2,0.2204129547638869,0.47090651043244236
4,0.1464978433282315,0.55,0.23255813953488372,0.027499999999999997,0.11668701771170331,0.17918935201085517,0.3268817204301076,0,0,0.47438823045687806,0.13378917033742094
1,0.2967524697370252,0.55,0.46511627906976744,0.17149999999999999,0.22583995266808493,0.3855448142288484,0.48709677419354847,0,1,0.2102973358800908,0.23191505196749548
2,0.2492889940169751,0.5,0.12790697674418605,0.16424999999999998,0.17713591560820252,0.26806335193203124,0.03870967741935484,0,0,0.4107628976365425,0.18969477209592137
0,0.28306108251008766,0.8500000000000001,0.313953488372093,0.39925,0.25176550560807665,0.3686877501956523,0.9903225806451614,0,1,0.3971392132607052,0.29661679056363743
2,0.24834840684569356,0.75,0.16279069767441862,0.15875,0.1762736187514949,0.26806335193203124,0.1795698924731183,0,1,0.40537173752789957,0.24508147776345054
0,0.5212856546542368,0.8,0.6976744186046512,0.35450000000000004,0.3797316179710218,0.7021749779011435,0.6967741935483872,0,1,0.020516606775449864,0.47696070201552543
0,0.7032530958675385,0.45000000000000007,0.46511627906976744,0.57525,0.588369692468435,0.883700896903908,0.5193548387096775,1,1,0.25922574819323896,0.4467037636409267
3,0.36463614860164184,0.8,0.6162790697674418,0.57725,0.31470688201009583,0.4928636176813373,0.560215053763441,1,1,0.2703580485765664,0.3503009008853081
1,0.6517489912341727,0.5,0.11627906976744187,0.21325,0.6232895680962751,0.7482588353198845,0.34301075268817216,1,1,0.6276463422070953,0.44001107716805277
2,0.0930569083066648,0.10000000000000009,0.06976744186046513,0.018500000000000003,0.04559473306562267,0.13465945239878163,0.012903225806451615,0,0,0.13692721410280928,0.04160342007563629
3,0.7202337553916794,0.7000000000000002,0.686046511627907,0.5515,0.5579375369780586,0.945279290134057,0.26989247311827963,1,1,0.08904942514782488,0.58608292298772
3,0.6294643105607346,0.8,0.6046511627906976,0.81675,0.5935623560216015,0.7297689895333059,0.5763440860215056,1,2,0.5876722336207292,0.5644291364135938
3,0.46324196465841105,0.7000000000000002,0.7674418604651162,0.7987500000000001,0.38258286232203326,0.5821936704370789,0.3268817204301076,1,2,0.28526506266609397,0.394274834924234
1,0.3799638235703353,0.6000000000000001,0.40697674418604646,0.6115,0.2963154118254258,0.4908704978858292,0.781720430107527,0,1,0.20256750990098382,0.3015447457011069
4,0.20618895227494086,0.6500000000000001,0.18604651162790697,0.10725,0.14676040735658807,0.2730517817027099,0.14086021505376345,0,0,0.1995468200272832,0.19253779650896125
2,0.22366495060525945,0.30000000000000004,0.11627906976744187,0.0,0.14439381160387216,0.26806335193203124,0.1709677419354839,0,0,0.20605621964268117,0.13205057419539085
0,0.5598608598859051,0.45000000000000007,0.2906976744186046,0.5912499999999999,0.5371354120771914,0.6394198557521775,0.5451612903225808,0,1,0.6505219939472509,0.36197796682042005
2,0.0019869208292750684,0.4,0.18604651162790697,0.16825,0.0,0.022098856489744467,0.03655913978494624,0,0,0.6099059710367827,0.02881552188173392
2,0.24512592180325585,0.4,0.06976744186046513,0.018500000000000003,0.2259595412832488,0.26806335193203124,0.12903225806451615,0,0,0.7160127440799069,0.16491722413091828
3,0.7497314595797968,0.8500000000000001,0.3023255813953488,0.8145,0.72755195810622,0.8532410717804639,0.4322580645161291,1,2,0.6636438966884308,0.6884582832120327
1,0.7356783080562126,0.55,0.23255813953488372,0.57325,0.594204358060902,0.7747887236713942,0.5591397849462367,1,1,0.485909570064889,0.5185616989606502
3,0.7558035341588979,0.6000000000000001,0.3953488372093023,0.8615,0.691429902189101,0.897832904493528,0.6236559139784947,0,2,0.48319168709721527,0.5586800861942139
1,0.4781633504939474,0.4,0.3255813953488372,0.27575,0.380392502423243,0.6143425801329874,0.335483870967742,0,1,0.2011634773827562,0.29536437825067285
1,0.3915848058995408,0.45000000000000007,0.3837209302325581,0.54225,0.3756341343672503,0.443418481963392,0.5440860215053764,1,1,0.6862863749720554,0.2625491332981402
2,0.04192013357450952,0.45000000000000007,0.10465116279069767,0.177,0.014476516572464404,0.05903913608954403,0.12365591397849465,0,0,0.38478654628881537,0.055943679523681775
0,0.7007652706275219,0.75,0.5697674418604651,0.49275,0.5494530394390664,0.887394361835697,0.7655913978494625,0,1,0.15825285105709908,0.5968161795885871
4,0.37059134548490325,1.0,0.27906976744186046,0.274,0.31025063256083285,0.3806689900963341,0.04086021505376344,0,1,0.6370648228140336,0.41509956470191167
4,0.30506191735077215,0.8,0.26744186046511625,0.17049999999999998,0.23220961995996925,0.3806689900963341,0.3333333333333334,1,1,0.2575717495702632,0.3021318356079028
3,0.6970363155697787,0.8500000000000001,0.7558139534883721,0.6995,0.5500635707901662,0.9054000033781691,0.6591397849462367,1,2,0.13104791549716,0.6442126123943126
4,0.3868540420203145,0.8500000000000001,0.23255813953488372,0.21575,0.29456564156144965,0.3806689900963341,0.324731182795699,0,1,0.5607928058349649,0.38376692946094004
2,0.15656045637957425,0.20000000000000007,0.05813953488372093,0.3935,0.11510089502637244,0.20096728243183143,0.04731182795698925,0,0,0.33203688393345665,0.08198142843543656
2,0.15477389731459576,0.6000000000000001,0.06976744186046513,0.11525,0.11352736061632196,0.1987545816419028,0.1709677419354839,0,0,0.33246932777705673,0.1474783000008654
2,0.17847780715180186,0.6500000000000001,0.22093023255813954,0.0675,0.12952076436007504,0.23241240688921294,0.10107526881720431,0,0,0.27187640769912713,0.17271710816681524
0,0.5108334492834284,0.6000000000000001,0.4767441860465116,0.337,0.4789461095935246,0.592277505334692,0.7215053763440861,1,1,0.5909832886261073,0.3910808027485224
1,0.5795797968554334,0.30000000000000004,0.3372093023255814,0.466,0.5451730258437293,0.6721261633569993,0.4720430107526883,0,1,0.5878815679377742,0.3091440291467985
2,0.08783080562126061,0.45000000000000007,0.12790697674418605,0.14675,0.07212452321907376,0.10035414473202675,0.0870967741935484,0,0,0.6712166992670998,0.08307079868112469
1,0.5394406567413385,0.3500000000000001,0.3953488372093023,0.20375000000000001,0.4756479814700589,0.6531070710710487,0.7655913978494625,1,1,0.4185788683796614,0.3094187082983566
0,0.6465061917350772,0.4,0.5348837209302325,0.22749999999999998,0.6091529349563816,0.7503082579344749,0.88494623655914,1,1,0.5829608128566963,0.38959750071395816
4,0.13024627800194793,0.75,0.15116279069767444,0.33924999999999994,0.07049434157026147,0.18762914459126973,0.33440860215053775,0,1,0.05885004300373908,0.15326213945116093
2,0.0836120773619034,0.75,0.08139534883720931,0.11624999999999999,0.05722000528707563,0.10515114491782604,0.1763440860215054,1,0,0.4676630256208758,0.1170060491722413
4,0.2723305969110894,0.7000000000000002,0.25581395348837205,0.082,0.20149422827578395,0.35791139062332855,0.27311827956989254,0,0,0.18306896985658683,0.251786452969633
1,0.7193933491025462,0.75,0.3255813953488372,0.025249999999999998,0.6892206598773902,0.7747887236713942,0.7182795698924732,0,1,0.7458067739886769,0.6112987114138102
4,0.08178655906497842,0.6500000000000001,0.08139534883720931,0.0,0.06465967597779429,0.09480831705243481,0.24623655913978496,0,0,0.642045343158997,0.10355767483319342
4,0.36837623486851256,0.9500000000000002,0.26744186046511625,0.396,0.3343257090346052,0.3806689900963341,0.12258064516129033,0,1,0.7541356353922597,0.39810597734372966
3,0.5424071239738415,0.55,0.5,0.50975,0.5142688100303376,0.6245559115144896,0.4741935483870969,1,1,0.6177201594335433,0.39234325374503476
1,0.24697926812299983,0.4,0.36046511627906974,0.39899999999999997,0.1888241292060575,0.31996329056195844,0.3483870967741936,1,1,0.2548866663378315,0.1659546701513591
3,0.31546403228050646,0.6500000000000001,0.8023255813953488,0.6759999999999999,0.31470688201009583,0.3951838568557127,0.7774193548387098,1,1,0.599073424912665,0.270697948127699
3,0.3201669681369138,0.9000000000000001,0.627906976744186,0.183,0.31470688201009583,0.37843376817877267,0.41827956989247317,1,1,0.6682269571447474,0.34120066116846814
2,0.04209266731598718,0.55,0.10465116279069767,0.26425,0.019430002895303333,0.05495718170608804,0.006451612903225806,0,0,0.494352837871715,0.06560591243844816
4,0.017164324474746057,1.0,0.11627906976744187,0.21850000000000003,0.0,0.040864586089825544,0.178494623655914,0,1,0.374532566980742,0.08537034953657628
1,0.35343815221928476,0.6000000000000001,0.24418604651162792,0.40275,0.31911277835823715,0.41680413938325894,0.795698924731183,0,1,0.5361207535130157,0.28339688281567765
0,0.29439265340197573,0.7000000000000002,0.46511627906976744,0.29575,0.25176550560807665,0.37160423622410776,0.9107526881720431,0,1,0.38611653660708845,0.26825266328005337
1,0.7005482120495338,0.7000000000000002,0.19767441860465115,0.67575,0.5534812875287956,0.7747887236713942,0.6946236559139787,0,2,0.3745201351558465,0.571390444211747
4,0.2863447892027271,0.45000000000000007,0.22093023255813954,0.43624999999999997,0.2531439217512809,0.34007465753810295,0.22473118279569895,1,1,0.5198820196293974,0.2003662388687442
2,0.07156254348128563,0.3500000000000001,0.023255813953488372,0.09325,0.021998011052505678,0.11227345153171822,0.04086021505376344,0,0,0.04518948351088414,0.06206519951883552
3,0.9429191595937108,0.75,0.6627906976744186,0.178,0.8696295270584977,1.0,0.4387096774193549,0,2,0.6946743749657875,0.7850804392789457
0,0.4746737164324475,0.9500000000000002,0.46511627906976744,0.182,0.40581452435201854,0.5845358677108963,0.5763440860215056,0,1,0.35999309694336334,0.49397038588353404
4,0.3119743982190065,0.75,0.20930232558139536,0.35275,0.30305643323808207,0.3472814183806184,0.2,1,1,0.7492076139642105,0.29454795634903463
0,0.7438374843467371,0.6000000000000001,0.34883720930232553,0.43825000000000003,0.7064854794244642,0.8601606882456605,0.6537634408602152,0,1,0.5959423663952166,0.5504933666802246
1,0.5217309030193404,0.4,0.2906976744186046,0.13225,0.43759362529739804,0.6513110111423279,0.367741935483871,0,1,0.3023506274975736,0.3197521483648196
4,0.12871017114234032,0.8,0.19767441860465115,0.11549999999999999,0.07785218847165751,0.1779394294272314,0.20645161290322583,0,0,0.16765914781924263,0.15954168217181725
3,0.28268262139974953,0.8,0.5813953488372092,0.3755,0.31470688201009583,0.3260271041771062,0.6150537634408603,0,1,0.9176881900273839,0.28403693543222586
1,0.6524446918046471,0.5,0.3255813953488372,0.6225,0.4932086254862222,0.7747887236713942,0.4161290322580646,0,1,0.2096568849720768,0.44044377904511345
1,0.30120495338806175,0.4,0.5,0.386,0.2933508729968907,0.33416849181638525,0.4892473118279571,0,1,0.7608654816453531,0.1963085337464194
4,0.17049116460275496,0.75,0.16279069767441862,0.29475,0.15029771271038156,0.19767356751552556,0.20645161290322583,0,0,0.6184119339710599,0.18455081218142325
3,0.5304800333936274,0.75,0.7790697674418604,0.9045000000000001,0.5085600271906747,0.6055311889466306,0.6774193548387099,1,2,0.6531401151348273,0.46442671328308227
0,0.41652984555447337,0.6500000000000001,0.24418604651162792,0.46675,0.40005538841123384,0.47204846546666596,0.8946236559139786,1,1,0.6830227268414519,0.34298633527472244
0,0.3188367886461666,0.75,0.5116279069767442,0.18,0.28723926534825467,0.3753033314378051,0.681720430107527,0,1,0.5466662758453362,0.2998831704931936
0,0.8825379156810907,0.8500000000000001,0.5930232558139534,0.562,0.8087840984906658,0.887394361835697,0.6838709677419357,1,2,0.788782474567,0.7999697108686058
4,0.17713093084736323,0.5,0.16279069767441862,0.18350000000000002,0.11155100139729857,0.2457674355754993,0.25376344086021513,0,0,0.0897334437280457,0.1448149334071811
2,0.23754556838736604,0.5,0.11627906976744187,0.147,0.1707536600410378,0.26806335193203124,0.13225806451612904,0,0,0.37086044252585904,0.18239076441113602
1,0.18526784471963262,0.55,0.24418604651162792,0.4675,0.1888241292060575,0.25667892191362024,0.3150537634408603,1,1,0.5423641016335041,0.15910846105250404
4,0.3564714067065534,0.6500000000000001,0.24418604651162792,0.19224999999999998,0.27980588879517615,0.3806689900963341,0.0978494623655914,1,1,0.48901998086870613,0.30002890448538766
2,0.2762543481285654,0.6500000000000001,0.12790697674418605,0.09175000000000001,0.23960523168720654,0.26806335193203124,0.10322580645161292,0,1,0.801326869010835,0.242652808667884
3,0.9453513287880895,0.75,0.6976744186046512,0.7290000000000001,0.82730774556578,1.0,0.3505376344086022,1,2,0.6020644756979674,0.7869713464817011
4,0.12156950048699039,0.9500000000000002,0.2906976744186046,0.4745,0.10647163232165563,0.1378912342140971,0.04516129032258065,1,1,0.685397788128973,0.17552326637992957
1,0.48086266870738825,0.5,0.40697674418604646,0.758,0.3451264492251917,0.6513447928337772,0.6698924731182797,0,1,0.00918638211790257,0.33372564970186847
4,0.30738834005843885,1.0,0.24418604651162792,0.194,0.29822253553040695,0.342326770301389,0.189247311827957,1,1,0.747397945492388,0.3561344145110902
1,0.30700431334353695,0.55,0.25581395348837205,0.5525,0.24540842659147272,0.3887934868898885,0.36021505376344093,0,1,0.2932628541272311,0.23861016157088086
3,0.5721552803673298,0.7000000000000002,0.627906976744186,0.2945,0.47916640441093167,0.7161437073154253,0.6096774193548388,1,1,0.2864891128271909,0.47556324803337
2,0.2290914150549603,0.5,0.06976744186046513,0.1085,0.15452737320459725,0.26806335193203124,0.06666666666666668,0,0,0.2694121888026417,0.17713257120109388
2,0.15426742729929036,0.5,0.10465116279069767,0.08675000000000001,0.0886151638364028,0.2200145261273232,0.10752688172043012,1,0,0.04351714724684852,0.1305946189194569
0,0.6324363433978016,0.6000000000000001,0.5465116279069767,0.39125,0.49505910195244146,0.8238904121929385,0.9150537634408603,1,1,0.1269271589109826,0.47427691189324384
4,0.07638235703353277,0.8,0.10465116279069767,0.264,0.05776130112413297,0.09003946827617662,0.30645161290322587,0,1,0.610297572628766,0.1172317464713162
2,0.02778906358703212,0.7000000000000002,0.13953488372093023,0.04625,0.0,0.0472380652099251,0.061290322580645165,0,0,0.3061884925664178,0.06927072425640182
2,0.24970084875469598,0.6000000000000001,0.023255813953488372,0.01625,0.21905487229194726,0.26806335193203124,0.06666666666666668,0,0,0.6728441116771255,0.21242373629416808
2,0.10495617086406009,0.55,0.13953488372093023,0.09575,0.06680597691310314,0.13976611808953276,0.0978494623655914,0,0,0.30241306437222004,0.10665980113021731
3,0.5930318630861277,0.7000000000000002,0.43023255813953487,0.66225,0.5076977303339669,0.7328600143009161,0.7483870967741937,1,2,0.3338879242677151,0.49114466954557656
0,0.40682343119521347,0.7000000000000002,0.7209302325581395,0.7184999999999999,0.29213610443233173,0.5489412254871602,0.5913978494623656,0,1,0.04223641334996553,0.3521663652176923
1,0.7540893279532489,0.6500000000000001,0.40697674418604646,0.44825,0.6442175757499464,0.7747887236713942,0.5021505376344086,0,2,0.622710257821806,0.5844293094943447
3,0.7703353276749687,0.8,0.8488372093023255,0.5874999999999999,0.6872002416948855,0.9310290466243645,0.5505376344086023,0,2,0.41156391880302134,0.6783311554005522
4,0.06004730763879226,0.6500000000000001,0.23255813953488372,0.13825,0.02793338284721611,0.08366598915607706,0.0870967741935484,1,0,0.3234808526766113,0.08800844634064023
4,0.042593571726728785,0.75,0.10465116279069767,0.17375000000000002,0.001164415463437346,0.07230408026529891,0.20860215053763442,1,0,0.09446727194773374,0.08511592083286458
4,0.10330318630861277,0.8500000000000001,0.2906976744186046,0.0,0.08635556842357028,0.11892844474722852,0.12365591397849465,0,0,0.6509687612550106,0.14568241413031252
1,0.7673911228607206,0.5,0.23255813953488372,0.507,0.7448923073049762,0.7747887236713942,0.6548387096774195,1,1,0.8980849118202816,0.5119365139805977
2,0.003818004730763866,0.45000000000000007,0.09302325581395349,0.0,0.0,0.007054743230993588,0.1623655913978495,0,0,0.8465279427056875,0.033430373940962155
2,0.10447752887157366,0.3500000000000001,0.06976744186046513,0.12225,0.07796548294918115,0.12880958949614613,0.1806451612903226,1,0,0.4870899544860017,0.0794663920452087
3,0.5969778767218589,0.6500000000000001,0.6511627906976744,0.7989999999999999,0.5917433502435832,0.6656625997263683,0.6236559139784947,1,2,0.7497353780217939,0.4720536896489058
2,0.2522721580631696,0.9500000000000002,0.10465116279069767,0.0,0.21077808129508174,0.26806335193203124,0.061290322580645165,1,1,0.6210968449408847,0.2933974885983056
2,0.12008348406845692,0.5,0.11627906976744187,0.03725,0.07800954191266254,0.16034479846405914,0.17311827956989248,0,0,0.2704640787824142,0.10933337948820024
4,0.08619451787950466,0.55,0.20930232558139536,0.4135,0.0354989362907388,0.12980614939390017,0.21720430107526884,0,0,0.07044149994359516,0.0944072416986145
4,0.2206428273271184,0.5,0.25581395348837205,0.07400000000000001,0.15232442503052657,0.2973295572909336,0.3516129032258065,0,0,0.1354061356527565,0.1718778396060682
2,0.21982468345624043,0.55,0.09302325581395349,0.0,0.19301602487443198,0.2592744818733074,0.12150537634408604,1,0,0.5555223218838117,0.18167628707173333
2,0.019323779045498812,0.3500000000000001,0.22093023255813954,0.22875,0.0,0.029440744098057026,0.11612903225806454,0,0,0.5110533488171174,0.03444808875580903
3,0.4557840545429247,0.7000000000000002,0.6976744186046512,0.13825,0.35350394642430044,0.5931051567751997,0.5193548387096775,1,1,0.15879134925160332,0.3887085579777245
4,0.3870321413663559,0.6500000000000001,0.24418604651162792,0.235,0.3413247900905097,0.3806689900963341,0.23763440860215054,0,0,0.7881703395980082,0.32188779174924065
4,0.22146097119799638,0.7000000000000002,0.24418604651162792,0.1235,0.17572602877679727,0.27804584175529673,0.25161290322580654,0,0,0.3553662705646754,0.2138194594688152
2,0.04516488103520244,0.9000000000000001,0.11627906976744187,0.0,0.015445813769055489,0.06473135109874953,0.14301075268817207,1,0,0.3415572253336172,0.10174205775704653
1,0.48242103798525104,0.6000000000000001,0.3255813953488372,0.14024999999999999,0.3957501982653357,0.6092133933146033,0.3591397849462366,0,1,0.2643847097641987,0.3716421036234455
4,0.145885626826214,0.7000000000000002,0.19767441860465115,0.14275,0.12498898525912966,0.1705187178722039,0.22580645161290328,1,0,0.6006120838005644,0.15741313509818006
0,0.6242048142479476,0.6500000000000001,0.5116279069767442,0.41674999999999995,0.4646080640491446,0.834475342180383,0.8161290322580647,0,1,0.03106112731920918,0.4915280434086523
4,0.0900626130513427,0.45000000000000007,0.15116279069767444,0.45225000000000004,0.057509535618524926,0.11794314541329087,0.178494623655914,1,0,0.36828210029291375,0.084389500921655
2,0.27426186169472655,0.10000000000000009,0.10465116279069767,0.0,0.22539306889563065,0.26806335193203124,0.03870967741935484,0,0,0.7124711060523314,0.10922537709968588
1,0.16835397245025743,0.6000000000000001,0.40697674418604646,0.33375,0.1888241292060575,0.21778493449167002,0.3225806451612904,1,1,0.7715488605000542,0.1567692747051137
4,0.34482259635452894,0.75,0.22093023255813954,0.35874999999999996,0.3256146225405658,0.3806689900963341,0.19569892473118283,0,1,0.711775895625393,0.32008602113315965
1,0.20120773619034368,0.4,0.2906976744186046,0.174,0.1888241292060575,0.2735134648191835,0.4043010752688173,0,0,0.45700104725470814,0.14033318044533677
0,0.6753527201892305,0.8500000000000001,0.6046511627906976,0.32425000000000004,0.5775815405531288,0.8369132542466402,0.7236559139784947,1,2,0.3163058119712232,0.6260059020536032
1,0.42966467232503125,0.7000000000000002,0.43023255813953487,0.55275,0.3391344301917194,0.5531188946630559,0.4666666666666668,0,1,0.2033616826762643,0.3692141268508823
0,0.4677389731459579,0.9000000000000001,0.25581395348837205,0.51425,0.3400281977366281,0.629352911700289,0.7279569892473119,1,1,0.036019187206840275,0.46969927219544283
4,0.16722972032837066,0.7000000000000002,0.22093023255813954,0.2245,0.1375143191631315,0.20250434939277406,0.07311827956989247,0,0,0.491634016203953,0.17334348740404837
0,0.8218338667037707,0.9000000000000001,0.441860465116279,0.456,0.8030564332380821,0.887394361835697,0.5279569892473119,1,2,0.7748564040511507,0.7780280910058589
1,0.525860581605677,0.7000000000000002,0.37209302325581395,0.27949999999999997,0.5050919573509234,0.5992928365923282,0.7043010752688174,0,1,0.6597369658993413,0.44101079158481393
0,0.2929344650062613,0.8,0.5348837209302325,0.461,0.26774632107654933,0.3403449110696973,0.6666666666666669,0,1,0.5958678631167429,0.29232611875070313
2,0.17739807986642545,0.75,0.09302325581395349,0.1415,0.14636387668525536,0.21516685340434993,0.15053763440860218,1,0,0.4822348957850968,0.18992064247574705
3,0.6382690969806594,0.8,0.441860465116279,0.624,0.4912511486801194,0.8390978036270276,0.34623655913978507,1,2,0.09182697336260182,0.5715482938564989
1,0.47084458049255595,0.6500000000000001,0.26744186046511625,0.49875,0.3893742368358111,0.5915005264313584,0.3698924731182796,0,1,0.2856421580299202,0.38183552136249166
4,0.06118825657437038,1.0,0.22093023255813954,0.16549999999999998,0.022885484459774175,0.09049552111074205,0.05913978494623656,1,0,0.20904708557394658,0.126442411707182
4,0.22624739112286066,0.7000000000000002,0.313953488372093,0.342,0.1495361220559171,0.31115752965751,0.14408602150537636,1,1,0.06848222932626302,0.21739184616582866
3,0.2936134687630444,0.8,0.43023255813953487,0.5205,0.31470688201009583,0.3977062231505932,0.6419354838709679,1,1,0.58904290105634,0.29287513089231787
2,0.08455266453318491,0.6000000000000001,0.06976744186046513,0.19949999999999998,0.06482961769407974,0.10024716937577066,0.054838709677419356,0,0,0.5928058472702726,0.09943558367156197
0,0.4409183247530263,0.9000000000000001,0.3953488372093023,0.263,0.3836591598585078,0.5360591404811639,0.7204301075268817,0,1,0.4125301656137901,0.44634514032521866
1,0.19313760957283985,0.45000000000000007,0.22093023255813954,0.245,0.1888241292060575,0.23612276266672672,0.6526881720430109,1,1,0.6573593403875091,0.14529315552170868
1,0.5381104772505914,0.45000000000000007,0.25581395348837205,0.6435000000000001,0.4613036417880387,0.6632528390696524,0.3903225806451614,0,1,0.34934621887665673,0.34912637491021437
4,0.38230694309169333,0.9000000000000001,0.2906976744186046,0.191,0.3685280529714624,0.3806689900963341,0.04731182795698925,0,1,0.9204527061243069,0.3953091654911599
3,0.9866759426742728,0.75,0.7209302325581395,0.5455,0.9699895517315174,1.0,0.28602150537634413,1,2,0.9142854463258996,0.8190994608534613
0,0.23524697370251843,0.55,0.09302325581395349,0.29575,0.25176550560807665,0.31106181486507034,0.6107526881720431,1,1,0.6450980233423225,0.19174802904295
3,0.40956170864060104,0.8,0.3953488372093023,0.73175,0.31789171565603797,0.5314479395983356,0.5376344086021506,1,1,0.17935797316953672,0.3866257042223049
1,0.5786837345206622,0.4,0.3837209302325581,0.51325,0.5118078022130188,0.7001649672599108,0.5913978494623656,0,1,0.4180722445612992,0.35163258418215015
2,0.23034924168637813,0.5,0.06976744186046513,0.18350000000000002,0.1810382809451277,0.26806335193203124,0.12473118279569895,0,0,0.43516084849317305,0.17791489619481968
0,0.6721469319604841,0.4,0.441860465116279,0.43124999999999997,0.5514231045204496,0.853815360535102,0.8215053763440862,1,1,0.2194759626921714,0.40395039505681374
1,0.6336941700292195,0.6000000000000001,0.20930232558139536,0.06975,0.6116454134619016,0.7221455878295826,0.5204301075268818,1,1,0.6588217614545948,0.47513746938634227
3,0.30477250591345484,0.8,0.7093023255813953,0.595,0.31470688201009583,0.3452939288670184,0.3870967741935485,1,1,0.8195279552404335,0.3018978304327884
3,0.7906887435647697,0.75,0.41860465116279066,0.603,0.6179269628268231,1.0,0.6118279569892474,0,2,0.14389063437683314,0.6667278218652913
3,0.5922693752608876,0.8,0.5232558139534883,0.504,0.4475950100076788,0.7850865092815198,0.6247311827956991,1,1,0.06716166644007071,0.5343549713118656
0,0.43449561708640594,0.8500000000000001,0.23255813953488372,0.6225,0.34703986706781303,0.5558157996970907,0.6677419354838711,0,1,0.22525673581998062,0.42376935259145154
1,0.18084875469597886,0.45000000000000007,0.22093023255813954,0.45699999999999996,0.1888241292060575,0.2462460095376976,0.41720430107526885,1,1,0.5991409208257144,0.13803207186312774
1,0.5196215388896619,0.7000000000000002,0.23255813953488372,0.6835,0.4383174511260212,0.6464070356002725,0.6161290322580646,1,1,0.31599851615839225,0.436354227064637
3,0.4303269792681229,0.6000000000000001,0.8372093023255813,0.7324999999999999,0.4181321517138938,0.4837876032452945,0.3333333333333334,1,1,0.7143529787536569,0.33600131541370626
4,0.12818143870877974,0.7000000000000002,0.11627906976744187,0.27125,0.07372323417968504,0.18056314079645974,0.24731182795698928,1,0,0.12034697739247435,0.14419945825724992
0,0.7720105746486712,0.8,0.40697674418604646,0.48125,0.625152632837775,0.887394361835697,0.5365591397849464,0,2,0.34230653247920406,0.6796856853565032
0,0.8533184917211631,0.75,0.5930232558139534,0.6379999999999999,0.6873764775488109,0.887394361835697,0.860215053763441,0,2,0.4935956897535809,0.7154197640909367
0,0.8545985807708362,0.55,0.5,0.30125,0.7773008220143758,0.887394361835697,0.938709677419355,1,2,0.7122349968524102,0.596224243420768
3,0.8788033950187838,0.9000000000000001,0.7209302325581395,0.9460000000000001,0.8077896247435139,1.0,0.7440860215053764,0,2,0.55935428866205,0.827634418838109
1,0.7551857520523166,0.55,0.1744186046511628,0.41075,0.6684059467012424,0.7747887236713942,0.831182795698925,1,2,0.6888724832245032,0.5313013076250725
1,0.3862139974954779,0.7000000000000002,0.313953488372093,0.497,0.3472979267110613,0.45791082759513774,0.5290322580645163,0,1,0.5128669916638242,0.3367843327304354
4,0.20296646723250314,0.6500000000000001,0.06976744186046513,0.018500000000000003,0.17215095859716262,0.2438193580352569,0.11612903225806454,1,0,0.5017312019197366,0.19023288015023412
2,0.05158202309725893,0.10000000000000009,0.1744186046511628,0.05725,0.027820088369692464,0.06664001666563446,0.03225806451612903,0,0,0.48171158567610917,0.02612584701392435
1,0.6116432447474607,0.25,0.2906976744186046,0.17325000000000002,0.5746925313762761,0.7105866190720169,0.7408602150537635,0,1,0.5795898481748669,0.3026057307036598
1,0.7529094197857241,0.6500000000000001,0.10465116279069767,0.18,0.5771661274688755,0.7747887236713942,0.367741935483871,1,1,0.4393050568811523,0.5835853677533254
3,0.8935967719493529,0.8,0.5348837209302325,0.4845,0.6817558126361107,1.0,0.29569892473118287,0,2,0.28356300030112913,0.7779948595017006
3,0.9716265479337691,0.7000000000000002,0.37209302325581395,0.9515,0.9125114868011934,1.0,0.5182795698924733,0,2,0.7885100745064861,0.7737121494033042
4,0.03861416446361485,0.7000000000000002,0.12790697674418605,0.01075,0.0,0.06539009408201069,0.2612903225806452,0,0,0.13647632104893392,0.07735013370488
1,0.6051314874078196,0.45000000000000007,0.441860465116279,0.509,0.4778509296441295,0.7747887236713942,0.5881720430107528,0,1,0.16764912281163413,0.38872690453731185
3,0.8276554890775011,0.8500000000000001,0.7093023255813953,0.43325,0.6565414972494619,1.0,0.6849462365591399,1,2,0.22838821498481576,0.7538874802038893
4,0.2790148879922081,0.7000000000000002,0.13953488372093023,0.20325,0.2552209871725475,0.32337524139833684,0.3096774193548388,0,1,0.6057178254634421,0.2567753325313925
4,0.3406984833727563,0.9500000000000002,0.1744186046511628,0.24375000000000002,0.2558315185236471,0.3806689900963341,0.13010752688172042,1,1,0.37243887626466377,0.37314479070210216
4,0.288938360929456,0.7000000000000002,0.18604651162790697,0.28625,0.2678847921046338,0.33213032976561135,0.07741935483870968,0,1,0.6338966702564035,0.26418180402066593
2,0.07849172116321132,0.55,0.05813953488372093,0.0,0.06719621344679566,0.08586179910028097,0.018279569892473115,0,0,0.7612827425214979,0.0893768227566571
4,0.1489745373591206,0.9000000000000001,0.24418604651162792,0.19324999999999998,0.1366142574805826,0.16637483038775752,0.34516129032258075,0,1,0.7281047470387552,0.19213451835954065
3,0.6768943926534019,0.9000000000000001,0.6627906976744186,0.5705,0.5973136620551618,0.8223702360777205,0.5666666666666668,0,2,0.3951727061326469,0.6518217614428011
2,0.23729511618199525,0.25,0.08139534883720931,0.186,0.1539860773675399,0.26806335193203124,0.04086021505376344,0,0,0.2660279569096251,0.1279819649857641
2,0.16164741895088355,0.6500000000000001,0.13953488372093023,0.12525,0.1454764032779869,0.18408206698909418,0.0978494623655914,0,0,0.672230840985055,0.16067899578548372
1,0.18436065117573394,0.55,0.3953488372093023,0.58825,0.1888241292060575,0.24690475252095873,0.7935483870967743,1,1,0.5954620338334318,0.15851600564243246
2,0.11203561986920829,0.15000000000000002,0.24418604651162792,0.09875,0.09384559221541058,0.12989060362252336,0.18279569892473121,0,0,0.6316482463855435,0.05564113437124091
0,0.6009739807986642,0.9000000000000001,0.313953488372093,0.31600000000000006,0.45671521544833144,0.7945341223235047,0.5956989247311829,0,1,0.0756568161257043,0.5857139148269626
0,0.4606149993042994,0.9000000000000001,0.45348837209302323,0.53175,0.4220533994637395,0.5415655561873982,0.9301075268817206,1,2,0.5385963893462524,0.4634960580859001
0,0.8497453735912063,0.6500000000000001,0.5930232558139534,0.8965,0.6798612772064101,0.887394361835697,0.8978494623655915,0,2,0.4753234609668522,0.65284830337594
2,0.021410880756922213,0.4,0.10465116279069767,0.19025,0.0,0.046309068695069566,0.03655913978494624,0,0,0.3158356431846101,0.039688454648516266
3,0.6748907750104355,0.75,0.9069767441860465,0.52675,0.5292614458892988,0.8792023016592441,0.3580645161290323,0,2,0.12214047756204782,0.5766998693240332
0,0.3216418533463198,0.75,0.5116279069767442,0.14225,0.25176550560807665,0.41624674147434565,0.8139784946236561,1,1,0.232189725565072,0.3020639879535798
0,0.8734715458466675,0.55,0.22093023255813954,0.2345,0.8473734563627437,0.887394361835697,0.5634408602150539,0,1,0.882607461745758,0.6085494967677171
4,0.16179769027410598,1.0,0.10465116279069767,0.16575,0.13120759324764913,0.1971499512980615,0.06451612903225808,1,0,0.47627755256777604,0.2203058336867065
4,0.06462223459023236,1.0,0.12790697674418605,0.18724999999999997,0.04561361547854331,0.0771067107330064,0.24623655913978496,1,1,0.596263859191003,0.12964613640493974
4,0.3180019479615973,0.75,0.18604651162790697,0.0,0.29571117461196644,0.3660471479806994,0.22365591397849466,0,1,0.6272777663734896,0.29923411767760255
0,0.29050786141644636,0.9500000000000002,0.6627906976744186,0.4205,0.25176550560807665,0.35572684124294107,0.6387096774193549,1,1,0.447738480685852,0.3278803665850303
1,0.6144093502156671,0.55,0.313953488372093,0.193,0.5374186482710004,0.7495312790311413,0.38817204301075275,0,1,0.382920587615444,0.4393653128867273
1,0.26859607624878246,0.4,0.3953488372093023,0.39525,0.21960875640428507,0.33415723125256885,0.3301075268817205,0,1,0.36609076502680216,0.17805509160298735
3,0.8231529149853902,0.7000000000000002,0.6744186046511628,0.54575,0.7559070481753296,0.976420379368395,0.5010752688172044,0,2,0.48709233343149894,0.6628975448495495
3,0.3915681090858494,0.8500000000000001,0.6162790697674418,0.49750000000000005,0.31470688201009583,0.5060553681922855,0.3182795698924732,0,1,0.23375123455766933,0.3877251131515409
3,0.5866592458605816,0.75,0.46511627906976744,0.47300000000000003,0.44109316582535024,0.7795463118838362,0.4064516129032259,0,1,0.05895858807819332,0.5081036407535937
1,0.6841296785863363,0.55,0.36046511627906974,0.56525,0.6146728936668386,0.7747887236713942,0.44838709677419364,1,1,0.5418969645508562,0.4848971467638227
0,0.4662473911228606,0.8500000000000001,0.5581395348837209,0.6144999999999999,0.4563690378781204,0.522270580087945,0.6322580645161291,1,1,0.7292056746600581,0.4504298460446722
1,0.6577264505356893,0.75,0.3953488372093023,0.18625,0.5598635430959604,0.7747887236713942,0.7290322580645162,0,1,0.39197745926678484,0.5633553434354799
4,0.3218589119243078,0.6000000000000001,0.16279069767441862,0.13875,0.2723976887926585,0.3806689900963341,0.2720430107526883,0,0,0.4529958380178376,0.2617915588517823
4,0.15732294420481427,0.3500000000000001,0.20930232558139536,0.01575,0.11791437455154269,0.19999324366171017,0.15806451612903227,0,0,0.3587237867162323,0.10740422143951261
1,0.27279254208988457,0.45000000000000007,0.19767441860465115,0.2345,0.23115849897405555,0.3323161290685825,0.8376344086021508,1,1,0.43560875374755015,0.19235865793185813
2,0.17861694726589675,0.75,0.08139534883720931,0.0655,0.15806467855839074,0.20715496224895985,0.061290322580645165,0,0,0.6160322409889385,0.1908682595865101
3,0.5654709892862111,0.75,0.7906976744186046,0.41200000000000003,0.5061493724744772,0.6784940121951906,0.37956989247311834,1,2,0.451968516470026,0.4916306802938911
4,0.19047168498678166,0.3500000000000001,0.19767441860465115,0.194,0.15095230302496254,0.23750218173423948,0.03870967741935484,0,0,0.39255352209518146,0.12492899362197435
0,0.8809517183804091,0.75,0.27906976744186046,0.43700000000000006,0.7420599453668852,0.887394361835697,0.8290322580645163,0,2,0.626551404744456,0.7369034122870026
2,0.07349937386948657,0.6000000000000001,0.16279069767441862,0.07625,0.05964324827855336,0.08251741164680118,0.12688172043010756,1,0,0.7080505515977971,0.09187333950654678
1,0.345312369556143,0.7000000000000002,0.27906976744186046,0.542,0.27133397953146443,0.4431031861765318,0.7301075268817205,0,1,0.23593987721405152,0.30625704222304917
2,0.09672464171420617,1.0,0.10465116279069767,0.0,0.04487090723699946,0.14272201609134572,0.16451612903225807,0,0,0.08167621043932694,0.15959602952757607
1,0.1890858494503965,0.55,0.2906976744186046,0.56725,0.1888241292060575,0.262089622827415,0.4010752688172044,0,1,0.5141205224319061,0.16160186234887888
2,0.02161124252121885,0.5,0.05813953488372093,0.1325,0.0,0.03362404355586088,0.13010752688172042,0,0,0.4587939093739788,0.04808702500151446
2,0.04839293168220396,0.4,0.08139534883720931,0.0,0.033308576391948536,0.05528373805676451,0.12473118279569895,1,0,0.679374570033769,0.054792173288447724
4,0.2767162933073605,0.30000000000000004,0.15116279069767444,0.2545,0.20676871561827315,0.3620777992354077,0.34946236559139787,0,0,0.19546745443169522,0.15844746566510606
4,0.35298733824961737,0.8,0.13953488372093023,0.0,0.33781266128727705,0.3806689900963341,0.17419354838709677,0,0,0.7710917739983609,0.3408821925869514
2,0.04705718658689301,0.7000000000000002,0.10465116279069767,0.14024999999999999,0.004525484963305182,0.0783341121889973,0.14408602150537636,1,0,0.08842635122121179,0.08365165768089103
3,0.4262251287046055,0.5,0.34883720930232553,0.57525,0.3360188320598195,0.5489468557690684,0.5075268817204301,1,1,0.20241588504975372,0.299742975085026
1,0.5899763461806038,0.8500000000000001,0.46511627906976744,0.46025000000000005,0.5877843376678962,0.6550438880474745,0.5376344086021506,1,1,0.7676092841076423,0.5543193166771958
0,0.290652567135105,0.75,0.40697674418604646,0.6772499999999999,0.2529047445209532,0.34899865436262395,0.6419354838709679,1,1,0.4810030532411995,0.27797114743883755
0,0.7908334492834284,0.8500000000000001,0.27906976744186046,0.303,0.6135336547539623,0.887394361835697,0.5268817204301076,0,2,0.31405650371848215,0.7229697195226433
3,0.3864588840962849,0.7000000000000002,0.5232558139534883,0.41700000000000004,0.37967497073226003,0.4294441222672019,0.6075268817204302,1,1,0.7588004723200228,0.3369671060033058
3,0.9201725337414774,0.6500000000000001,0.4767441860465116,0.50575,0.8569594279887713,1.0,0.40537634408602163,0,2,0.6669492519398921,0.703222071257345
2,0.19126756643940448,0.45000000000000007,0.09302325581395349,0.029750000000000002,0.12243356537720768,0.26462887996802,0.04408602150537634,0,0,0.08240654973120076,0.14418820800844637
0,0.8703158480589953,0.7000000000000002,0.441860465116279,0.41375,0.692449552486814,0.887394361835697,0.6634408602150539,1,2,0.5059302093533331,0.6980980156291918
3,0.57095310978155,0.75,0.5465116279069767,0.52325,0.4497538992182681,0.740027363170074,0.5838709677419355,0,1,0.15399146273073883,0.4958927937829396
1,0.26094893557812715,0.4,0.19767441860465115,0.0645,0.1888241292060575,0.3527709432411281,0.6010752688172044,1,0,0.13576189884556467,0.17377445847360085
1,0.3254932517044664,0.45000000000000007,0.43023255813953487,0.1875,0.22959125870164526,0.4403443480415065,0.4881720430107528,1,0,0.06271833600833077,0.22349778889340824
4,0.09161541672464171,0.7000000000000002,0.25581395348837205,0.37124999999999997,0.04638779440828811,0.1310335508498911,0.07741935483870968,0,0,0.16738555836743463,0.11690808546727477
3,0.6223625991373313,0.75,0.5697674418604651,0.46875,0.49776558113772834,0.8010877704646673,0.5462365591397851,0,1,0.17373367008164853,0.5358614661670403
0,0.674356476972311,0.7000000000000002,0.5581395348837209,0.5105,0.5176235853925655,0.887394361835697,0.938709677419355,1,2,0.08086368776188135,0.5518420118906477
4,0.21705857798803393,0.5,0.24418604651162792,0.405,0.2000969297196591,0.24733265394598308,0.3096774193548388,1,1,0.667470878654991,0.16964855953545127
2,0.02898566856824822,0.050000000000000044,0.10465116279069767,0.174,0.0,0.05499659367944554,0.13333333333333333,0,0,0.2294861046576684,0.013320813825690371
2,0.07830805621260609,0.55,0.11627906976744187,0.224,0.055017057113004975,0.09638479598673508,0.04516129032258065,0,0,0.5201642608518855,0.08925687779633588
4,0.2668985668568248,0.6000000000000001,0.19767441860465115,0.33325,0.2406626468107605,0.31188946630557796,0.08064516129032259,1,0,0.5786053478915469,0.2241897657352038
3,0.9140225406984832,0.6500000000000001,0.36046511627906974,0.5489999999999999,0.7615969486020722,1.0,0.4311827956989248,0,2,0.45827397177827023,0.6988232239751457
4,0.06020314456657855,0.55,0.046511627906976744,0.374,0.03027480204937122,0.0818924503549893,0.24408602150537637,1,0,0.3666385899993696,0.0774332124652757
4,0.11528036732990121,0.6000000000000001,0.27906976744186046,0.426,0.08895504726897369,0.1408302413701854,0.3301075268817205,0,1,0.4997861864530564,0.12045831782818275
2,0.23813552247112837,0.3500000000000001,0.15116279069767444,0.16049999999999998,0.1596004481426,0.26806335193203124,0.13333333333333333,0,0,0.301129524916262,0.1501274739729821
0,0.7889021844997912,0.5,0.27906976744186046,0.8492500000000001,0.5950288900917684,0.887394361835697,0.9236559139784948,1,2,0.26906458359035446,0.5253156560193158
4,0.04995686656463058,0.55,0.27906976744186046,0.16174999999999998,0.007666259645765949,0.08138572498324992,0.23655913978494628,0,0,0.102606027669369,0.07074173755765753
0,0.34542924725198276,0.8500000000000001,0.441860465116279,0.22249999999999998,0.30985410188950013,0.40887670245649205,0.560215053763441,0,1,0.523405604443268,0.3489844486945385
2,0.027560873799916508,0.75,0.06976744186046513,0.0,0.0,0.046185202493088856,0.19032258064516133,1,0,0.31712979263055385,0.07342864313345392
4,0.22479476833171005,0.9500000000000002,0.25581395348837205,0.309,0.1412278603708506,0.3156504946202657,0.043010752688172046,1,1,0.006345464929637723,0.26861699826053853
4,0.013763740086266851,0.5,0.16279069767441862,0.061000000000000006,0.0,0.03862373389035592,0.27311827956989254,0,0,0.3998186171101614,0.04320614782826929
2,0.20749686934743286,0.10000000000000009,0.13953488372093023,0.21125000000000002,0.15225518951648437,0.26806335193203124,0.0924731182795699,0,0,0.25520628515870025,0.08431005685702665
1,0.33978572422429376,0.6000000000000001,0.3837209302325581,0.4525,0.26419642744747546,0.43830055570882437,0.6397849462365592,0,1,0.21941049133794,0.27405640701669365
3,0.7047947683317101,0.8,0.6046511627906976,0.26,0.6606515691285137,0.8221619156471165,0.7344086021505377,1,2,0.5601775959090693,0.6253379834361722
0,0.6259746764992347,0.5,0.34883720930232553,0.35125000000000006,0.4964186356827252,0.8096007567098884,0.5795698924731184,0,1,0.15510611420353015,0.4239803380267064
3,0.7758508417976901,0.7000000000000002,0.6511627906976744,0.55875,0.6362932564609323,0.9877203551581828,0.7204301075268817,0,2,0.20246843672710702,0.6275932256194129
1,0.4046918046472797,0.45000000000000007,0.441860465116279,0.4305,0.29711476730573144,0.5401748765560692,0.37419354838709684,1,1,0.08072907419685005,0.2702936314937734
3,0.6399999999999999,0.7000000000000002,0.5813953488372092,0.69425,0.5235400747743553,0.813722123066702,0.6086021505376344,1,2,0.21903068185852614,0.5261997524945263
2,0.19095589258383192,0.4,0.15116279069767444,0.0,0.15211671848839992,0.23744024863324908,0.15698924731182798,0,0,0.4007665542233647,0.13459451507100637
1,0.36702379295951015,0.4,0.3837209302325581,0.42974999999999997,0.30986039602714033,0.4525733203461498,0.5666666666666668,1,1,0.37185811730179785,0.2331518870128859
4,0.14332544872686795,0.4,0.1744186046511628,0.20299999999999999,0.1018643235690278,0.18603014452933658,0.3526881720430108,0,0,0.3144347093679343,0.10793246389102837
4,0.26589119243077775,0.6500000000000001,0.23255813953488372,0.026250000000000002,0.18649529827918276,0.35830551035690356,0.05161290322580646,0,0,0.10540930308087293,0.23524045243308264
0,0.8700709614581883,0.9500000000000002,0.46511627906976744,0.333,0.6821586374450836,0.887394361835697,0.9408602150537636,1,2,0.4809091925473845,0.8505594835270395
2,0.04928899401697509,0.7000000000000002,0.08139534883720931,0.09175000000000001,0.011663037047294156,0.07645922831356167,0.10752688172043012,0,0,0.18982631965896002,0.08531738682682406
1,0.3310198970363155,0.6500000000000001,0.45348837209302323,0.31175,0.240429763718073,0.4418363727471835,0.4989247311827958,1,1,0.10568334770231558,0.28182444419443886
2,0.04143592597745929,0.5,0.16279069767441862,0.04125,0.016408816828006406,0.05632534020978433,0.11612903225806454,0,0,0.4386961342448652,0.060417297690237376
1,0.2556838736607764,0.6000000000000001,0.46511627906976744,0.0,0.24299777187527544,0.2871105956275231,0.5021505376344086,1,1,0.7162166794362401,0.21651709605116268
2,0.004157506609155412,0.45000000000000007,0.046511627906976744,0.12675,0.0,0.004729436802900749,0.15053763440860218,0,0,0.887958905239959,0.03363097453116752
1,0.22659802421037986,0.55,0.3255813953488372,0.30175,0.2003612835005476,0.26640241876910775,0.46774193548387105,0,1,0.5646023481770464,0.1860997118205499
3,0.8880923890357589,0.7000000000000002,0.6046511627906976,0.37124999999999997,0.8478958697868804,1.0,0.6795698924731184,0,2,0.6471160789854509,0.7113656936643793
3,0.2828941143731738,0.8500000000000001,0.6395348837209303,0.5855,0.31470688201009583,0.345963932414096,0.4021505376344087,1,1,0.8162586121533033,0.29647659515546976
2,0.1358007513566161,0.3500000000000001,0.13953488372093023,0.21275,0.11708984252067622,0.1571862103135504,0.16344086021505377,0,0,0.6300057812170603,0.09602606596107416
1,0.17481007374426047,0.8500000000000001,0.3023255813953488,0.496,0.1888241292060575,0.2077292510035978,0.5827956989247314,1,1,0.8394920206869936,0.20572343426825784
1,0.5481007374426046,0.25,0.3837209302325581,0.5439999999999999,0.48004758368055994,0.6666985715974798,0.3612903225806452,0,1,0.39963934801492673,0.2729647867212448
0,0.6914929734242381,0.6500000000000001,0.5232558139534883,0.5745,0.6757260287767972,0.7817702732375811,0.79247311827957,1,2,0.6920328117490866,0.5396566077903646
1,0.1708195352720189,0.6000000000000001,0.313953488372093,0.849,0.1888241292060575,0.19586061674108024,0.49677419354838714,0,1,0.9251462961677974,0.15845611970264728
4,0.12922777236677332,0.9000000000000001,0.3372093023255814,0.0,0.0899872858419668,0.16812584806121245,0.3258064516129033,0,0,0.3243915532722621,0.1749399842496517
4,0.2055711701683595,0.6000000000000001,0.313953488372093,0.22125,0.14986341721320762,0.2690373907021525,0.2817204301075269,0,0,0.23600248663515622,0.18223187628187928
2,0.10884096284958952,0.7000000000000002,0.046511627906976744,0.0965,0.058044537317942096,0.15545771376772838,0.006451612903225806,0,0,0.1261647360463869,0.12976452363850355
2,0.08778071518018643,0.30000000000000004,0.023255813953488372,0.0,0.04385755107692696,0.1255383957074731,0.025806451612903226,0,0,0.1786674905844532,0.06443830969338744
3,0.48377347989425346,0.8,0.5232558139534883,0.71475,0.38301715781920714,0.6233454009042232,0.4311827956989248,1,1,0.18955218548923436,0.4466300312410756
1,0.48318909141505495,0.55,0.3023255813953488,0.29600000000000004,0.408917534208638,0.5989944316511928,0.7225806451612904,1,1,0.3337719549998093,0.35367009078085376
1,0.46635870321413664,0.55,0.3372093023255814,0.37449999999999994,0.3930500132176891,0.5791307970790098,0.7913978494623657,1,1,0.32952289857443895,0.3426787707805077
0,0.3353833310143314,0.45000000000000007,0.6162790697674418,0.19525,0.26141441861050624,0.4318820343334591,0.9989247311827958,0,1,0.22671707095552085,0.22934151428348895
3,0.5338973145957979,0.55,0.441860465116279,0.41025,0.45755233575447835,0.6580729797140943,0.6935483870967744,1,1,0.3496671170269052,0.3867858039168174
1,0.7010212884374564,0.8,0.26744186046511625,0.23625000000000002,0.6522677777917647,0.7747887236713942,0.5903225806451613,1,1,0.6447299003641034,0.6222869159606416
2,0.04063447892027269,0.55,0.13953488372093023,0.1465,0.0,0.07400442540157987,0.1709677419354839,0,0,0.06671221752937195,0.06465362214741288
1,0.2442910811186865,0.9000000000000001,0.3953488372093023,0.35950000000000004,0.2068316569946752,0.2964118213398945,0.6559139784946237,0,1,0.45684040211902,0.2751315846408142
3,0.8261138166133295,0.7000000000000002,0.6511627906976744,0.80625,0.7628305995795517,0.9762233195016075,0.5763440860215056,0,2,0.5029218085560294,0.6651074398760742
4,0.09892305551690553,0.6000000000000001,0.20930232558139536,0.023999999999999997,0.05270710859905087,0.14017149838692428,0.17204301075268819,0,0,0.169201192735148,0.10926726264138537
3,0.3760345067482955,0.8500000000000001,0.8372093023255813,0.6809999999999999,0.330612167826886,0.4522355034316568,0.7548387096774195,0,2,0.4613643650740684,0.3746822670116743
0,0.4628468067343815,1.0,0.34883720930232553,0.47125,0.41309054746409196,0.5540985637150853,0.6623655913978496,1,2,0.4688607272056171,0.5011691604718183
2,0.06185612912202587,0.20000000000000007,0.08139534883720931,0.0945,0.025629728470902197,0.08939761613864008,0.010752688172043012,1,0,0.2490581106272136,0.0407494396510692
4,0.10723806873521635,0.9000000000000001,0.22093023255813954,0.30025,0.0859842143027984,0.12722748027993763,0.22258064516129036,0,1,0.5774107747716559,0.15579240694746135
2,0.2632363990538472,0.4,0.08139534883720931,0.0,0.2046601795088055,0.26806335193203124,0.1763440860215054,0,0,0.5828471542430698,0.17505490986819902
1,0.5808209266731599,0.7000000000000002,0.06976744186046513,0.36675,0.5779780712244615,0.6452922397824459,0.6806451612903227,1,1,0.7647454535509384,0.48203092953017235
4,0.38015861973006815,0.8,0.20930232558139536,0.146,0.3001044826848273,0.3806689900963341,0.1795698924731183,1,1,0.5877267444150533,0.3628516784505812
0,0.6386531236955614,0.8,0.6162790697674418,0.636,0.5582396555847884,0.7799516921812275,0.8161290322580647,1,2,0.37687203372944644,0.5718588007234775
3,0.883539724502574,0.8,0.5581395348837209,0.59675,0.7628180113042713,1.0,0.613978494623656,1,2,0.46094594091241037,0.7698631796664734
2,0.09827187978294141,0.0,0.09302325581395349,0.0,0.04968592253175394,0.141550917454437,0.12258064516129033,0,0,0.13286242502682688,0.030495097487732895
0,0.7087352163628774,0.9500000000000002,0.34883720930232553,0.29025,0.5484019184531528,0.887394361835697,0.9849462365591399,0,2,0.1556971875668276,0.7050588041850926
4,0.11262000834840682,0.9000000000000001,0.16279069767441862,0.41125,0.06811515754226516,0.15410081582784851,0.3107526881720431,0,1,0.22253641400918922,0.16047874135678
1,0.5695951022679838,0.3500000000000001,0.15116279069767444,0.50225,0.5334344591447526,0.6624251876291447,0.34731182795698934,1,1,0.5766854194363737,0.32536048393377937
4,0.18398775566995965,0.9500000000000002,0.18604651162790697,0.41175000000000006,0.12573169350067348,0.24695542505813267,0.06989247311827958,1,1,0.1783981868801252,0.23181518437426982
2,0.07057186586893002,0.45000000000000007,0.03488372093023256,0.1435,0.027366910459597937,0.10546644070468608,0.19354838709677422,0,0,0.14728217057395088,0.07287305392330792
3,0.7976457492695144,0.8,0.6395348837209303,0.62875,0.6460617580785257,1.0,0.7591397849462367,1,2,0.20545610875624365,0.7004131437522176
0,0.5004925560038959,0.9000000000000001,0.5232558139534883,0.42775,0.43338284721610293,0.6121186187792422,0.69247311827957,0,2,0.38312472610977566,0.49821951831627054
4,0.09003478502852372,0.9000000000000001,0.13953488372093023,0.271,0.06923551404222109,0.10739762739920389,0.16129032258064518,1,0,0.5757070261149131,0.14081261412512006
1,0.26994851815778487,0.5,0.12790697674418605,0.481,0.21245232190737545,0.3433008090715102,0.4698924731182797,1,1,0.29248364370596414,0.2025442870371172
2,0.06986503408932793,0.30000000000000004,0.18604651162790697,0.0,0.041000012588275264,0.09184115848680546,0.18709677419354842,0,0,0.4034395905442094,0.05552395870293285
1,0.5397411993877834,0.45000000000000007,0.34883720930232553,0.235,0.5313448054482055,0.60389277691134,0.7516129032258065,0,1,0.7348505299678283,0.3500899154500532
3,0.5797634618060387,0.9500000000000002,0.3837209302325581,0.6272500000000001,0.5057906066289859,0.7077264358626438,0.746236559139785,1,2,0.38304239243638705,0.5887455972584009
0,0.333730346458884,0.6500000000000001,0.40697674418604646,0.77975,0.25176550560807665,0.4382498831716504,0.7913978494623657,0,1,0.16528314851220238,0.28376312168442186
2,0.03184082370947541,0.6500000000000001,0.10465116279069767,0.11900000000000001,0.004689132541950414,0.047401343385263306,0.00967741935483871,0,0,0.37111560927047993,0.06783346170155685
1,0.7432864894949213,0.25,0.45348837209302323,0.36624999999999996,0.5540729364669748,0.7747887236713942,0.38602150537634417,0,1,0.37613846697678155,0.3640139156923663
1,0.6691470711005982,0.3500000000000001,0.43023255813953487,0.34675,0.5443736703634237,0.7747887236713942,0.37526881720430116,1,1,0.3496081548910268,0.37799070556368075
4,0.1904160289411437,0.6500000000000001,0.13953488372093023,0.057,0.17733732801268898,0.21378743433683728,0.08924731182795699,0,0,0.714790995006495,0.1812560470087319
1,0.29527201892305555,0.55,0.40697674418604646,0.685,0.2806178325507623,0.33355479108838987,0.4580645161290324,0,1,0.6955980754724262,0.23094822289339093
1,0.6417086406010852,0.4,0.40697674418604646,0.1215,0.5572011228741551,0.7747887236713942,0.6430107526881722,0,1,0.3846949660725767,0.38691197978416836
0,0.5465534993738694,1.0,0.36046511627906974,0.484,0.43445914475257746,0.704337006153898,0.5473118279569894,1,1,0.17899618250799842,0.579263195243741
0,0.509670237929595,0.55,0.5116279069767442,0.6235,0.46779289769508686,0.5998952767565071,0.5763440860215056,0,1,0.531355236804232,0.3709639732417159
4,0.37426464449700847,0.8,0.20930232558139536,0.299,0.3474615742897066,0.3806689900963341,0.22258064516129036,1,1,0.8180119192748105,0.35808607305738493
1,0.6247836371225824,0.7000000000000002,0.3837209302325581,0.0745,0.5439708455544505,0.7646598465185153,0.37741935483870975,1,1,0.3693418786818998,0.5148428859484393
4,0.33744260470293586,0.7000000000000002,0.10465116279069767,0.064,0.3186281297599416,0.3806689900963341,0.31182795698924737,0,1,0.6778024049164177,0.3003833738630759
4,0.38790037567830804,0.55,0.1744186046511628,0.42275,0.2992610682410403,0.3806689900963341,0.0870967741935484,1,1,0.5836254401312673,0.2914404645487352
3,0.7226603589814943,0.75,0.4767441860465116,0.5439999999999999,0.6797920416923677,0.8411922684968838,0.6129032258064517,1,2,0.5687246132540287,0.6138386714321568
4,0.25192709058021423,0.8500000000000001,0.15116279069767444,0.275,0.22149070355870543,0.2987427580498956,0.23440860215053763,1,1,0.5312228469022184,0.2704750201206373
1,0.6908251008765827,0.8,0.40697674418604646,0.40399999999999997,0.5511146917760796,0.7747887236713942,0.39139784946236567,0,1,0.3680468078721062,0.6140427336373786
4,0.3748657297898984,0.7000000000000002,0.16279069767441862,0.04625,0.33515024106547164,0.3806689900963341,0.3215053763440861,0,1,0.7581451194308866,0.3283144531080976
3,0.5242910811186864,0.7000000000000002,0.6627906976744186,0.6517499999999999,0.48048187917773383,0.618131759857216,0.6322580645161291,0,2,0.5239893116540568,0.43983938106323506
2,0.0631195213580075,0.5,0.1744186046511628,0.40149999999999997,0.01826558743186596,0.09854119395758149,0.1602150537634409,0,0,0.09772193287723918,0.07390374979446661
1,0.690869625713093,0.6500000000000001,0.43023255813953487,0.43700000000000006,0.5988242550888103,0.7747887236713942,0.4258064516129033,1,2,0.49854633130495696,0.5392107517762412
2,0.1724112981772645,0.30000000000000004,0.046511627906976744,0.19125,0.10441344931330959,0.24259195657926597,0.1709677419354839,0,0,0.055579145149311726,0.10654816404593562
0,0.3836259913733129,0.5,0.3023255813953488,0.55275,0.2814297763063483,0.5115899353080609,0.6913978494623657,0,1,0.09025039141077129,0.27324777374884257
3,0.812611659941561,0.8,0.5116279069767442,0.7582500000000001,0.6942748524024724,1.0,0.5956989247311829,1,2,0.31095757044445027,0.7125139113653476
1,0.2966801168776958,0.45000000000000007,0.26744186046511625,0.29225,0.27759664648346527,0.3391006187679817,0.6333333333333334,0,1,0.6536108627774844,0.2064730470000779
3,0.7020843189091415,0.8,0.36046511627906974,0.5125,0.5841777968000605,0.8850972068171454,0.6548387096774195,1,2,0.2466036742452915,0.6231464349692349
3,0.37029636844302205,1.0,0.5697674418604651,0.01425,0.31470688201009583,0.4952339663646959,0.6612903225806452,0,1,0.26366581644987264,0.41482436630810104
3,0.8867677751495755,0.6000000000000001,0.37209302325581395,0.591,0.7804353025591964,1.0,0.581720430107527,0,2,0.49949667084260496,0.6482808754424377
0,0.5968832614442743,0.8,0.5232558139534883,0.12200000000000001,0.569732750915797,0.6851658962564255,0.5247311827956991,1,1,0.6291817095971382,0.5380855538151325
0,0.7270961458188395,0.55,0.5,0.548,0.6966162716046276,0.8351228245998279,0.6774193548387099,1,2,0.6248155487360025,0.5129569980874578
1,0.26210101572283284,0.75,0.6046511627906976,0.45525000000000004,0.1888241292060575,0.3529680031079156,0.7763440860215055,1,1,0.13509567298775038,0.25577354114562145
0,0.26701544455266446,0.75,0.43023255813953487,0.23675000000000002,0.25176550560807665,0.3076554943106002,0.5881720430107528,1,1,0.6618176435765217,0.2595942987200679
2,0.26496173646862387,0.6000000000000001,0.023255813953488372,0.20875000000000002,0.1983345711804026,0.26806335193203124,0.08387096774193549,1,1,0.5432988629351436,0.22286465950689296
0,0.8889550577431473,0.9000000000000001,0.6511627906976744,0.1525,0.72162917458679,0.887394361835697,0.6258064516129033,0,2,0.5768766521131965,0.8364739989442075
2,0.01922916376791428,0.5,0.13953488372093023,0.13674999999999998,0.005091957350923354,0.0215189374531983,0.1774193548387097,1,0,0.703153946223751,0.046605453774458475
0,0.2940420203144566,0.8,0.5465116279069767,0.47225000000000006,0.25176550560807665,0.3732144968498573,0.5333333333333334,0,1,0.3800858361517909,0.293221638555468
3,0.7934659802421038,0.7000000000000002,0.5697674418604651,0.731,0.7790254157277912,0.895687767086498,0.7333333333333334,0,2,0.6985695712018167,0.6407404394520264
4,0.0764547098928621,0.75,0.16279069767441862,0.298,0.049352333236823254,0.09771354251707384,0.09892473118279571,0,1,0.4458871989143387,0.11144150303324016
3,0.9937164324474745,0.8,0.5813953488372092,0.41025,0.8327899394503959,1.0,0.3440860215053764,1,2,0.6140607907280493,0.8589471497927359
2,0.09290663698344231,0.3500000000000001,0.15116279069767444,0.06799999999999999,0.06997192814612471,0.11254933534522077,0.11720430107526883,0,0,0.5388467149721274,0.07334919906882556
3,0.5343982190065395,0.6500000000000001,0.6976744186046512,0.68425,0.5235086040861543,0.6000979669052029,0.31397849462365596,1,1,0.7198539221763787,0.42729293051673267
2,0.030928064561012936,0.6000000000000001,0.046511627906976744,0.41375,0.0,0.05728811841608911,0.037634408602150546,0,1,0.20807343406896495,0.06274765691933572
1,0.1930485598998191,0.75,0.41860465116279066,0.28725,0.1888241292060575,0.27421161977580216,0.4397849462365592,0,1,0.45361597382632723,0.20208821925869516
3,0.29098093780436896,0.6500000000000001,0.627906976744186,0.75125,0.31470688201009583,0.3283749317328319,0.7043010752688174,1,1,0.9052811784855932,0.253186157001549
1,0.44553221093641293,0.7000000000000002,0.2906976744186046,0.4255,0.3218444340940848,0.6006891465055655,0.570967741935484,0,1,0.034307223299448575,0.381057004145284
3,0.5963545290107137,0.7000000000000002,0.5581395348837209,0.57125,0.46060499250997616,0.7817139704184988,0.5967741935483871,0,1,0.1082381552720244,0.49362457054338704
2,0.17268957840545426,0.45000000000000007,0.0,0.34,0.1386346756630874,0.21255440259893815,0.19247311827956992,0,0,0.44115732117964157,0.13321108062966777
2,0.23737860025045218,0.4,0.09302325581395349,0.11900000000000001,0.16126210047961326,0.26806335193203124,0.0,0,0,0.31151832979715,0.16058051283826466
1,0.5458077083623208,0.6500000000000001,0.24418604651162792,0.5045000000000001,0.42785030023036547,0.7087455168880306,0.4021505376344087,0,1,0.15070820397720142,0.43545368791809824
2,0.11577014053151521,0.4,0.09302325581395349,0.0,0.05841589143871398,0.16915055936850765,0.0946236559139785,0,0,0.05459085774680661,0.09250785353906865
1,0.569127591484625,0.5,0.3023255813953488,0.16125,0.522287541383955,0.6714505295280135,0.5440860215053764,0,1,0.5189268639893918,0.38862340224831904
4,0.10332544872686794,0.7000000000000002,0.13953488372093023,0.045,0.055577235362982924,0.14650556553366628,0.2989247311827958,0,0,0.15673567687639256,0.12564797106089845
1,0.5619813552247112,0.6500000000000001,0.36046511627906974,0.47425,0.4838807135034429,0.6913535760735541,0.5064516129032259,1,1,0.35438719058213164,0.4470220591416926
4,0.027377208849311246,0.8,0.18604651162790697,0.22349999999999998,0.010391621243973359,0.03326933579564331,0.3290322580645162,0,0,0.6238315887918111,0.07760837018510985
3,0.8900848754695978,0.7000000000000002,0.3953488372093023,0.6784999999999999,0.6997318697365273,1.0,0.6397849462365592,0,2,0.32289879332743676,0.7128528034754615
3,0.658500069570057,0.9500000000000002,0.6627906976744186,0.68475,0.6125454751444506,0.771540051010354,0.5634408602150539,0,2,0.5433881802522931,0.6597542253338297
1,0.3539947126756644,0.45000000000000007,0.45348837209302323,0.68925,0.33166958295044,0.40669215307610457,0.4827956989247313,1,1,0.6325371045691706,0.24033837286786155
0,0.4542312508696257,0.75,0.5813953488372092,0.19824999999999998,0.38734752451566606,0.5596950639318512,0.8645161290322582,1,1,0.36042433548526165,0.40514655612576045
1,0.6211993877834979,0.6000000000000001,0.27906976744186046,0.51,0.5521846951749141,0.7500605255305133,0.44301075268817214,0,1,0.42332238539168676,0.4665890111031302
0,0.6615333240573257,0.6500000000000001,0.37209302325581395,0.7077500000000001,0.6410516245169249,0.7521775115280023,0.6494623655913979,0,2,0.6680606056091214,0.5182276531115593
0,0.2952386252956727,0.8,0.4883720930232558,0.5622499999999999,0.2691121489444731,0.34377375275180033,0.5516129032258066,1,1,0.5878540319861456,0.2941891599525759
3,0.6534687630443857,0.6500000000000001,0.26744186046511625,0.6094999999999999,0.49152809073628817,0.8696139315695537,0.36021505376344093,1,1,0.044223127227666525,0.512459390928838
1,0.7769917907332683,0.45000000000000007,0.37209302325581395,0.23925,0.7243608303226374,0.7747887236713942,0.7430107526881722,1,1,0.8419253543746403,0.49027355412667784
0,0.2927062752191457,0.75,0.40697674418604646,0.7565,0.27739523407897887,0.33124637550602165,0.7612903225806452,0,1,0.6892348834765458,0.27956781736519176
1,0.5013440935021566,0.7000000000000002,0.46511627906976744,0.36225,0.3706177066680095,0.669975395668061,0.5204301075268818,1,1,0.05315226971134934,0.42271269460766914
3,0.8922443300403506,0.9500000000000002,0.627906976744186,0.6587500000000001,0.8714107680106749,1.0,0.4881720430107528,1,2,0.6985721443728063,0.8705565411542756
4,0.3540002782802282,0.9500000000000002,0.15116279069767444,0.04975,0.30908621709739553,0.3806689900963341,0.2483870967741936,0,1,0.6314025743625382,0.38514101754173413
2,0.011203561986920824,0.30000000000000004,0.06976744186046513,0.1885,0.0,0.01493713790249479,0.07956989247311828,0,0,0.7162519144049078,0.02633562088392339
0,0.8678892444691805,0.6000000000000001,0.41860465116279066,0.52525,0.7721018643235691,0.887394361835697,0.7096774193548389,1,2,0.6995944097687936,0.6353648974929254
0,0.5870265757617921,0.8500000000000001,0.37209302325581395,0.40825,0.4928813303289317,0.7339691798368344,0.8021505376344088,0,1,0.2890930436290453,0.5518425311329002
4,0.09727563656602195,0.6500000000000001,0.22093023255813954,0.179,0.08493938745452487,0.1079944372814747,0.24193548387096778,0,0,0.7357850674631841,0.11463640061270586
3,0.8465451509670237,0.8,0.46511627906976744,0.52725,0.8432759727589723,0.9456002162028254,0.760215053763441,1,2,0.744660605990817,0.7399510181475168
4,0.1901711423403367,0.45000000000000007,0.12790697674418605,0.26225,0.15504978662873398,0.23322879776590416,0.11612903225806454,0,0,0.4429720048948178,0.143540366758111
0,0.7641853346319742,0.7000000000000002,0.627906976744186,0.323,0.6091906997822227,0.887394361835697,0.5645161290322582,1,2,0.30349717552514566,0.6188865715299473
1,0.2637985251147905,0.8,0.40697674418604646,0.0945,0.22303276728055493,0.3213877518847369,0.4956989247311828,0,1,0.43773851086098503,0.2687680977560081
1,0.48020592736886036,0.6000000000000001,0.27906976744186046,0.43674999999999997,0.353396946084417,0.6426178558760438,0.5010752688172044,1,1,0.05264792275409369,0.37012660856922797
2,0.04766940308891052,0.5,0.16279069767441862,0.12575,0.026680849456815925,0.05974292132807091,0.054838709677419356,1,0,0.5395628521775613,0.06429430650870163
1,0.3332628356755253,0.4,0.25581395348837205,0.50925,0.3167650650184418,0.3780846907004634,0.5741935483870969,1,1,0.6797767324601012,0.21425354599188254
4,0.08496451927090579,0.7000000000000002,0.18604651162790697,0.17375000000000002,0.033188987776784695,0.129383878250784,0.28709677419354845,0,1,0.05072809568672931,0.11194412953363389
4,0.1857687491303743,0.3500000000000001,0.23255813953488372,0.29600000000000004,0.16116139427737008,0.21885468805423092,0.08172043010752689,1,0,0.5669291441245023,0.12244268863638333
1,0.3728398497286768,0.5,0.41860465116279066,0.49924999999999997,0.313403995518574,0.4611651305380861,0.6580645161290324,0,1,0.35957784353098354,0.2665391638468928
0,0.6669542229024628,0.9500000000000002,0.27906976744186046,0.42000000000000004,0.6187389065824092,0.7830990197679197,0.7129032258064518,0,2,0.5344013563094865,0.6673786054883908
3,0.6299596493669125,0.75,0.686046511627907,0.538,0.508446732713151,0.8069038516758533,0.45161290322580655,1,2,0.1916113342294199,0.5417678467889194
4,0.0009461527758452687,0.6000000000000001,0.24418604651162792,0.236,0.0,0.006272134045751693,0.058064516129032254,0,0,0.8603094584331117,0.04223516481614498
1,0.3525699179073326,0.3500000000000001,0.3837209302325581,0.56975,0.3063545613615479,0.42646570313775617,0.5408602150537636,0,1,0.4439033089392945,0.21062560037385444
4,0.29845554473354663,0.55,0.13953488372093023,0.06425,0.22232152972721209,0.3806689900963341,0.03655913978494624,1,0,0.20948854785512805,0.2330272688722924
4,0.3145791011548629,0.55,0.25581395348837205,0.0,0.25527763441130935,0.3806689900963341,0.27096774193548395,0,0,0.36974548240665506,0.24355698251019012
0,0.533596771949353,0.45000000000000007,0.5813953488372092,0.11525,0.5214504210778081,0.6003119176177152,0.8225806451612905,0,1,0.7122228434502313,0.34645937362076273
2,0.11715597606790037,0.050000000000000044,0.13953488372093023,0.154,0.1060876899256033,0.12930505430406902,0.14946236559139786,0,0,0.7546272227553354,0.04348221162583403
4,0.05387505217754279,0.3500000000000001,0.20930232558139536,0.1885,0.034227520487418006,0.06555337225734895,0.12473118279569895,1,0,0.5752565449664424,0.05271433887480205
1,0.7502101015722832,0.5,0.3837209302325581,0.52925,0.7048112388121703,0.7747887236713942,0.37096774193548393,1,1,0.7884515390999132,0.5012505084247056
4,0.2908529288994016,0.7000000000000002,0.20930232558139536,0.24475,0.25875829252634097,0.34416787248537534,0.13548387096774195,1,1,0.5318613533709999,0.26561075869947126
3,0.5148852094058717,0.75,0.5116279069767442,0.323,0.4029255151751659,0.6684833709623841,0.26344086021505386,0,1,0.1562331834789119,0.4523024066878403
3,0.5244914428829831,0.9500000000000002,0.6511627906976744,0.44475,0.4858507785848261,0.6137401399688083,0.6838709677419357,1,1,0.5537901226840403,0.5388985141017543
4,0.039098372060665076,0.9000000000000001,0.3255813953488372,0.32849999999999996,0.0,0.0674676681061421,0.33440860215053775,0,1,0.11908253891697007,0.09645963324188903
1,0.17007930986503408,0.6000000000000001,0.16279069767441862,0.2605,0.1888241292060575,0.23703486833585757,0.6698924731182797,1,1,0.6519807833167539,0.15794968542573537
3,0.7317211632113537,0.7000000000000002,0.6744186046511628,0.17149999999999999,0.5753785923790582,0.9529195826835051,0.6655913978494625,0,1,0.11774281822571919,0.5946566510605523
3,0.6685682482259635,0.6500000000000001,0.2906976744186046,0.81525,0.6005425546645855,0.8026360979894265,0.3150537634408603,0,2,0.44366551923669073,0.5232594566995232
1,0.6435675525253931,0.4,0.3023255813953488,0.34349999999999997,0.5918251740329057,0.759862846332716,0.7935483870967743,1,1,0.5124765904592123,0.38795254125812406
4,0.2807958814526228,0.55,0.20930232558139536,0.23925,0.26813655761024185,0.31543091362584524,0.3408602150537635,1,1,0.7154021436571065,0.22149437920261703
4,0.11347154584666758,1.0,0.20930232558139536,0.3205,0.09968025780787776,0.1275878183220634,0.20430107526881722,1,1,0.7075353493173842,0.17522002890448538
2,0.1357840545429247,0.75,0.06976744186046513,0.14275,0.10361409383300396,0.16920123190568154,0.1591397849462366,0,0,0.4315285678414873,0.15756752312791533
1,0.6233254487268679,0.5,0.23255813953488372,0.42625,0.5751960623874923,0.7337777502519551,0.3645161290322581,0,1,0.5253815218557725,0.4223326092788591
4,0.33128148045081396,0.7000000000000002,0.13953488372093023,0.26525,0.3181623635745667,0.3728203771162822,0.10107526881720431,1,1,0.7095084559875773,0.2957849644751759
2,0.1515180186447753,0.15000000000000002,0.13953488372093023,0.1805,0.0906229937436272,0.21265574767328604,0.05161290322580646,0,0,0.09130454740015881,0.07160298737375924
4,0.14658689300125224,0.3500000000000001,0.1744186046511628,0.25675,0.08713604149095533,0.20579806430907993,0.058064516129032254,0,0,0.09796119271655646,0.10172838437773143
0,0.40362320857103096,0.5,0.5348837209302325,0.7427499999999999,0.3594204358060902,0.48227868769389287,0.9075268817204303,1,1,0.48199216330525196,0.2856853565030766
1,0.7351996660637261,0.6500000000000001,0.4767441860465116,0.26075000000000004,0.6726419013330984,0.7747887236713942,0.6258064516129033,1,1,0.7004590504105599,0.5709182799234983
4,0.19499095589258378,0.6500000000000001,0.13953488372093023,0.05575,0.14428681126398873,0.25261385837588884,0.14193548387096774,0,0,0.27430242780686576,0.18452831168381606
2,0.2590009739807986,0.6500000000000001,0.06976744186046513,0.0,0.16966477422928283,0.26806335193203124,0.14408602150537636,1,0,0.3640526272061859,0.2303121511341116
1,0.6698093780436899,0.6500000000000001,0.3023255813953488,0.495,0.5290977983106535,0.7747887236713942,0.5247311827956991,0,1,0.30782420457816007,0.524147187870501
3,0.7315597606790037,0.8500000000000001,0.5813953488372092,0.428,0.5425987235488865,0.981915534510813,0.5182795698924733,1,1,0.002930831481446683,0.6732003496231167
2,0.27153471545846664,0.10000000000000009,0.1744186046511628,0.11124999999999999,0.20120469794433465,0.26806335193203124,0.0903225806451613,1,0,0.5612431622748593,0.108207662284839
1,0.49921246695422283,0.45000000000000007,0.3372093023255814,0.43325,0.40945253590805525,0.6309293906345892,0.4258064516129033,0,1,0.258838152871516,0.32614280892750513
0,0.5657381383052733,0.55,0.441860465116279,0.44975,0.5301048603330858,0.6576000360338041,0.9333333333333335,1,1,0.5789025646097679,0.40757989840159925
1,0.17095310978155,0.45000000000000007,0.26744186046511625,0.5725,0.1888241292060575,0.2233476530169866,0.4956989247311828,1,1,0.7356433623416423,0.13218505793878133
3,0.3615361068596076,0.8,0.441860465116279,0.5815,0.3393421367338461,0.41508690340125337,0.3559139784946237,1,1,0.6346440017097865,0.3477943454518706
1,0.43844163072213715,0.7000000000000002,0.3255813953488372,0.38575,0.42829718400281985,0.4911126000078824,0.7505376344086022,1,1,0.7288488053878714,0.3757648871080803
2,0.036293307360512034,0.4,0.12790697674418605,0.3295,0.023212779617064666,0.039834244500622146,0.04408602150537634,0,0,0.7308676007737114,0.04801917734719134
4,0.28623904271601497,0.5,0.24418604651162792,0.10500000000000001,0.2541887485995544,0.33892608002882707,0.2559139784946237,1,1,0.5303680984093273,0.21267643419037152
2,0.15899819117851674,0.55,0.09302325581395349,0.13525,0.1389997356462191,0.18452685925984313,0.03225806451612903,1,0,0.6177593201208877,0.1419526970307997
3,0.3078892444691804,0.8,0.41860465116279066,0.3485,0.31470688201009583,0.4039952480420695,0.3290322580645162,1,1,0.5644495032331893,0.30441788616479015
0,0.6990510644218727,0.6500000000000001,0.5581395348837209,0.39149999999999996,0.6933936731328441,0.7812635478658416,0.6064516129032259,1,2,0.7412292263733986,0.5450626119616108
1,0.1936997356337832,0.9000000000000001,0.5581395348837209,0.2385,0.1888241292060575,0.21617467386592049,0.7107526881720432,0,1,0.7821604036398091,0.2310790719410141
1,0.5572060665089745,0.75,0.10465116279069767,0.22125,0.40889865179571744,0.7487599304097157,0.7881720430107528,0,1,0.022567412096041517,0.4852050574195391
0,0.8851259218032559,0.55,0.36046511627906974,0.5467500000000001,0.7644230164025227,0.887394361835697,0.9591397849462368,0,2,0.6809242932530395,0.6161605497044647
3,0.28116321135383326,0.6500000000000001,0.5813953488372092,0.7975,0.31470688201009583,0.3362235447128838,0.681720430107527,0,1,0.8647202850573452,0.24616392477910573
4,0.1721385835536385,1.0,0.16279069767441862,0.358,0.13988720905348762,0.21031355039946847,0.3236559139784947,1,1,0.46315613603676375,0.22995335473765285
2,0.268228746347572,0.30000000000000004,0.05813953488372093,0.01125,0.20722818766600792,0.26806335193203124,0.05913978494623656,1,0,0.5989025799680785,0.1542242953449932
1,0.6981883957144844,0.6000000000000001,0.37209302325581395,0.39974999999999994,0.6216719747227433,0.7747887236713942,0.8354838709677421,0,1,0.5610414856665991,0.5192619836784852
3,0.2793265618477807,0.6500000000000001,0.6744186046511628,0.33625000000000005,0.31470688201009583,0.3827859760938231,0.5247311827956991,1,1,0.6498208659109748,0.2448502418803493
4,0.10980937804369001,0.7000000000000002,0.24418604651162792,0.14275,0.052971462379939355,0.16194942880790042,0.0827956989247312,0,0,0.04647378210610542,0.13048730885394583
4,0.1196215388896619,0.6000000000000001,0.2906976744186046,0.16275,0.10727728193960145,0.13322936079409498,0.3204301075268818,0,1,0.7320544840966166,0.12342838351232771
0,0.7053847224154723,1.0,0.441860465116279,0.3555,0.6383954984327598,0.8432698425210152,0.7795698924731184,0,2,0.45909355854613976,0.7274445492544548
4,0.24591623765131485,1.0,0.1744186046511628,0.23099999999999998,0.18605470864436868,0.31828546655331036,0.2010752688172043,0,1,0.24609400174591212,0.2987841077254594
2,0.10033671907610961,0.15000000000000002,0.11627906976744187,0.0065,0.07570588753634863,0.12245300122177119,0.11182795698924733,0,0,0.5150966766951661,0.05091152977421616
2,0.11612633922359814,0.5,0.05813953488372093,0.008,0.08620450912020544,0.1450079105460811,0.09677419354838711,1,0,0.44421252513953524,0.10687217121147871
1,0.6459273688604423,0.5,0.3023255813953488,0.43725,0.5236659575271592,0.7747887236713942,0.6720430107526884,0,1,0.2929665411582989,0.4363902278608085
1,0.2552720189230555,0.55,0.2906976744186046,0.05,0.24146200229106612,0.28765673297261996,0.5129032258064518,0,1,0.7041655118103483,0.20482566441373223
2,0.08594963127869765,0.45000000000000007,0.10465116279069767,0.13974999999999999,0.05127833935472503,0.1152011981239901,0.15591397849462368,0,0,0.3256886930811842,0.08195927409933106
4,0.06609711979963823,1.0,0.24418604651162792,0.1795,0.02468560782487192,0.09881144748917581,0.2397849462365592,0,1,0.16617105342981486,0.13102212837399288
2,0.01930151662724361,0.75,0.16279069767441862,0.03675,0.0,0.03897281136866526,0.19139784946236563,0,0,0.39583442996485596,0.0670073472778725
0,0.49934047585919017,0.6500000000000001,0.3372093023255814,0.5445,0.3666272234041214,0.669502451987771,0.9602150537634411,0,1,0.04170625214998536,0.4022175105795609
0,0.42693196048420756,0.75,0.3837209302325581,0.25825,0.3139893503191128,0.570082934052508,0.6182795698924732,0,1,0.07324499348309721,0.38392252905593105
4,0.23219145679699457,0.6000000000000001,0.25581395348837205,0.161,0.22149699769634562,0.25881279875683383,0.1752688172043011,1,1,0.7403141884908979,0.20044447136811683
4,0.37169890079309864,0.55,0.22093023255813954,0.15775,0.336937776155289,0.3806689900963341,0.19354838709677422,0,1,0.7668374359726424,0.2808598651700951
1,0.3043773479894254,0.15000000000000002,0.19767441860465115,0.359,0.24897720263346723,0.3802805006446673,0.8322580645161293,0,0,0.34050671487609985,0.1334006040518204
1,0.7100486990399331,0.6000000000000001,0.22093023255813954,0.0,0.583007087198983,0.7747887236713942,0.4150537634408603,1,1,0.45528177953889437,0.5273763554386299
1,0.7687769583971058,0.55,0.40697674418604646,0.09925,0.6261722831354877,0.7747887236713942,0.4333333333333334,0,1,0.573351137283286,0.5401772346888442
0,0.8208431890914151,0.6500000000000001,0.6395348837209303,0.7857500000000001,0.7057364770452801,0.887394361835697,0.9096774193548388,0,2,0.5382356322752642,0.6321757115782369
4,0.38051481842215107,0.7000000000000002,0.22093023255813954,0.25475000000000003,0.2837649013708632,0.3806689900963341,0.12258064516129033,0,1,0.5082716256037922,0.33253070019817754
4,0.21960205927368862,0.75,0.1744186046511628,0.358,0.17660091390878535,0.2735078345372753,0.21290322580645163,0,1,0.3816490280915621,0.22273242581326316
1,0.30616947265896755,0.45000000000000007,0.24418604651162792,0.23099999999999998,0.21693374790719921,0.4125701673882812,0.5688172043010754,1,0,0.08455633119858996,0.21207999792303098
0,0.4789870599693892,0.75,0.43023255813953487,0.48325,0.42773071161520165,0.5736581630642246,0.9516129032258066,1,1,0.46583433274992947,0.4243931356174223
4,0.1964881035202449,0.6500000000000001,0.1744186046511628,0.21275,0.14577222774707638,0.2543085732302617,0.18709677419354842,0,0,0.27609228187170753,0.18559916228916604
0,0.6992402949770419,0.7000000000000002,0.46511627906976744,0.72975,0.5398293029871979,0.887394361835697,0.7010752688172045,1,2,0.13485399191563419,0.5704142687770981
1,0.4792319465701961,0.6000000000000001,0.45348837209302323,0.14024999999999999,0.43038054356172656,0.5717889094706972,0.7774193548387098,0,1,0.4804129579975338,0.36946024767855445
3,0.7754723806873521,0.6000000000000001,0.6395348837209303,0.249,0.6445952240083586,0.9795339252636379,0.7408602150537635,0,1,0.23345701025170174,0.5721367684093014
3,0.6971476276610546,0.7000000000000002,0.6627906976744186,0.36424999999999996,0.5304132730774558,0.9231973244900371,0.5752688172043012,0,2,0.0575112341591657,0.5688523880816596
1,0.3279087240851537,0.75,0.3023255813953488,0.268,0.25240121350973704,0.4248272911024655,0.4000000000000001,0,1,0.20830596801297419,0.3069362110892837
1,0.5036705162098233,0.6500000000000001,0.3837209302325581,0.45025000000000004,0.42282128425584414,0.627996013760409,0.42903225806451617,0,1,0.30930309067472717,0.4053146175348109
1,0.6741616808125781,0.5,0.3023255813953488,0.0,0.5187691184430823,0.7747887236713942,0.30860215053763446,1,1,0.27957226289566584,0.4539510008394416
1,0.5760512035619868,0.4,0.24418604651162792,0.40700000000000003,0.48228829668047185,0.7212334821604518,0.4903225806451613,0,1,0.2849341712390867,0.3501589746696321
0,0.33913454849032976,0.8500000000000001,0.441860465116279,0.65825,0.25176550560807665,0.45603594371970196,0.8010752688172045,1,1,0.11489665744840183,0.3436990818066169
3,0.45753165437595655,0.6500000000000001,0.6395348837209303,0.36374999999999996,0.333664824582384,0.6143932526701612,0.7655913978494625,1,1,0.04554749469615005,0.3723133107751422
0,0.48892166411576454,0.6500000000000001,0.41860465116279066,0.6719999999999999,0.4549339744961543,0.5694241910692468,0.8440860215053766,0,2,0.574083605134917,0.39476534577207
3,0.3833755391679421,0.8500000000000001,0.3953488372093023,0.411,0.34211785143317514,0.45679603177731115,0.3236559139784947,1,1,0.4947864662889412,0.38084619179077994
1,0.6775177403645471,0.6000000000000001,0.313953488372093,0.3055,0.5069361396795025,0.7747887236713942,0.36021505376344093,0,1,0.24720562647696398,0.5051199016901335
4,0.2551106163907054,0.9000000000000001,0.046511627906976744,0.152,0.1659071740580823,0.35490482008434165,0.11182795698924733,0,1,0.011167922500977978,0.28455271606968224
0,0.39146236259913725,0.3500000000000001,0.4767441860465116,0.5835,0.38345145331638114,0.4361835697113355,0.69247311827957,1,1,0.748470469093576,0.23118690124877764
1,0.1807708362320857,0.3500000000000001,0.3023255813953488,0.3105,0.1888241292060575,0.23415779428075967,0.6870967741935485,1,0,0.669039026639674,0.11980043789429959
0,0.3313204396827605,0.6000000000000001,0.34883720930232553,0.696,0.26709802489960854,0.4185889387481631,0.8741935483870968,1,1,0.2941776057333687,0.268264778932611
1,0.4447919855294281,0.7000000000000002,0.2906976744186046,0.3115,0.3413122018152293,0.5817770295758709,0.6580645161290324,1,1,0.14263702553820967,0.38050453038865284
4,0.2763044385696396,0.8,0.1744186046511628,0.42625,0.24643437102682558,0.32575685064551185,0.06666666666666668,1,1,0.5467838880491598,0.27887982138066514
3,0.30393766522888543,0.6000000000000001,0.6976744186046512,0.62075,0.31470688201009583,0.37204902849485677,0.5666666666666668,1,1,0.6958109497970353,0.2495305184633891
4,0.0673048559899819,0.6000000000000001,0.11627906976744187,0.17875,0.02980274172635608,0.0966888312097787,0.07419354838709677,1,0,0.23850085190920067,0.08763528424186305
3,0.677300681786559,0.8,0.2906976744186046,0.55625,0.6321705963066002,0.7920173863105326,0.5193548387096775,1,2,0.5508468326757796,0.6031074918002994
3,0.9870432725754834,0.8500000000000001,0.7093023255813953,0.228,0.8699064691146665,1.0,0.5215053763440861,0,2,0.6952803885838399,0.8877180168407571
0,0.529483790176708,0.7000000000000002,0.40697674418604646,0.24400000000000002,0.5147597527662735,0.5979809809077141,0.860215053763441,0,2,0.6965224784760509,0.44371500523569274
0,0.5413719215249756,0.6500000000000001,0.25581395348837205,0.2025,0.5119840380669445,0.6245052389773156,0.5795698924731184,0,1,0.6103611911310123,0.432280944674738
2,0.007975511339919292,0.15000000000000002,0.05813953488372093,0.08574999999999999,0.0,0.017673454909887365,0.18602150537634413,1,0,0.6743686845483701,0.01357195399513643
3,0.7709753721998052,0.9000000000000001,0.5348837209302325,0.8705,0.5967346013922632,1.0,0.5634408602150539,1,2,0.09751681955905345,0.733742957776951
1,0.2971531932656185,0.6500000000000001,0.22093023255813954,0.3215,0.28288372210123497,0.33533396017138584,0.7612903225806452,0,1,0.6992954012421404,0.2576009277128245
2,0.1591985529428134,0.45000000000000007,0.023255813953488372,0.24625000000000002,0.11980261584360327,0.20209896909538266,0.01612903225806452,0,0,0.36107951904923796,0.12523967356970395
2,0.20637818283010992,0.6500000000000001,0.10465116279069767,0.0,0.15757373582245499,0.2637730771179713,0.09677419354838711,0,0,0.30796226814060423,0.19267314565610588
1,0.4486712119103937,0.45000000000000007,0.24418604651162792,0.241,0.4303427787358854,0.5099909352461278,0.6967741935483872,0,1,0.6711023782929193,0.2962796292610317
2,0.09071935438987058,0.30000000000000004,0.11627906976744187,0.23025,0.06609473935976032,0.11159781770273242,0.05698924731182796,0,0,0.5067448121999027,0.06590049587635112
1,0.37762626965354107,0.55,0.37209302325581395,0.01125,0.3071665051171339,0.4764288247912573,0.7225806451612904,1,1,0.2873678676088516,0.28473081616228046
2,0.17420898845137048,1.0,0.05813953488372093,0.11825000000000001,0.11586248568083687,0.23599889646474598,0.04731182795698925,0,1,0.16153002205413802,0.23188493591685203
3,0.9258494503965493,0.6500000000000001,0.6046511627906976,0.199,0.8311282871133827,1.0,0.6000000000000001,0,2,0.6104247090197352,0.7072825456716832
4,0.31654932517044654,0.5,0.15116279069767444,0.21575,0.2912989841261849,0.36704933816036167,0.11182795698924733,1,1,0.6009393989228802,0.23152838957015395
3,0.5207513566161124,0.8500000000000001,0.5581395348837209,0.43499999999999994,0.4206561009076147,0.6644858708075514,0.424731182795699,1,1,0.21979113524142724,0.4961943004508754
0,0.8856268262139974,0.55,0.43023255813953487,0.5555,0.8017850174347612,0.887394361835697,0.6150537634408603,1,2,0.7717651224641162,0.6164876723235225
3,0.8969973563378322,0.75,0.627906976744186,0.679,0.8933773083749796,1.0,0.3182795698924732,1,2,0.7466400427137778,0.7493782074026638
2,0.23004869903993316,0.15000000000000002,0.03488372093023256,0.1325,0.18905071816110475,0.26806335193203124,0.011827956989247313,0,0,0.48525535081654625,0.10335118949746003
0,0.5603617642966467,0.9500000000000002,0.45348837209302323,0.5305,0.4417288737270107,0.7257771196603815,0.8838709677419356,1,1,0.15817513607321754,0.5712481718345696
4,0.011765688047864195,0.55,0.22093023255813954,0.27475,0.0,0.028354099689771484,0.0978494623655914,0,0,0.5250914428077029,0.04580045520237466
0,0.7281424794768331,0.45000000000000007,0.4767441860465116,0.4305,0.680238925464822,0.851878543558676,0.5827956989247314,0,1,0.5474225562110149,0.46141008887696555
4,0.09931264783637123,0.8500000000000001,0.22093023255813954,0.0,0.08076637419907098,0.11585431082534306,0.06344086021505377,0,0,0.6211651619710004,0.14233174387510492
3,0.2890775010435509,0.8,0.6162790697674418,0.21749999999999997,0.31470688201009583,0.3921378743433684,0.6473118279569894,0,1,0.6113163378010531,0.28920754978235097
3,0.3926756643940448,0.75,0.41860465116279066,0.27449999999999997,0.3342627676582032,0.4826446560179268,0.46559139784946246,0,1,0.37896994507976145,0.35728972852284235
1,0.3250034785028524,0.55,0.3953488372093023,0.052750000000000005,0.2698611513236572,0.40333087477690005,0.5344086021505378,1,1,0.3582820873432988,0.25036476768236227
4,0.3757729233337971,0.55,0.13953488372093023,0.2475,0.33648459824519444,0.3806689900963341,0.29784946236559146,0,1,0.764633750088817,0.2835204624717662
0,0.8764658411019896,0.6500000000000001,0.313953488372093,0.596,0.7851747882022684,0.887394361835697,0.89247311827957,1,2,0.7313795179681544,0.6719603991242115
1,0.5219757896201475,0.75,0.24418604651162792,0.57475,0.38540893012248395,0.6984871432512627,0.6548387096774195,0,1,0.04421063190744867,0.4578150286015942
3,0.9914234033671907,0.6500000000000001,0.686046511627907,0.6597500000000001,0.7749971676380618,1.0,0.5623655913978496,0,2,0.4875967670699404,0.7541850060145562
4,0.17495477946291912,0.6000000000000001,0.13953488372093023,0.1415,0.15911579954430444,0.1988165147428932,0.2849462365591398,0,0,0.6778990913897556,0.16128529765562122
4,0.03413941839432308,0.75,0.23255813953488372,0.0,0.001982653356663616,0.05446171689816512,0.3182795698924732,0,0,0.26162563448745657,0.07854317932031189
3,0.8968749130374287,0.8,0.5,0.55025,0.7219690580193607,1.0,0.5010752688172044,0,2,0.3715589322496866,0.7806454181198239
0,0.7222707666620286,0.75,0.26744186046511625,0.438,0.5448205541358777,0.887394361835697,0.7860215053763442,1,2,0.14698956765087368,0.6135357801182142
3,0.4467399471267566,0.55,0.6162790697674418,0.84375,0.3534158284973376,0.5748968250840321,0.39247311827957,1,1,0.20114879857539503,0.32986646820073906
1,0.22545707527480172,0.6000000000000001,0.22093023255813954,0.23175,0.1888241292060575,0.3140402339945161,0.3043010752688173,0,0,0.2782860104856417,0.19583706178117402
0,0.50555725615695,0.8500000000000001,0.36046511627906974,0.373,0.4126121930034366,0.6409400318673957,0.8430107526881723,1,1,0.2462452932806316,0.4834365183076166
2,0.06513427021010154,0.9000000000000001,0.12790697674418605,0.22349999999999998,0.04851521293067637,0.07555838320824723,0.03548387096774194,0,1,0.6476999366598772,0.11913044230785874
2,0.20697926812299985,0.25,0.06976744186046513,0.0885,0.15082012613451834,0.26806335193203124,0.008602150537634409,0,0,0.24623413548884243,0.11384040223966493
0,0.27250313065256715,0.7000000000000002,0.26744186046511625,0.332,0.2551013985573836,0.31031298737127766,0.7795698924731184,1,1,0.667588179815884,0.25191522504824626
2,0.12896062334771113,0.6500000000000001,0.06976744186046513,0.0027500000000000003,0.10931028839738668,0.1503003755398033,0.14731182795698927,0,0,0.6133081595330057,0.1372994210448885
2,0.11517462084318908,0.5,0.011627906976744186,0.0,0.09886201991465149,0.13175985721605082,0.13440860215053763,0,0,0.6642553926038353,0.10628023504365963
1,0.5495867538611381,0.75,0.3023255813953488,0.34500000000000003,0.5106433867495814,0.6423307114987247,0.5268817204301076,0,1,0.5574818927843201,0.47928136872257754
0,0.7491303742869069,1.0,0.3255813953488372,0.34049999999999997,0.5924357053840055,0.887394361835697,0.5494623655913979,1,2,0.26275959342273936,0.768256990298824
1,0.7690385418116041,0.7000000000000002,0.41860465116279066,0.32825,0.5913027606087691,0.7747887236713942,0.3182795698924732,1,2,0.4779728576239204,0.6225088054831982
0,0.7077334075413941,0.8,0.40697674418604646,0.387,0.667021236420398,0.8224152783329861,0.6666666666666669,0,2,0.5761796286994672,0.6277140359834882
1,0.32296090162793933,0.45000000000000007,0.37209302325581395,0.28600000000000003,0.28169413008723676,0.38861331786882575,0.42903225806451617,1,1,0.4676092175540991,0.22200150580253217
0,0.512914985390288,0.7000000000000002,0.41860465116279066,0.40750000000000003,0.4544745024484195,0.6183794922611776,0.9774193548387099,1,1,0.4372370987431822,0.43134873175079835
0,0.7673132043968276,0.6500000000000001,0.27906976744186046,0.297,0.591365701985171,0.887394361835697,0.8440860215053766,0,1,0.2601580198098885,0.5938878263653908
4,0.3035647697231112,0.8500000000000001,0.12790697674418605,0.20400000000000001,0.218702400584096,0.3806689900963341,0.23010752688172045,1,1,0.19188966753291115,0.3138327866866286
4,0.029497704188117424,0.45000000000000007,0.24418604651162792,0.17575000000000002,0.011530860156849898,0.036540529584316306,0.20430107526881722,0,0,0.5986951923806905,0.04860367104272498
4,0.06753861138166131,0.5,0.12790697674418605,0.32725,0.05217210689963367,0.07714612270636395,0.16989247311827957,0,0,0.6753899806827566,0.07665227211755644
2,0.000979546403228046,0.5,0.10465116279069767,0.07375,0.0,0.0,0.0946236559139785,1,0,0.9769412353553093,0.03525481813540107
3,0.7067371643244748,0.8,0.46511627906976744,0.396,0.6062387492289683,0.8747656395155705,0.6172043010752689,1,1,0.3187812859610757,0.6269085181691519
4,0.2945095310978155,0.8500000000000001,0.10465116279069767,0.1555,0.2037223530004154,0.3806689900963341,0.16129032258064518,1,1,0.11904560637312578,0.3062295223836682
0,0.2231473493808265,0.8500000000000001,0.5930232558139534,0.48750000000000004,0.25176550560807665,0.29051691618199327,0.9666666666666669,1,1,0.7500896787387294,0.2463100049328014
1,0.42115486294698756,0.5,0.22093023255813954,0.497,0.3284784551668576,0.5454279295764339,0.3892473118279571,0,1,0.183582102222001,0.2965894438050073
2,0.26579657715319327,0.5,0.11627906976744187,0.14525,0.19273278868062288,0.26806335193203124,0.1763440860215054,1,0,0.5082759979957865,0.19996192223481865
3,0.8680562126060943,0.8,0.5697674418604651,0.45575,0.827647628998351,1.0,0.41827956989247317,1,2,0.602808219683759,0.7573439027978505
1,0.7668178655906497,0.3500000000000001,0.26744186046511625,0.38625,0.6357834313120758,0.7747887236713942,0.6268817204301076,0,1,0.5996404212254973,0.4296264051993458
2,0.10746069291776816,0.15000000000000002,0.05813953488372093,0.11325,0.08875992900212742,0.12518931822916374,0.16774193548387098,1,0,0.6213538927125153,0.053791593467932455
4,0.14798942535132878,0.55,0.25581395348837205,0.21025,0.13247271491332974,0.1680920663697632,0.3279569892473119,0,0,0.6804984444367979,0.13476326880306005
4,0.09695839710588561,0.45000000000000007,0.10465116279069767,0.19949999999999998,0.05245534309344277,0.13641047007223656,0.28924731182795704,0,0,0.19052343735526445,0.08846399487680977
1,0.16931682203979406,0.8500000000000001,0.16279069767441862,0.14200000000000002,0.1888241292060575,0.19980181407683084,0.7225806451612904,1,1,0.89601126614186,0.20111100533954115
4,0.37571726728815913,0.8500000000000001,0.13953488372093023,0.21775,0.36949105603041327,0.3806689900963341,0.16344086021505377,0,1,0.9251355386274354,0.37441589573615575
0,0.6828829831640462,0.5,0.5116279069767442,0.46275,0.5415979556640944,0.8843258581957198,0.5935483870967743,0,1,0.14408292003056666,0.4593753515702752
2,0.27036037289550574,0.5,0.12790697674418605,0.0,0.20784501315474768,0.26806335193203124,0.06666666666666668,0,0,0.6027590302647716,0.20280044654833715
2,0.15130096006678725,0.15000000000000002,0.12790697674418605,0.030500000000000003,0.0864436863505331,0.2159607231534083,0.05268817204301077,0,0,0.04597466146689455,0.07151523543309131
4,0.00436899958257965,0.9000000000000001,0.27906976744186046,0.22275,0.0,0.025752909448176098,0.11505376344086024,0,1,0.5595119151691492,0.06621896445786782
1,0.5138945317935161,0.55,0.37209302325581395,0.49,0.45076096124070036,0.6236775875368079,0.7086021505376345,0,1,0.41145735922168436,0.3737227073291044
0,0.8235091136774731,0.6500000000000001,0.22093023255813954,0.6467499999999999,0.7230579438311158,0.887394361835697,0.8161290322580647,1,2,0.5803505180550623,0.6340825422100682
3,0.5568888270488381,0.75,0.5232558139534883,0.38575,0.4084202973350622,0.7485459796972036,0.5430107526881721,0,1,0.02158819532612899,0.48495841734961453
4,0.29228885487686096,0.6500000000000001,0.13953488372093023,0.23349999999999999,0.19605609335464952,0.3806689900963341,0.061290322580645165,0,0,0.08176658683841276,0.25412165845975443
3,0.7485070265757617,0.8500000000000001,0.441860465116279,0.9410000000000001,0.7180666926824355,0.8592542128584377,0.36021505376344093,0,2,0.6268180482136982,0.6874301835521364
2,0.21414220119660496,0.8500000000000001,0.12790697674418605,0.28400000000000003,0.14045368144110576,0.26806335193203124,0.13010752688172042,0,1,0.1814221595842116,0.23874879925229117
2,0.0628356755252539,1.0,0.13953488372093023,0.0795,0.016868288875741155,0.0992111975046591,0.07634408602150537,0,0,0.07773401577771533,0.12797936877450175
2,0.07992208153610683,0.5,0.10465116279069767,0.04325,0.025780787774267067,0.12581427952097562,0.1,0,0,0.0,0.08435436552923767
4,0.36926116599415604,0.55,0.11627906976744187,0.07925,0.2962209997608228,0.3806689900963341,0.3161290322580646,1,0,0.5688423806606051,0.2792678684240132
4,0.10274106024766938,0.9000000000000001,0.1744186046511628,0.1225,0.08527297674945558,0.11876516657189026,0.35483870967741943,1,1,0.6414964164457613,0.15187662804081242
2,0.05896758035341587,0.8500000000000001,0.12790697674418605,0.24975,0.03726129482999535,0.07314299226962295,0.1,0,1,0.534335010674589,0.10845586008152103
1,0.6548712953944622,0.8,0.26744186046511625,0.1905,0.5946386535580761,0.7747887236713942,0.5376344086021506,1,1,0.4870974944866393,0.5849720907289296
3,0.7175678308056211,0.6500000000000001,0.8604651162790697,0.68,0.5522413424136761,0.9449865154748298,0.4451612903225807,0,2,0.07637451905737858,0.5583069240954368
1,0.613485459858077,0.7000000000000002,0.25581395348837205,0.32675000000000004,0.5718790518511059,0.7168362319901358,0.8322580645161293,1,1,0.5560665434266368,0.5064103917682795
4,0.06537915681090856,0.6000000000000001,0.24418604651162792,0.29125,0.035058346655924666,0.0880913907359342,0.23870967741935487,0,1,0.36811714867011247,0.08631779356658849
0,0.2317796020592737,0.9000000000000001,0.4883720930232558,0.49424999999999997,0.25176550560807665,0.3206276638271279,0.613978494623656,1,1,0.5995084753374431,0.2642371898609296
1,0.35964380130791707,0.5,0.37209302325581395,0.41025,0.3421367338460958,0.40876409681832765,0.7451612903225807,0,1,0.6725636631283198,0.2583316746428046
2,0.24673438152219282,0.55,0.12790697674418605,0.23800000000000002,0.19859263082365086,0.26806335193203124,0.11290322580645162,0,0,0.5449122758143725,0.19925004110667835
0,0.7835258104911645,0.6500000000000001,0.3837209302325581,0.60775,0.6104998804113848,0.887394361835697,0.746236559139785,0,2,0.30668027735734005,0.6054840635898678
3,0.629998608598859,0.7000000000000002,0.6046511627906976,0.47974999999999995,0.5357444076587068,0.7825641429866392,0.6548387096774195,1,2,0.310517941641,0.5187351258729761
0,0.44176429664672323,0.8,0.5348837209302325,0.20650000000000002,0.40986165485466836,0.51433751287927,0.5989247311827958,1,1,0.5776705542893608,0.4126632800533089
0,0.25277862807847506,0.8,0.46511627906976744,0.2895,0.25176550560807665,0.2932363423436612,0.6892473118279572,1,1,0.7356016396060292,0.2598579007035733
0,0.6190788924446918,0.55,0.5348837209302325,0.34950000000000003,0.5088999106232455,0.784489699399249,0.9591397849462368,1,1,0.23407837586783709,0.4424148226355007
3,0.9010435508557115,0.8500000000000001,0.5,0.47724999999999995,0.8890910006420021,1.0,0.7086021505376345,1,2,0.73726060467074,0.8155080352738571
1,0.22632530958675387,0.8,0.41860465116279066,0.39425,0.1933559083070029,0.2721171549059462,0.5129032258064518,1,1,0.49185145132404084,0.2384689276782083
4,0.32963962710449424,0.9000000000000001,0.20930232558139536,0.0,0.250997620815972,0.3806689900963341,0.23655913978494628,1,1,0.34893289350385914,0.3494489974297509
1,0.1993209962432169,0.9500000000000002,0.441860465116279,0.651,0.1888241292060575,0.2745438064083869,0.37956989247311834,0,1,0.45200947660700397,0.24564347096137704
4,0.18260192013357449,0.75,0.23255813953488372,0.20375000000000001,0.11388612646181348,0.25473647465528604,0.14623655913978495,0,0,0.06778290686680766,0.193966405026265
0,0.806812299986086,0.55,0.27906976744186046,0.5245,0.687533830989816,0.887394361835697,0.7107526881720432,0,2,0.493978274108412,0.5650167455626423
0,0.7120244886600807,0.9500000000000002,0.3953488372093023,0.19125,0.7081597200367578,0.7942976504833599,0.9053763440860216,1,2,0.749252410276976,0.7080252351734703
2,0.004558230137748712,0.6000000000000001,0.05813953488372093,0.28425,0.0,0.014582430142277253,0.16666666666666669,0,0,0.7218005498086046,0.044706411776414295
4,0.2657186586893001,0.7000000000000002,0.1744186046511628,0.33575,0.20631553770817856,0.34022667514962474,0.049462365591397855,0,1,0.2717641638783228,0.24685157460213067
0,0.862724363433978,0.6000000000000001,0.3255813953488372,0.32025,0.8625926811767521,0.887394361835697,0.6322580645161291,0,1,0.9196110205450141,0.6318312808840966
1,0.1950744399610407,0.75,0.1744186046511628,0.18025,0.1888241292060575,0.2258080862108766,0.4881720430107528,1,1,0.720124206418925,0.20366325409119623
0,0.4633143175177403,1.0,0.25581395348837205,0.38899999999999996,0.35551807046916506,0.6065446396901093,0.6860215053763442,0,1,0.1354337571381281,0.5016053239638953
2,0.19665507165715876,0.6500000000000001,0.06976744186046513,0.1565,0.1351477234104156,0.26415030600582173,0.1849462365591398,0,0,0.16461460315053134,0.18571858800723476
1,0.3112786976485321,0.8500000000000001,0.25581395348837205,0.40025,0.2276463701708229,0.41333025544589014,0.36881720430107534,0,1,0.13128467416960143,0.32030981454397556
4,0.09459858077083622,0.45000000000000007,0.23255813953488372,0.2445,0.06289731743853774,0.12229535332834118,0.08602150537634409,0,0,0.38928260740456433,0.08706965634816922
4,0.15165159315430635,0.9000000000000001,0.19767441860465115,0.21425,0.09183146817054594,0.21185061736041122,0.13333333333333333,0,1,0.10386979157584708,0.1944655699116423
3,0.8574481703074996,1.0,0.627906976744186,0.4355,0.7768917030677627,1.0,0.7795698924731184,1,2,0.49174245113888926,0.8693119174750982
3,0.9406261305134269,0.6500000000000001,0.41860465116279066,0.77625,0.9152620249499617,1.0,0.7408602150537635,0,2,0.7945288915766884,0.7178517217207688
0,0.583214136635592,1.0,0.5697674418604651,0.501,0.4355480305643324,0.7775363012426033,0.9225806451612905,0,2,0.047268826834471644,0.6134656824141305
4,0.026030332544872664,0.5,0.011627906976744186,0.35424999999999995,0.0,0.04337569182088949,0.13548387096774195,0,0,0.346991654914929,0.05083554732460428
1,0.2895227494086545,0.55,0.25581395348837205,0.43325,0.2595639421442868,0.340755921648997,0.4021505376344087,0,1,0.5508460832777693,0.22719358216575944
0,0.2515541950744399,0.55,0.3023255813953488,0.7667499999999999,0.25176550560807665,0.2874033702867503,0.8978494623655915,0,1,0.7669114489955475,0.20239768764116897
0,0.4599638235703353,0.9500000000000002,0.46511627906976744,0.45825,0.3992749153438488,0.5606240604467065,0.9473118279569894,0,2,0.4007294645763342,0.48070426557510415
4,0.33346876304438566,0.75,0.12790697674418605,0.23675000000000002,0.3185526001082592,0.37689670121783,0.24623655913978496,1,1,0.6936445270916132,0.31125890284112057
4,0.25871712814804504,0.8500000000000001,0.11627906976744187,0.34450000000000003,0.21299361774443282,0.32009278704584737,0.21935483870967745,0,1,0.3878696407494111,0.2761763000527896
0,0.5954139418394322,0.5,0.2906976744186046,0.607,0.5702236936517329,0.6817595757019554,0.9559139784946239,0,2,0.6395887838302123,0.404972609971182
1,0.3592319465701962,0.75,0.19767441860465115,0.3725,0.26994297511297977,0.4725101485831395,0.703225806451613,1,1,0.145727617949297,0.3312886727302623
1,0.27573118129956864,0.7000000000000002,0.3953488372093023,0.5015000000000001,0.20189075894711667,0.3644425176368581,0.6892473118279572,0,1,0.16286699315967068,0.2543245090997205
4,0.2757590093223876,0.6000000000000001,0.20930232558139536,0.12425,0.21761351477234103,0.350440006531127,0.2548387096774194,0,0,0.2925607904249381,0.2302517459520739
2,0.20445804925560038,0.0,0.13953488372093023,0.099,0.15647226173541967,0.2608678516533323,0.14838709677419357,0,0,0.314400687340352,0.06351717393750053
3,0.27960484207597047,0.75,0.6511627906976744,0.3215,0.31470688201009583,0.3882079375714342,0.7451612903225807,0,1,0.6273264530670113,0.2693820151791818
3,0.8560957283984972,0.8,0.7209302325581395,0.492,0.645356814662823,1.0,0.7000000000000002,0,2,0.20391352863756462,0.7476731889262936
2,0.23508000556560452,0.0,0.011627906976744186,0.10125,0.18015710167549948,0.26806335193203124,0.0010752688172043015,0,0,0.4296516337836114,0.07304007684785335
2,0.07677751495756224,0.45000000000000007,0.12790697674418605,0.155,0.05181963519178237,0.09615395442849825,0.17311827956989248,0,0,0.48679003569945856,0.07653976962952065
4,0.2690413246138862,0.55,0.23255813953488372,0.131,0.17723662181044575,0.3729611341639876,0.12795698924731186,0,0,0.013019757511623542,0.21381790174205778
2,0.07810212884374565,1.0,0.05813953488372093,0.236,0.04808091743350243,0.10218398635219667,0.05698924731182796,0,0,0.39436632756435186,0.14222218375983314
1,0.4066342006400444,0.8500000000000001,0.4767441860465116,0.4365,0.3761754302043077,0.4733884725608212,0.3075268817204302,1,1,0.5800183560089922,0.4003754121485379
2,0.22926951440100182,0.6500000000000001,0.09302325581395349,0.14675,0.18198240159115803,0.26806335193203124,0.06666666666666668,1,1,0.44106357853913236,0.20904641160333357
1,0.297520523166829,0.45000000000000007,0.3372093023255814,0.30675,0.23243620891501654,0.3812038668776146,0.8150537634408603,0,1,0.256836319633607,0.2069696156741928
1,0.37824405176012244,0.25,0.25581395348837205,0.1825,0.357387429348305,0.43274909774732423,0.7903225806451615,0,1,0.6472595683548905,0.19373101520514396
4,0.19888131348267704,0.6000000000000001,0.24418604651162792,0.18525,0.16449099308903686,0.24241741784011128,0.0913978494623656,0,0,0.4580613215181484,0.1776549289070816
1,0.17779880339501877,0.3500000000000001,0.3372093023255814,0.494,0.1888241292060575,0.24990569277803742,0.4526881720430108,1,1,0.5788657985541723,0.11822921083831661
4,0.19646027549742587,0.4,0.08139534883720931,0.0,0.14834653004191894,0.2519494851107195,0.22258064516129036,0,0,0.30385604144902656,0.1376756985971805
4,0.051342702101015714,0.75,0.15116279069767444,0.0,0.032716927453769556,0.0617810833788448,0.2903225806451613,0,0,0.5967906427678977,0.09191799434025946
3,0.689016279393349,0.9000000000000001,0.686046511627907,0.764,0.6755372046475911,0.776928230796516,0.6784946236559142,0,2,0.7031846054000848,0.66237691795107
2,0.21063587032141365,0.15000000000000002,0.03488372093023256,0.0,0.14056068178098918,0.26806335193203124,0.16774193548387098,0,0,0.18209113565608703,0.09550301593208313
2,0.0424488660080701,0.6500000000000001,0.09302325581395349,0.0795,0.008641850979997229,0.0653169004172039,0.15591397849462368,0,0,0.24836624997229317,0.0754209756561924
3,0.9518074300820927,1.0,0.7209302325581395,0.5445,0.7265826609096289,1.0,0.46559139784946246,0,2,0.38165456820496835,0.9573442489593521
3,0.7538110477250591,0.9000000000000001,0.7325581395348837,0.71275,0.607975931217664,0.9684591607501787,0.6096774193548388,1,2,0.16839161332500785,0.7187970887817713
2,0.03724502574092112,0.6000000000000001,0.13953488372093023,0.1345,0.0,0.06325058695688895,0.010752688172043012,0,0,0.1547876388023015,0.06706948326741842
0,0.40745791011548627,0.8,0.627906976744186,0.411,0.35905537582295854,0.49036377251408975,0.7591397849462367,1,1,0.45474998213078677,0.3849246666032037
1,0.3515347154584666,0.45000000000000007,0.24418604651162792,0.245,0.28896385906167,0.4399220768983903,0.3290322580645162,1,1,0.32235976891826956,0.23888484072243907
1,0.5576067900375679,0.75,0.1744186046511628,0.267,0.4320484900363801,0.7288568838641751,0.37096774193548393,0,1,0.12435898119091804,0.4855166027710228
1,0.4788200918324752,0.45000000000000007,0.23255813953488372,0.53725,0.38456551567869685,0.6119328194762712,0.3935483870967743,0,1,0.22059847644978858,0.31409361937812086
0,0.25661889522749404,0.6500000000000001,0.40697674418604646,0.31074999999999997,0.25176550560807665,0.32464768510959346,0.6827956989247314,0,1,0.5809271140174557,0.22860834422299722
0,0.3730457770975373,0.9500000000000002,0.5465116279069767,0.58825,0.357947607598283,0.4217418966167637,0.8913978494623657,1,2,0.692598591676538,0.4023172050920357
1,0.48829275080005563,0.3500000000000001,0.23255813953488372,0.20625000000000002,0.46481577059127127,0.5593122047620924,0.8247311827956991,0,1,0.6399724329850429,0.28237830259707675
4,0.22772227633226658,0.8500000000000001,0.23255813953488372,0.1825,0.16582535026875966,0.2995704094904032,0.12795698924731186,1,1,0.20504227268959885,0.2501513591165959
0,0.4978822874634756,0.6000000000000001,0.3837209302325581,0.29025,0.4095280655597377,0.6281705524995636,0.8258064516129034,0,1,0.2654589666764151,0.3822201067908233
4,0.33816613329622924,0.7000000000000002,0.22093023255813954,0.29675,0.2514193280378656,0.3806689900963341,0.30322580645161296,0,1,0.3509835456457524,0.3009233858056476
2,0.13890635870321413,0.6000000000000001,0.11627906976744187,0.1665,0.11362177268092499,0.16657189025454505,0.1623655913978495,1,0,0.5330072913363033,0.13662232914766387
0,0.43257548351189645,0.8500000000000001,0.313953488372093,0.42200000000000004,0.37570336988129255,0.5262906013704107,0.7516129032258065,0,1,0.4108747898910703,0.42215710539752316
0,0.8180436899958257,0.6000000000000001,0.6976744186046512,0.521,0.7494114981306412,0.887394361835697,0.6752688172043012,0,2,0.6444257458021612,0.6012624509965124
0,0.8072241547238068,0.5,0.45348837209302323,0.7989999999999999,0.747724669243067,0.887394361835697,0.5569892473118281,0,2,0.6403244415183724,0.5367112926535875
3,0.7075664394044802,0.8,0.5116279069767442,0.613,0.5245345485215069,0.9495357832566675,0.4279569892473119,0,2,0.006302478143052737,0.6275790329978451
2,0.14397105885626824,1.0,0.08139534883720931,0.0,0.11106005866136281,0.17911052806414018,0.10860215053763442,0,0,0.42945907401811434,0.20367450433999987
0,0.6129455962153888,0.8500000000000001,0.5348837209302325,0.35924999999999996,0.49941464519946127,0.7805653929092229,0.7333333333333334,0,2,0.21573428684388118,0.5736055316607963
2,0.006172255461249457,0.55,0.03488372093023256,0.20625000000000002,0.0,0.014086965334354301,0.1709677419354839,1,0,0.7295980425242001,0.042147585956227876
4,0.06229024627800195,0.5,0.13953488372093023,0.0,0.01669205302181548,0.09827094042598716,0.10322580645161292,0,0,0.08234302660586712,0.07338796915701021
4,0.0898065952414081,0.9500000000000002,0.18604651162790697,0.20750000000000002,0.04879215498684525,0.12522309992061303,0.11612903225806454,0,0,0.22914266138562556,0.14687788287625594
1,0.4862000834840685,0.30000000000000004,0.2906976744186046,0.337,0.4591258701645288,0.5601680076121411,0.3161290322580646,0,1,0.6168927976647975,0.2626808477495176
2,0.09350772227633225,0.6000000000000001,0.06976744186046513,0.018500000000000003,0.03818023892546485,0.14220403015578992,0.18817204301075272,0,0,0.023242564130655063,0.10556229608924042
2,0.17518296925003476,0.30000000000000004,0.15116279069767444,0.25325,0.12080338372839539,0.23354409355276423,0.14516129032258066,1,0,0.2066176799974162,0.10792727146850362
3,0.9616362877417559,0.75,0.5813953488372092,0.5645,0.832695527385793,1.0,0.5505376344086023,0,2,0.6138541951764405,0.7996322034044985
4,0.36176429664672316,0.8,0.19767441860465115,0.22825,0.3323430556779416,0.3806689900963341,0.03870967741935484,1,1,0.7444945096505233,0.3479788495322492
4,0.16058995408376234,0.5,0.23255813953488372,0.23375,0.11528971915557851,0.20894539189577227,0.23655913978494628,0,1,0.29018285417568146,0.1345270135781849
3,0.8661917350772228,0.8,0.5697674418604651,0.4605,0.8203275469227962,1.0,0.6634408602150539,0,2,0.5867901779156932,0.7558363694581709
4,0.2859162376513148,0.9500000000000002,0.25581395348837205,0.52075,0.23113332242349477,0.358891059675358,0.30537634408602155,0,1,0.3303013762012881,0.3237394096215589
2,0.14529010713788784,0.45000000000000007,0.05813953488372093,0.18575000000000003,0.13510995858457436,0.16027160479925234,0.0935483870967742,1,0,0.762305639089288,0.11702162643981548
2,0.006244608320578826,0.050000000000000044,0.011627906976744186,0.050499999999999996,0.0,0.01662059219305112,0.0913978494623656,0,0,0.690294099783056,0.0055415263991415165
2,0.17882287463475718,0.6000000000000001,0.011627906976744186,0.0,0.16136280668185654,0.20462696567217126,0.1548387096774194,0,0,0.6566603561199933,0.16393170233572474
4,0.03173507722276331,0.9000000000000001,0.19767441860465115,0.40625,0.009837737131635604,0.04257056150801472,0.12473118279569895,0,1,0.49948733552323477,0.09004802990835374
4,0.1770140531515236,0.55,0.24418604651162792,0.06525,0.11542189604602274,0.24206834036180197,0.16344086021505377,1,0,0.13145459835187823,0.153718207229583
4,0.16060108529288994,0.6000000000000001,0.1744186046511628,0.0,0.11731643147572351,0.20715496224895985,0.17419354838709677,0,0,0.3147019713994188,0.15146504201535227
2,0.0386753861138166,0.3500000000000001,0.09302325581395349,0.15025,0.020928007653671366,0.04669755814673643,0.12903225806451615,0,0,0.6102950791651256,0.0446787188562824
2,0.26913593989147067,0.45000000000000007,0.16279069767441862,0.0,0.2559574012764511,0.26806335193203124,0.06989247311827958,0,0,0.903562153406847,0.1901980909193184
1,0.3876332266592458,0.45000000000000007,0.3953488372093023,0.489,0.3349614169362655,0.4718063633446126,0.34623655913978507,0,1,0.4156173141968764,0.26021427396952046
0,0.5446166689856685,0.55,0.36046511627906974,0.67075,0.522167952768791,0.6219603515548024,0.870967741935484,0,2,0.6510329524987577,0.3937862279646569
3,0.768799220815361,0.6000000000000001,0.5,0.42075,0.5978360754792986,1.0,0.5172043010752689,1,1,0.09992710099448887,0.5675712443640581
4,0.050992069013496594,0.6500000000000001,0.19767441860465115,0.1205,0.029041151071891647,0.06435975249280732,0.06559139784946237,0,0,0.5210492824090303,0.08153159156404421
2,0.21604007235285935,0.9000000000000001,0.09302325581395349,0.17600000000000002,0.15379725323833382,0.26806335193203124,0.13870967741935486,1,1,0.2648474109004335,0.2505319636876585
0,0.6879031584805899,0.7000000000000002,0.3255813953488372,0.446,0.6853371769533856,0.7659153993840473,0.7688172043010754,0,2,0.7572581311343047,0.5619526970307998
1,0.22812299986085985,0.55,0.4767441860465116,0.573,0.2059945366885283,0.26444308066504896,0.3150537634408603,0,1,0.6104260720831263,0.18709561846079287
1,0.6472408515374982,0.30000000000000004,0.25581395348837205,0.491,0.6346316041239191,0.7289976409118806,0.4784946236559141,0,1,0.7078931913673057,0.3428103121511341
2,0.008888270488381797,0.4,0.11627906976744187,0.23475,0.0,0.032053194903468835,0.011827956989247313,1,0,0.4780933324533061,0.03267868424013223
3,0.6722805064700152,0.9000000000000001,0.8023255813953488,0.44925,0.6214327974924156,0.7914599884016191,0.5580645161290324,0,2,0.5232455277612684,0.6478042110546677
0,0.5500932238764435,0.8500000000000001,0.4883720930232558,0.34125000000000005,0.4232933445788593,0.7214924751282297,0.9720430107526884,1,1,0.11287806660072164,0.5208313068462092
2,0.10163907054403784,0.6500000000000001,0.19767441860465115,0.0,0.08714233562859552,0.11485775092758896,0.16989247311827957,0,0,0.6950856814420778,0.11775739271156957
0,0.6600695700570474,1.0,0.36046511627906974,0.41050000000000003,0.5521406362114327,0.8287437151978199,0.5268817204301076,1,2,0.26605160384525295,0.6851678450581119
1,0.4612606094336996,0.3500000000000001,0.26744186046511625,0.09875,0.3506023489721673,0.6067867418121624,0.3505376344086022,1,0,0.11837048373782721,0.2680871980822652
0,0.435475163489634,0.7000000000000002,0.5232558139534883,0.3355,0.4293797756769346,0.484142311005512,0.6301075268817206,1,1,0.758494812079541,0.37355083814353596
2,0.2638040907193544,0.7000000000000002,0.20930232558139536,0.13724999999999998,0.20336988129256411,0.26806335193203124,0.0849462365591398,0,0,0.5747800898469257,0.24542261992332523
4,0.051782384861555564,0.8,0.16279069767441862,0.1865,0.02554790468157958,0.06908355901379984,0.22043010752688175,0,0,0.4284088830780908,0.09734130658658796
0,0.6675942674272992,0.9500000000000002,0.37209302325581395,0.4565,0.5715643449690957,0.8265929475088818,0.570967741935484,1,1,0.3202424060292053,0.6679558297923897
2,0.21984694587449558,0.3500000000000001,0.11627906976744187,0.15025,0.20080816727300194,0.25234923512620283,0.033333333333333326,0,0,0.6435833566318412,0.1404588370704352
1,0.7262891331570891,0.55,0.46511627906976744,0.05175,0.6376276136406551,0.7747887236713942,0.3870967741935485,0,1,0.6046847959439441,0.5124299672011977
3,0.27898149436482533,0.8500000000000001,0.5116279069767442,0.643,0.31470688201009583,0.3543980947126023,0.4258064516129033,0,1,0.7758832060478811,0.29319134942407377
4,0.09587310421594544,0.9000000000000001,0.08139534883720931,0.50575,0.04553179168922064,0.1404136005089775,0.046236559139784944,1,1,0.10134857337346115,0.14589634193833134
1,0.4639098372060664,0.45000000000000007,0.25581395348837205,0.4215,0.3558642480393761,0.6074398545135156,0.7784946236559142,0,1,0.13462052914925593,0.3052836360804133
4,0.12629469876165297,0.8,0.18604651162790697,0.27225,0.08312038167650651,0.16833979877372462,0.09677419354838711,0,0,0.26560205001011394,0.15758863897951592
0,0.7441547238068734,0.75,0.5232558139534883,0.52475,0.5934553556817179,0.887394361835697,0.8559139784946237,0,2,0.26523874004204395,0.6305496179242426
0,0.5288214832336162,1.0,0.2906976744186046,0.26,0.4583013381336623,0.6471389722483405,0.5677419354838711,0,1,0.3779808694010347,0.5627201370799547
1,0.18180603868095171,0.55,0.1744186046511628,0.30825,0.1888241292060575,0.20672143054202724,0.5193548387096775,1,1,0.8465279427116015,0.15684768028523707
0,0.3097481563934883,0.6500000000000001,0.4767441860465116,0.6327499999999999,0.25176550560807665,0.41108940324642057,0.8612903225806453,1,1,0.24866499137579923,0.2666096077124782
1,0.3319549186030333,0.8,0.20930232558139536,0.274,0.25900376389430885,0.42710192499338445,0.5204301075268818,0,1,0.23075955293253347,0.323876316495461
0,0.5400862668707388,0.45000000000000007,0.3255813953488372,0.34725,0.49322750789914277,0.6386879191041095,0.8505376344086023,0,1,0.5110895754330931,0.3502938045745243
2,0.11029358564074024,0.5,0.10465116279069767,0.09875,0.09121464268180618,0.12872513526752283,0.05161290322580646,0,0,0.6158800831194811,0.10324439867420146
1,0.40319465701961876,0.10000000000000009,0.3953488372093023,0.13475,0.3777363763390778,0.46503313420902986,0.4161290322580646,0,0,0.6156976693909326,0.15734044118283388
3,0.7860303325448725,0.8500000000000001,0.5232558139534883,0.46575,0.6309684160173215,1.0,0.5569892473118281,0,2,0.17242836657239002,0.7189367649476863
1,0.7128315013218309,0.75,0.10465116279069767,0.39225000000000004,0.5581200669696245,0.7747887236713942,0.7774193548387098,0,1,0.3872085452838163,0.606197156283264
4,0.36584945039654926,0.3500000000000001,0.2906976744186046,0.08274999999999999,0.3078085071564345,0.3806689900963341,0.16666666666666669,1,0,0.6251894044400854,0.21764610178878954
2,0.2000333936273828,0.45000000000000007,0.10465116279069767,0.187,0.17151525069550222,0.23845932965863603,0.0903225806451613,1,0,0.5266292792795098,0.14936764947686346
3,0.6773173786002504,0.75,0.6976744186046512,0.315,0.6613628066818567,0.7659322902297718,0.5204301075268818,1,1,0.6909877201392007,0.5785864495080181
1,0.48367886461666887,0.6000000000000001,0.12790697674418605,0.49575,0.47072596583542087,0.5446903626464576,0.3290322580645162,0,1,0.7079797883994521,0.37250266111654384
4,0.2782524001669682,0.45000000000000007,0.20930232558139536,0.313,0.23301526957791519,0.3416961787276689,0.34193548387096784,1,1,0.40690052173198055,0.19558471004647218
1,0.7414053151523584,0.6500000000000001,0.36046511627906974,0.56875,0.6252533390400181,0.7747887236713942,0.5924731182795699,0,2,0.5708375580720466,0.5753569357783875
2,0.12355642131626549,0.5,0.11627906976744187,0.1295,0.105735218217752,0.14256999847982393,0.15268817204301077,0,0,0.6408621278174509,0.11149342725848746
4,0.25032419646584114,0.6000000000000001,0.16279069767441862,0.125,0.21401956217978574,0.30218286029581504,0.06236559139784946,0,0,0.47204772201055833,0.21285020726419915
0,0.41737025184360643,0.8500000000000001,0.34883720930232553,0.233,0.3585833154999434,0.5108523683780848,0.9548387096774196,1,1,0.39056482567124484,0.4093899768937198
3,0.8463169611799082,0.9000000000000001,0.4883720930232558,0.55375,0.7135160311685695,1.0,0.48709677419354847,1,2,0.3530617438623156,0.7993467932463892
2,0.040272714623626,0.45000000000000007,0.12790697674418605,0.17125,0.023313485819307894,0.04780109340074662,0.10860215053763442,0,0,0.6308127677759738,0.054970273381045945
1,0.7376763600946152,0.75,0.313953488372093,0.593,0.6186759652060072,0.7747887236713942,0.6548387096774195,1,2,0.5528465287861193,0.6255129680752556
1,0.6410685960762488,0.45000000000000007,0.5116279069767442,0.44375,0.6210551492340035,0.7286598239973876,0.69247311827957,1,2,0.6696196585684084,0.40996097029068923
4,0.03957701405315153,0.3500000000000001,0.18604651162790697,0.33325,0.007584435856443306,0.06045233684850601,0.33118279569892484,1,0,0.2795732784273479,0.04515538324405252
3,0.8408515374982606,0.75,0.7558139534883721,0.63575,0.7189793426402649,1.0,0.36666666666666675,1,2,0.3650167397820758,0.7057272420447761
1,0.36217615138444414,0.45000000000000007,0.34883720930232553,0.7095,0.3462216291745868,0.41023360039637186,0.7870967741935485,0,1,0.6854238477219952,0.24517251823838412
1,0.7700570474467789,0.8,0.26744186046511625,0.63125,0.7653104898097913,0.7747887236713942,0.6301075268817206,1,2,0.9539345759385094,0.6781061504244806
0,0.328582162237373,0.7000000000000002,0.313953488372093,0.259,0.25176550560807665,0.42822798137502743,0.8806451612903227,0,1,0.1950987611779682,0.29377030453558106
2,0.26925838319187423,0.10000000000000009,0.0,0.30874999999999997,0.24579866312516524,0.26806335193203124,0.1774193548387097,1,0,0.8400487781123271,0.10735818195979335
0,0.8829553360233755,0.5,0.6046511627906976,0.485,0.7784904140283739,0.887394361835697,0.8365591397849464,0,2,0.7151273345749323,0.5838134881829118
4,0.14149993042994294,0.9000000000000001,0.15116279069767444,0.312,0.12739334583768674,0.15950025617782687,0.30645161290322587,0,1,0.7017858898824823,0.1856259898055438
0,0.45854459440656736,0.9500000000000002,0.5581395348837209,0.3855,0.37780561185312006,0.576963138544347,0.9731182795698927,1,2,0.2816824195526526,0.4794243334227585
3,0.9005370808404061,0.8,0.5697674418604651,0.4635,0.8538186533063106,1.0,0.4215053763440861,0,2,0.660076506589707,0.7836064836049259
0,0.2920773619034368,0.75,0.7674418604651162,0.33,0.2806870680648045,0.32703492463867667,0.6290322580645162,1,1,0.727334684073037,0.2790788642441131
3,0.8174871295394461,0.75,0.5581395348837209,0.75525,0.6558680245219604,1.0,0.4698924731182797,0,2,0.2269145000500068,0.687562417245766
4,0.23782384861555586,0.7000000000000002,0.19767441860465115,0.14175,0.20651065597502488,0.28360856028061326,0.33978494623655925,0,1,0.5155585379383303,0.2260320372469776
2,0.0640211492973424,0.6500000000000001,0.046511627906976744,0.23175,0.017308878510555264,0.10122120814589189,0.13010752688172042,0,0,0.06870131604935414,0.09085077843067682
2,0.1384945039654932,0.4,0.06976744186046513,0.20049999999999998,0.10523798134417603,0.17323814403387183,0.14086021505376345,1,0,0.41906464102253804,0.10522825024014953
2,0.036694030889105334,0.6500000000000001,0.11627906976744187,0.22875,0.0,0.06707917865447524,0.06774193548387097,1,0,0.12230658976515363,0.07130476924008898
1,0.7079671629330735,0.6000000000000001,0.27906976744186046,0.50225,0.5250506678080036,0.7747887236713942,0.48709677419354847,0,1,0.29675412627112574,0.5259522470208476
1,0.4969695283150132,0.5,0.3255813953488372,0.5755,0.41900074270824156,0.6178446154798971,0.7559139784946237,1,1,0.32111619491371024,0.3437435635595787
4,0.06778906358703216,0.0,0.1744186046511628,0.235,0.03823688616422663,0.09011829222289161,0.3193548387096775,0,0,0.38698441955293905,0.021015464765086145
1,0.3042382078753305,0.75,0.43023255813953487,0.0,0.2851999647528292,0.3475967141674784,0.31182795698924737,0,1,0.6548269704160272,0.2885334002578903
4,0.1530986503408933,0.8,0.24418604651162792,0.013500000000000002,0.09722554412819903,0.2099532123573427,0.30537634408602155,0,0,0.1523914210303816,0.17926111827473107
0,0.4602754974259078,0.7000000000000002,0.3255813953488372,0.6317499999999999,0.33771195508503377,0.616324439364679,0.9774193548387099,0,1,0.05500233227619056,0.3920607859596895
4,0.09348545985807707,0.3500000000000001,0.22093023255813954,0.040499999999999994,0.06018454411561072,0.12248115263131226,0.19354838709677422,1,0,0.3609871709932566,0.07365520583628292
4,0.028924446918046465,1.0,0.05813953488372093,0.22375,0.0,0.04718739267275113,0.21505376344086025,1,1,0.3067120329729982,0.09634193833132848
2,0.26239042716015026,0.8500000000000001,0.06976744186046513,0.078,0.22993743627185642,0.26806335193203124,0.1795698924731183,0,1,0.7408829133402148,0.2792605990324786
2,0.22084875469597884,0.050000000000000044,0.09302325581395349,0.0,0.20063822555671645,0.25452252394277386,0.04516129032258065,0,0,0.630335032983927,0.0789535537805163
3,0.31469597885070266,0.7000000000000002,0.5813953488372092,0.504,0.31470688201009583,0.39985699083953136,0.6365591397849464,0,1,0.580566086447311,0.28340622917622216
2,0.08955057743147349,0.9000000000000001,0.05813953488372093,0.06025,0.056823474615742886,0.11752087427017474,0.0,0,0,0.3645524831885114,0.1403909894161121
1,0.4366049812160845,0.6500000000000001,0.36046511627906974,0.57775,0.4304812497639699,0.4854485364082179,0.31720430107526887,0,1,0.7581436315054184,0.35734528744385696
0,0.2642604702935857,0.7000000000000002,0.4767441860465116,0.51025,0.25176550560807665,0.35598020392881075,0.9129032258064518,0,1,0.44672327959938474,0.24576324284094744
2,0.07340475859190204,0.45000000000000007,0.09302325581395349,0.34025,0.035517818703659415,0.10391248289801872,0.0021505376344085995,0,0,0.24563883816499188,0.07454691786452969
4,0.2539140114094893,0.6000000000000001,0.22093023255813954,0.19075000000000003,0.23309079922959758,0.2923974303393371,0.31720430107526887,0,1,0.6300845865481997,0.2153062231183959
2,0.09704744677890637,0.3500000000000001,0.15116279069767444,0.1535,0.08064678558390714,0.11138386699022024,0.12473118279569895,0,0,0.6595545094064226,0.07553832440525128
3,0.7783998886879088,0.6500000000000001,0.5697674418604651,0.85175,0.6296781178010802,0.9987951196716418,0.6731182795698926,1,2,0.17137586585562925,0.6018176940451568
1,0.583214136635592,0.5,0.313953488372093,0.502,0.5442981407117411,0.6802675509962783,0.38817204301075275,1,1,0.5642910008214892,0.3973847498550449
1,0.5081619590928064,0.55,0.23255813953488372,0.70025,0.4559410365185866,0.6074567453592401,0.7376344086021506,1,1,0.47076883944629966,0.36997897068877483
4,0.22267427299290385,0.8500000000000001,0.26744186046511625,0.009,0.19008925087173806,0.2676579716346398,0.23010752688172045,0,0,0.4937823748100374,0.24591278460965962
4,0.05137053012383469,0.55,0.27906976744186046,0.526,0.010548974684978396,0.08166723907866069,0.34301075268817216,0,1,0.13465169817909262,0.07166495028255433
2,0.23081118686517318,0.7000000000000002,0.046511627906976744,0.06375,0.18280063948438424,0.26806335193203124,0.1,0,0,0.44617927791229683,0.22079807534205084
2,0.05363016557673578,0.20000000000000007,0.13953488372093023,0.2155,0.033711401200921476,0.06551959056589965,0.1623655913978495,0,0,0.568981230915315,0.037168052755012865
4,0.11978850702657573,0.75,0.19767441860465115,0.083,0.0646533818401541,0.1716954467910209,0.25913978494623663,0,0,0.09306168542705495,0.14513167118118958
3,0.8745624043411715,0.7000000000000002,0.7674418604651162,0.39475000000000005,0.7156938027920794,1.0,0.6784946236559142,0,2,0.35782721458609124,0.7012674703382864
0,0.6743397801586197,0.7000000000000002,0.6976744186046512,0.46825,0.6656931733783156,0.7560398849170378,0.8107526881720432,0,2,0.7274730901937361,0.5518295500765883
2,0.025735355502991497,0.6000000000000001,0.03488372093023256,0.235,0.0053374287188912295,0.03446858584209314,0.06666666666666668,0,0,0.530504030116399,0.0591950014279162
3,0.6971531932656184,0.75,0.5348837209302325,0.29725,0.6784765669255657,0.7907618334450006,0.7086021505376345,0,2,0.6780867027531514,0.5940079444064629
4,0.02282454431612632,0.7000000000000002,0.10465116279069767,0.3375,0.001806417502737967,0.03173789911660879,0.1978494623655914,0,0,0.5102218868197781,0.06556541154275528
2,0.09710310282454429,0.3500000000000001,0.13953488372093023,0.154,0.07069575397474792,0.12038668776145622,0.026881720430107527,0,0,0.4817619314744377,0.0755677481328914
0,0.3460804229859469,0.5,0.3837209302325581,0.62,0.3348103576329008,0.3878701206569413,0.5688172043010754,0,1,0.7251022805578897,0.24989571884762837
3,0.8295923194657019,0.75,0.686046511627907,0.43275,0.6865267689673837,1.0,0.5354838709677421,1,2,0.2940029621757583,0.6969736830718373
0,0.5186976485320718,0.7000000000000002,0.6162790697674418,0.25875,0.490212615969486,0.5981048471096948,0.6860215053763442,1,1,0.6126240310158824,0.435664673353353
1,0.7732183108390148,0.9500000000000002,0.37209302325581395,0.32775,0.630855121539798,0.7747887236713942,0.3440860215053764,0,2,0.5861600614830274,0.7632128979775515
3,0.5416780297759843,0.8,0.46511627906976744,0.47050000000000003,0.5308538627122699,0.6082506151082985,0.7397849462365592,1,1,0.720036605175612,0.49344906666205124
4,0.0556727424516488,1.0,0.23255813953488372,0.04125,0.020695124560983907,0.0813012707546267,0.28387096774193554,1,0,0.2580767812765761,0.12129672098517563
3,0.564875469597885,0.55,0.4767441860465116,0.36924999999999997,0.4160991452561085,0.7578303145638503,0.3505376344086022,1,1,0.027183133150689986,0.40701652055766624
3,0.4732043968276053,0.75,0.41860465116279066,0.47024999999999995,0.4632107654930198,0.5302205381423448,0.7763440860215055,0,1,0.7280868001148504,0.4198973631147612
4,0.28944483094476137,0.9500000000000002,0.23255813953488372,0.065,0.2648761943126173,0.3358406855431252,0.27311827956989254,0,1,0.6008360940074973,0.3269216723062145
0,0.539563100041742,1.0,0.5581395348837209,0.46499999999999997,0.522533012751923,0.6114204638226235,0.6419354838709679,1,2,0.6827624646846508,0.5727415125526816
4,0.344466397662446,0.8500000000000001,0.06976744186046513,0.1825,0.28892609423582877,0.3806689900963341,0.04193548387096774,0,1,0.5333691592806928,0.34817598850743825
1,0.4806678725476554,0.55,0.45348837209302323,0.4995,0.4323191379549088,0.5729543778256978,0.7397849462365592,1,1,0.483971819874806,0.3520235735982623
2,0.13159871991095032,0.3500000000000001,0.16279069767441862,0.041999999999999996,0.1194564382733922,0.14656749863465662,0.046236559139784944,1,0,0.7337263386421118,0.09380457452424429
2,0.14081536106859607,0.75,0.13953488372093023,0.20850000000000002,0.10038520122358036,0.18227474649655712,0.043010752688172046,0,0,0.32451539267032814,0.16147914809654446
3,0.5385112007791846,0.8,0.6395348837209303,0.53575,0.3943528997092109,0.7239529083221197,0.6612903225806452,0,1,0.024361690393073454,0.4908885100343565
0,0.5506219563100042,0.45000000000000007,0.4767441860465116,0.3975,0.48174070670577424,0.6702794308911049,0.5505376344086023,0,1,0.39640939138206766,0.3565189999394218
2,0.1038875747878113,0.8,0.08139534883720931,0.16424999999999998,0.05103286798675713,0.15170231573494886,0.11612903225806454,0,0,0.08572877072160812,0.13947123830623176
0,0.6017642966467232,0.6000000000000001,0.36046511627906974,0.47550000000000003,0.5172585254094337,0.7419754407103165,0.9688172043010754,0,1,0.3419406979398303,0.4532922555018044
3,0.7580242103798525,0.9500000000000002,0.36046511627906974,0.5257499999999999,0.6781555659059153,0.9142057642826176,0.30107526881720437,0,2,0.4207908773976603,0.7495100949347919
4,0.3135105050786141,0.9500000000000002,0.06976744186046513,0.22249999999999998,0.28164377698611515,0.3695322924818846,0.04516129032258065,0,1,0.5424891204793882,0.34862530613657805
3,0.7406873521636288,0.75,0.7209302325581395,0.52925,0.6677198856984605,0.888464115398258,0.335483870967742,1,2,0.44376866179723673,0.6278538852301542
4,0.19930429942952552,0.8500000000000001,0.19767441860465115,0.18925,0.16175933735318926,0.2457055024745089,0.13010752688172042,1,0,0.4227812114485414,0.22629010064645658
0,0.8419646584110198,0.75,0.6046511627906976,0.41000000000000003,0.7588715870038647,0.887394361835697,0.7645161290322582,1,2,0.6674267172146016,0.7065926457988976
1,0.43471824126895775,0.7000000000000002,0.45348837209302323,0.312,0.3522702954468208,0.5515987185478377,0.695698924731183,0,1,0.25491065250881717,0.37298590257284536
4,0.018077083623208562,0.55,0.23255813953488372,0.45925,0.004884250808796675,0.019373800046168344,0.0827956989247312,0,0,0.7318919943697659,0.049922200202504485
2,0.270872408515375,0.8,0.09302325581395349,0.08399999999999999,0.20883948690189957,0.26806335193203124,0.10215053763440862,0,1,0.6089765725798484,0.2744877242477478
0,0.8374119938778349,0.5,0.3837209302325581,0.22575,0.7772252923626934,0.887394361835697,0.7731182795698925,0,2,0.7120513563620914,0.5554870925030073
1,0.4943648253791567,0.6500000000000001,0.3372093023255814,0.30125,0.4295245408426592,0.603160840263272,0.7333333333333334,0,1,0.3930199851652545,0.39865862418111164
4,0.2687853068039515,0.75,0.313953488372093,0.0955,0.20474829743576833,0.3478331860076234,0.26989247311827963,1,1,0.2354370486286086,0.26097029068912103
2,0.07130096006678727,0.6000000000000001,0.13953488372093023,0.2525,0.05226651896423673,0.08467943989955581,0.13870967741935486,0,0,0.5993100931730255,0.09036926778188364
3,0.3335466815082788,0.75,0.43023255813953487,0.6832499999999999,0.31470688201009583,0.4151713576298765,0.42365591397849467,1,1,0.5221553520297977,0.31131948110390906
1,0.6529622930290803,0.15000000000000002,0.3023255813953488,0.49325,0.566957036216468,0.7747887236713942,0.38064516129032266,1,1,0.4113802248220384,0.2743257206649763
4,0.3518074300820926,0.30000000000000004,0.12790697674418605,0.14975,0.24145570815342593,0.3806689900963341,0.13333333333333333,0,0,0.3025330629499796,0.1958107535070487
2,0.179045498817309,0.6500000000000001,0.15116279069767444,0.20475,0.13733808330920583,0.22656817426848563,0.16451612903225807,0,1,0.3555990657813468,0.17312315560824904
4,0.3611075553081954,0.55,0.24418604651162792,0.22425,0.2715479802112312,0.3806689900963341,0.22580645161290328,0,1,0.4488639269856649,0.2739430391249037
3,0.5357395297064144,0.75,0.41860465116279066,1.0,0.4037311647931117,0.7099447669344805,0.5978494623655914,1,2,0.07727358572410581,0.4685157460213063
3,0.4637873939056629,0.9500000000000002,0.686046511627907,0.62975,0.3482420473570916,0.6140103935004027,0.3956989247311829,0,1,0.09487391542581403,0.4841525533737766
2,0.19843606511757342,0.9000000000000001,0.16279069767441862,0.34675,0.16280416420146276,0.24301422772238207,0.03225806451612903,0,1,0.4436593215834692,0.23520324007165547
1,0.37223876443578685,0.6500000000000001,0.3023255813953488,0.01475,0.31711753672629317,0.4566214930381565,0.6354838709677421,0,1,0.3896558627991149,0.31130667312834803
0,0.5451899262557394,1.0,0.43023255813953487,0.27525,0.494605924042347,0.6477808243858771,0.7881720430107528,1,1,0.4920387212427457,0.5779910517251824
2,0.057876721858911934,0.050000000000000044,0.08139534883720931,0.111,0.04125177809388336,0.06737195331370244,0.11290322580645162,1,0,0.6453798625128753,0.023203897778508564
3,0.5510282454431612,0.9000000000000001,0.6162790697674418,0.6872499999999999,0.5082138496204636,0.6474204863437512,0.6075268817204302,1,2,0.5363100806331016,0.5422235684058397
0,0.30436065117573396,1.0,0.41860465116279066,0.3725,0.28857362252797747,0.3448266154686366,0.7731182795698925,1,1,0.6850616058622057,0.35330973665763765
0,0.8468568248225964,0.8,0.5,0.46125,0.6644721106761162,0.887394361835697,0.8978494623655915,1,2,0.4379067110643786,0.740203023720717
2,0.020809795464032277,0.7000000000000002,0.10465116279069767,0.08399999999999999,0.005350016994171619,0.024480465736919477,0.19247311827956992,0,0,0.6643550437664836,0.06406168597959377
1,0.35646584110198964,0.8,0.26744186046511625,0.213,0.3096401012097333,0.4314034603712608,0.703225806451613,0,1,0.4413517098563864,0.3436947547878463
3,0.3335244190900236,0.75,0.5232558139534883,1.0,0.31470688201009583,0.4404456931158543,0.6096774193548388,1,2,0.43266296807761817,0.31130217302882657
2,0.18013635731181302,0.8500000000000001,0.15116279069767444,0.1885,0.11382318508541145,0.2498099779855978,0.033333333333333326,0,0,0.08770613266808791,0.2101956677888069
2,0.19256991790733266,1.0,0.16279069767441862,0.07250000000000001,0.1544518435529148,0.23862823811588252,0.0010752688172043015,0,0,0.41040542395961976,0.24901473782593272
1,0.46617503826353135,0.4,0.2906976744186046,0.1905,0.41296466471128795,0.560944986515475,0.5365591397849464,0,1,0.4489502855300187,0.2886536913797132
0,0.5252483651036594,0.5,0.313953488372093,0.539,0.40762094185475656,0.6852390899212324,0.6505376344086022,1,1,0.13662377916348678,0.36133202945834375
2,0.26286906915263675,0.5,0.05813953488372093,0.0,0.18018227822606026,0.26806335193203124,0.05376344086021506,0,0,0.4298090399181702,0.19814111273614707
4,0.30379852511479055,0.6500000000000001,0.18604651162790697,0.21075,0.2472589030576921,0.38065209925060955,0.05053763440860215,0,0,0.3308129699941784,0.2623540712919613
4,0.11039376652288851,0.75,0.23255813953488372,0.30075,0.08585833154999437,0.13371919532010967,0.22473118279569895,0,0,0.5247092279522783,0.13782766349640424
2,0.1302796716293307,0.4,0.05813953488372093,0.0,0.09293294225758128,0.1676303832532895,0.10967741935483871,0,0,0.35215643271564967,0.10062984085224963
0,0.6231195213580075,0.5,0.3255813953488372,0.32575,0.5974521330832463,0.7134580628452067,0.7053763440860217,0,1,0.6393346153506043,0.42220452952324916
2,0.252071796298873,0.6000000000000001,0.16279069767441862,0.12975,0.1621432797492416,0.26806335193203124,0.008602150537634409,0,1,0.3170275445067119,0.2140458490908934
1,0.39410602476694023,0.55,0.37209302325581395,0.5045000000000001,0.2772630571885346,0.5365264538795458,0.7021505376344088,0,1,0.015517258101520826,0.29549315032928614
0,0.854737720884931,0.6000000000000001,0.46511627906976744,0.50025,0.8133788189680131,0.887394361835697,0.6946236559139787,0,2,0.7999539377280656,0.6263671215805735
4,0.05158758870182273,0.6500000000000001,0.24418604651162792,0.35475,0.035398230088495575,0.059883678375776295,0.1053763440860215,1,1,0.6535537277385506,0.08195754329182281
2,0.02779462919159592,0.0,0.12790697674418605,0.14225,0.0019323002555419744,0.041669716402700285,0.14301075268817207,0,0,0.39399989725218565,0.008577882010852161
4,0.11968832614442743,0.7000000000000002,0.16279069767441862,0.0295,0.0630672591548232,0.1729059574012871,0.3526881720430108,1,0,0.07360420067512852,0.1378605488390609
4,0.08408515374982606,0.8500000000000001,0.22093023255813954,0.172,0.05187628243054421,0.11088840218229729,0.17419354838709677,0,0,0.3648415429806371,0.12954592265021247
4,0.2435230276888827,0.8500000000000001,0.23255813953488372,0.27525,0.2290688452775086,0.27497170783341124,0.21935483870967745,0,1,0.6972232665923006,0.26341851790953075
1,0.7325615695004869,0.55,0.2906976744186046,0.365,0.6061002782008837,0.7747887236713942,0.69247311827957,0,1,0.5184483694432649,0.5165262693309565
4,0.18289133157089185,1.0,0.19767441860465115,0.21325,0.15124183335641184,0.2219175614122999,0.07204301075268817,0,1,0.47863673408426277,0.2399851150554291
1,0.2510532906636983,0.7000000000000002,0.34883720930232553,0.22849999999999998,0.20161381689094782,0.3147609100787677,0.4720430107526883,0,1,0.34689692669016603,0.23590594792000205
2,0.22230137748712955,0.25,0.09302325581395349,0.1615,0.1385717342866854,0.26806335193203124,0.11505376344086024,1,0,0.16965605102593329,0.1209877718449543
2,0.12294420481424792,0.15000000000000002,0.12790697674418605,0.08675000000000001,0.084725386774758,0.16012521746963876,0.031182795698924733,0,0,0.32963462961148604,0.060051231902243984
1,0.26277445387505216,0.5,0.3837209302325581,0.281,0.2453077203892295,0.2993902404693403,0.6430107526881722,0,1,0.666098101450215,0.1980822652808668
3,0.8890719354389871,0.9500000000000002,0.5465116279069767,0.7879999999999999,0.8770125505104547,1.0,0.435483870967742,0,2,0.7108301471015925,0.86769551634315
4,0.36989007930986495,0.55,0.23255813953488372,0.317,0.3539445360591146,0.3806689900963341,0.20860215053763442,1,1,0.8495368701128692,0.2796785890457193
2,0.14107137887853063,0.4,0.03488372093023256,0.13599999999999998,0.08617933256964466,0.19550590898086267,0.08602150537634409,0,0,0.1412551149664545,0.10667070521751923
4,0.25612355642131623,0.6500000000000001,0.19767441860465115,0.0,0.18770377270610156,0.3374678370145993,0.07741935483870968,1,0,0.1832734148596178,0.22825404792605994
4,0.30402671490190614,0.9000000000000001,0.12790697674418605,0.077,0.28198366041868606,0.350045886797552,0.04838709677419355,0,1,0.6271797085045201,0.32714650420153524
2,0.212834284124113,0.55,0.06976744186046513,0.2845,0.20272787925326352,0.23644368873549504,0.04408602150537634,0,0,0.7499737337008272,0.17711110918799167
2,0.13323500765270627,0.6500000000000001,0.06976744186046513,0.19574999999999998,0.08952781379423205,0.17664446458834193,0.018279569892473115,0,0,0.269766879604703,0.1403567194274489
3,0.6744232642270765,0.8,0.8953488372093023,0.7122499999999999,0.56608215108448,0.8453136348536971,0.5344086021505378,0,2,0.27156859564250335,0.6007809403477193
2,0.0739835814665368,0.45000000000000007,0.10465116279069767,0.08399999999999999,0.026460554639408856,0.11319118748275728,0.07419354838709677,0,0,0.08528553314131959,0.07488892542815852
3,0.5385668568248225,0.75,0.5232558139534883,0.446,0.4303427787358854,0.6918715620091098,0.2752688172043012,1,1,0.1919358219447096,0.4707138715567749
4,0.38014192291637683,0.8,0.19767441860465115,0.11299999999999999,0.3675021085361095,0.3806689900963341,0.11290322580645162,0,1,0.915463806137313,0.3628381781520168
4,0.32325587866982053,0.7000000000000002,0.3023255813953488,0.5265,0.29717770868213345,0.37535400397497903,0.27311827956989254,0,1,0.5953014197417652,0.28979498585064867
4,0.08803116738555725,0.6000000000000001,0.20930232558139536,0.342,0.03376175430204306,0.13507609325998954,0.0870967741935484,1,0,0.022684198755248408,0.10181544399539605
4,0.11325448726867957,0.6500000000000001,0.22093023255813954,0.17350000000000002,0.055797530180389965,0.16639172123348217,0.24301075268817204,0,0,0.04704136935654102,0.12606544183188667
2,0.1432809238903576,0.8,0.08139534883720931,0.0,0.11661778219766109,0.17273704894404068,0.0849462365591398,0,0,0.5161020740112923,0.1713229427189255
0,0.2522944204814248,0.55,0.6046511627906976,0.23425,0.25176550560807665,0.31825168486186106,0.6440860215053764,1,1,0.6106488307476872,0.20288110217822125
4,0.31020453596771946,0.8,0.11627906976744187,0.236,0.28334948828660983,0.3613233414597069,0.12473118279569895,1,1,0.5852405843089781,0.30628992756570583
3,0.7446556282176151,0.7000000000000002,0.6627906976744186,0.48750000000000004,0.6436259268117674,0.9180399862621123,0.4118279569892474,0,2,0.3323067604206158,0.6043104030185283
3,0.7308251008765827,0.75,0.7906976744186046,0.7000000000000001,0.6964526240259823,0.8428081594045413,0.45591397849462373,1,2,0.607673648313195,0.6201864079686378
1,0.5823459023236399,0.6000000000000001,0.27906976744186046,0.663,0.48455418623094454,0.7319479086317853,0.403225806451613,1,1,0.2693550066675132,0.440006923230033
4,0.21136496451927092,0.6500000000000001,0.27906976744186046,0.118,0.16766323845969866,0.26483157011671576,0.21397849462365595,0,0,0.3667125337740007,0.19623999376909299
4,0.05940169750939192,0.55,0.18604651162790697,0.0,0.019983887007641088,0.0894764400853551,0.3505376344086022,0,0,0.18387846687199305,0.07690981627478298
4,0.3213691387226938,0.6000000000000001,0.15116279069767444,0.3015,0.2657384911693249,0.3806689900963341,0.21290322580645163,0,1,0.42061389822495854,0.26145647451818643
4,0.06644775288715735,0.5,0.19767441860465115,0.25075000000000003,0.05243016654288196,0.07470821064010677,0.0849462365591398,0,0,0.704775849527947,0.07597379557432521
2,0.20528175873104212,0.55,0.06976744186046513,0.11475,0.1760973828975692,0.24497356582644098,0.11935483870967745,0,0,0.5217636398603196,0.1721788270317517
1,0.7401419229163768,0.4,0.41860465116279066,0.189,0.5879542793841817,0.7747887236713942,0.3215053763440861,0,1,0.46881378816926667,0.4420118906475816
1,0.4658411019897035,0.75,0.3023255813953488,0.534,0.3622087387806997,0.6056775762762443,0.5430107526881721,0,1,0.15988283585712537,0.4141727172812476
3,0.5125587866982051,0.8500000000000001,0.5697674418604651,0.31725000000000003,0.4044612847593752,0.6623970362196037,0.335483870967742,1,1,0.17369225194021642,0.4893153790901146
0,0.4540197578962014,0.8,0.5,0.28625,0.3977454398972797,0.5499715670763636,0.5225806451612904,1,1,0.42484908504769114,0.42257249919950146
3,0.5016780297759844,1.0,0.5581395348837209,0.91475,0.4453417087324865,0.6038139529646249,0.7010752688172045,0,2,0.44474002834769877,0.5373966924268518
4,0.28692361207736194,0.9000000000000001,0.19767441860465115,0.4305,0.2726368660229862,0.323797512541453,0.11290322580645162,0,1,0.6991519030462905,0.3122539440776094
1,0.7041046333657993,0.4,0.37209302325581395,0.6105,0.5816412593310589,0.7747887236713942,0.3096774193548388,0,1,0.45154584331396963,0.4218393291390098
2,0.21304577709753722,0.25,0.08139534883720931,0.02675,0.1799808658215738,0.2572081684129925,0.13655913978494624,0,0,0.4827114260879035,0.11667027251564219
4,0.3356727424516488,0.9000000000000001,0.18604651162790697,0.44675,0.2757084051914047,0.3806689900963341,0.17204301075268819,0,1,0.46909498766911795,0.3547023443787699
4,0.1869096980659524,1.0,0.11627906976744187,0.09825,0.1533251929153187,0.22817843489423517,0.14623655913978495,0,1,0.4584449600566478,0.2437340441182834
0,0.8307443996104077,0.75,0.46511627906976744,0.4355,0.665334407532824,0.887394361835697,0.7376344086021506,1,2,0.44000327332885236,0.697869375957353
0,0.47736190343676077,0.75,0.6395348837209303,0.20375000000000001,0.38669293420108514,0.6070795164713898,0.7010752688172045,1,1,0.23903131585042758,0.4231296461364049
1,0.38281897871156256,0.6500000000000001,0.3372093023255814,0.3655,0.28747844257858235,0.5045520829227919,0.4311827956989248,0,1,0.1314516372718968,0.31887428279663876
2,0.20190343676081815,0.8,0.11627906976744187,0.0,0.1603053915583026,0.2522704111794878,0.049462365591397855,0,0,0.3802287048093549,0.2187224909781659
1,0.5516738555725615,0.7000000000000002,0.24418604651162792,0.50575,0.5054255466458542,0.6512209266317965,0.6311827956989249,0,1,0.5175939100073113,0.46027675612056806
4,0.1399860859885905,1.0,0.16279069767441862,0.19775,0.07685771472450562,0.2016485465427254,0.14516129032258066,1,0,0.040704620739318687,0.19995672981229393
1,0.3891303742869069,0.3500000000000001,0.40697674418604646,0.31375,0.31489570613930185,0.4927960542984388,0.4344086021505377,1,0,0.2713013900046055,0.22995404706065617
4,0.010040350633087516,0.30000000000000004,0.16279069767441862,0.28575,0.0,0.018129507744452766,0.19462365591397854,1,0,0.667542699920131,0.025756838853166944
4,0.0178989842771671,0.6500000000000001,0.19767441860465115,0.0,0.0,0.0375877620192443,0.13548387096774195,1,0,0.41174273254250826,0.057861414242814976
3,0.9757061360790316,0.7000000000000002,0.8255813953488371,0.7112499999999999,0.8536675940029457,1.0,0.6763440860215055,0,2,0.6597459537071331,0.7767569859718053
2,0.211799081675247,0.75,0.08139534883720931,0.3175,0.17047042384722866,0.2631987883633334,0.01612903225806452,0,0,0.3922446086854272,0.2166659454968716
0,0.5696841519410046,0.8,0.3837209302325581,0.31575,0.46808872216417635,0.7210589434212971,0.5741935483870969,1,1,0.24399512981526272,0.5160935674538958
1,0.46811743425629604,0.3500000000000001,0.34883720930232553,0.397,0.3548697742922242,0.6168424253002349,0.5268817204301076,0,1,0.11083911173931926,0.2717122013275294
1,0.6440461945178795,0.5,0.36046511627906974,0.14775,0.5050730749380028,0.7747887236713942,0.5419354838709679,0,1,0.24210960287061534,0.43522020198523625
1,0.24835953805482117,0.6500000000000001,0.34883720930232553,0.3455,0.2033069399161621,0.3077962513583056,0.33118279569892484,1,1,0.3859003237326417,0.2227007520358623
4,0.061204953388061756,1.0,0.25581395348837205,0.159,0.01187703772706103,0.10038229614156782,0.26021505376344095,0,1,0.015344294538789383,0.12645798897475616
4,0.3689606233477112,0.9000000000000001,0.18604651162790697,0.00125,0.33820919195860977,0.3806689900963341,0.1,0,1,0.7730199991467084,0.3836878315578134
0,0.23086127730624736,0.75,0.45348837209302323,0.4355,0.25176550560807665,0.31839244190956645,0.8086021505376346,0,1,0.6099855379465604,0.231485984786202
0,0.5391178516766384,0.9000000000000001,0.5232558139534883,0.43700000000000006,0.41098201135462437,0.7103051049766063,0.8806451612903227,1,2,0.09796335348848562,0.5318525698164479
2,0.1018116042855155,1.0,0.12790697674418605,0.2195,0.04845856569191456,0.1498105410137886,0.1763440860215054,0,1,0.07349754069284398,0.16434190371517834
2,0.2651565326283567,0.5,0.13953488372093023,0.10200000000000001,0.25549163509107614,0.26806335193203124,0.16451612903225807,0,0,0.9006501399175069,0.1995638365079228
3,0.989069152636705,0.75,0.3255813953488372,0.36824999999999997,0.9651493598862022,1.0,0.5247311827956991,0,2,0.9036939810467575,0.8209600789248225
4,0.2574593015166272,0.6000000000000001,0.23255813953488372,0.10175000000000001,0.249656969498609,0.28474587722607275,0.30645161290322587,1,0,0.7688235560860528,0.2177317767604476
1,0.23928203701127035,0.25,0.3372093023255814,0.43275,0.1888241292060575,0.3130605649424867,0.4419354838709678,0,1,0.2822170825886059,0.12890881240642824
1,0.7635619869208292,0.3500000000000001,0.18604651162790697,0.188,0.6603494505217842,0.7747887236713942,0.6021505376344086,1,1,0.6668356243862383,0.4279051171323981
0,0.3827410602476694,0.8500000000000001,0.27906976744186046,0.3105,0.2771434685733708,0.513633727640743,0.9666666666666669,1,1,0.0687107720812341,0.38031344923974286
3,0.8173702518436065,0.6500000000000001,0.7209302325581395,0.6872499999999999,0.6824922267400144,1.0,0.26021505376344095,0,2,0.2851744456036771,0.6296916566424066
1,0.3208237094754418,0.55,0.5,0.40625,0.29616435252206097,0.3713452432563299,0.6000000000000001,0,1,0.607037183042473,0.24763511116111223
3,0.889183247530263,1.0,0.4767441860465116,0.73275,0.8400470801495488,1.0,0.45053763440860223,1,2,0.6299411021283758,0.8989191107111024
3,0.8430276888827049,0.8,0.686046511627907,0.23575,0.81670841777968,0.9622433295235093,0.4731182795698926,0,2,0.6504293112605717,0.7371069552499719
1,0.7534771114512313,0.8500000000000001,0.36046511627906974,0.1375,0.6562771434685735,0.7747887236713942,0.7021505376344088,0,1,0.655696680895334,0.6916033335352608
1,0.3166439404480311,0.55,0.20930232558139536,0.47825,0.22932690492075686,0.4226765234135273,0.6516129032258066,1,1,0.11132327983972412,0.2449054546398622
1,0.3290441074161681,0.55,0.34883720930232553,0.2675,0.23810722692883846,0.4399108163345739,0.8000000000000002,1,1,0.10097922305638041,0.25300355680942943
3,0.542395992764714,0.6500000000000001,0.7093023255813953,0.3205,0.4311798990420322,0.6988700024210213,0.47956989247311843,1,1,0.1802203794977335,0.4330134224122264
4,0.28567691665507167,0.5,0.11627906976744187,0.443,0.27606087689925607,0.31822353345232,0.1806451612903226,0,1,0.745528962589957,0.21232681107370646
0,0.6202198413802699,0.6500000000000001,0.36046511627906974,0.47425,0.5572074170117953,0.7435913316179741,0.7537634408602152,1,2,0.45174021171635625,0.48867774960407784
1,0.46249617364686235,0.5,0.34883720930232553,0.4845,0.4339807902919221,0.534702242541284,0.4344086021505377,0,1,0.6040815419674803,0.32230232014746485
0,0.48190343676081815,0.75,0.3953488372093023,0.53225,0.3492616976548043,0.6497457927718442,0.6258064516129033,1,1,0.025397655370478223,0.42666049345322066
2,0.0432558786698205,0.8500000000000001,0.09302325581395349,0.1375,0.009604854038948119,0.06609387932053759,0.00967741935483871,1,0,0.253711554140859,0.09526347217294226
2,0.19487407819674415,0.45000000000000007,0.09302325581395349,0.27,0.12454210148667533,0.26806335193203124,0.05268817204301077,1,0,0.08194148254298117,0.1463191782125951
3,0.6465785445944064,0.8500000000000001,0.3023255813953488,0.73575,0.5642505570311811,0.7906154461153869,0.3892473118279571,0,2,0.3713850251472943,0.6018455600460396
0,0.3216808125782663,0.9000000000000001,0.5232558139534883,0.62625,0.3032137866790871,0.3667734543468592,0.8881720430107528,1,2,0.6616785676209733,0.34251884416674605
3,0.9397245025740921,0.75,0.686046511627907,0.48724999999999996,0.912530369214114,1.0,0.34516129032258075,1,2,0.7885513936168083,0.782596730504617
4,0.36970641435925977,0.55,0.24418604651162792,0.23099999999999998,0.32832110172585255,0.3806689900963341,0.23548387096774195,0,1,0.7249367974315726,0.2795586440853981
0,0.8840740225406984,0.9500000000000002,0.46511627906976744,0.3185,0.8453341557673184,0.887394361835697,0.6483870967741937,0,2,0.8776491685071484,0.8631881474301837
4,0.3471824126895784,0.55,0.1744186046511628,0.09275,0.31891136595375064,0.3806689900963341,0.22365591397849466,0,0,0.6791797085938087,0.26484903031509355
1,0.758118825657437,0.4,0.36046511627906974,0.40325,0.6115761779478595,0.7747887236713942,0.5913978494623656,0,1,0.533426546934898,0.45207480550050627
2,0.08946709336301656,0.30000000000000004,0.11627906976744187,0.11775000000000001,0.07697730333966946,0.09932380314282338,0.15376344086021507,1,0,0.734123493621494,0.06527740517338365
1,0.7021566717684709,0.3500000000000001,0.20930232558139536,0.511,0.6155666612117474,0.7747887236713942,0.6537634408602152,0,1,0.5443416785782265,0.39544191842704224
2,0.03974954779462919,1.0,0.11627906976744187,0.22025,0.019373355656541497,0.05026152659463662,0.0870967741935484,1,1,0.5462412106277623,0.10644120014192623
3,0.28353972450257403,0.75,0.46511627906976744,0.4375,0.31470688201009583,0.3386051539600588,0.703225806451613,0,1,0.852683330183093,0.27244121745000127
4,0.04849311256435229,0.8500000000000001,0.22093023255813954,0.08099999999999999,0.013740102468560805,0.07299660494000937,0.07849462365591399,0,0,0.24465073769618328,0.09966093480913521
0,0.6007290941978572,0.6500000000000001,0.34883720930232553,0.649,0.5910384068278804,0.6738940718761788,0.6064516129032259,1,1,0.7245815626889531,0.47473678744818404
1,0.45793794350911365,0.55,0.19767441860465115,0.4995,0.4157152028600562,0.5418245491551763,0.7161290322580647,0,1,0.5144280831362482,0.33717947608456733
4,0.033315708918881304,0.30000000000000004,0.24418604651162792,0.03775,0.0010825916741147301,0.05361154433002463,0.21827956989247316,0,0,0.2575405558317354,0.037338018052322314
4,0.3331904828161959,0.6000000000000001,0.24418604651162792,0.3975,0.2617605961807173,0.3806689900963341,0.3505376344086022,1,1,0.40127043324471323,0.2695441918427043
3,0.47062195631000414,0.7000000000000002,0.5581395348837209,0.5235,0.45008748851319885,0.5367291440282416,0.7623655913978495,0,1,0.6575773980870514,0.3997829567384663
3,0.8160901627939333,0.6000000000000001,0.5930232558139534,0.6930000000000001,0.7366721635468725,0.9793424956787586,0.3559139784946237,1,2,0.4390054749516854,0.5999259214386472
3,0.9398413802699317,0.75,0.3023255813953488,0.52425,0.9310917811150694,1.0,0.6043010752688173,1,2,0.8291680790630902,0.7826875978987997
3,0.6418199526923611,0.9000000000000001,0.6395348837209303,0.48750000000000004,0.597068190687194,0.7516313741829053,0.5053763440860216,0,2,0.5459178244163259,0.621280624475349
4,0.25359120634478927,0.5,0.10465116279069767,0.06275,0.23997029167033823,0.28557915894848857,0.26881720430107536,0,0,0.7062786609636673,0.192370600503665
1,0.6910922498956449,0.7000000000000002,0.3837209302325581,0.29525,0.640554387643349,0.7747887236713942,0.47634408602150546,1,1,0.6126903735687825,0.5643329035161354
0,0.7524140809795463,0.5,0.40697674418604646,0.33325,0.6293256460932288,0.887394361835697,0.9655913978494626,1,1,0.35245266956932264,0.502621307971234
2,0.2236927786280785,0.6000000000000001,0.08139534883720931,0.00125,0.1832223467062778,0.26806335193203124,0.043010752688172046,1,0,0.4488158306661585,0.19462999662492536
1,0.31307638792263814,0.6500000000000001,0.25581395348837205,0.32349999999999995,0.2230579438311157,0.421071893069686,0.6946236559139787,1,1,0.08776811740774004,0.26899016035931567
1,0.3585139835814666,0.45000000000000007,0.43023255813953487,0.5062500000000001,0.3402799632422362,0.40813913552651576,0.6064516129032259,0,1,0.6665216550278401,0.2430086626915788
2,0.18120495338806178,0.6000000000000001,0.09302325581395349,0.13075,0.14198315688767482,0.22678775526290607,0.03870967741935484,0,0,0.3868931040266317,0.16556143068548632
2,0.1378711562543481,0.5,0.10465116279069767,0.33275,0.08527927088709578,0.1898305848173818,0.13118279569892474,1,0,0.16342932750404704,0.12039670108088929
4,0.30226241825518296,0.5,0.20930232558139536,0.22525,0.2755573458880399,0.3522304361779395,0.14946236559139786,0,1,0.5844306452448398,0.22264242382283453
2,0.1739195770140531,0.6500000000000001,0.09302325581395349,0.12425,0.12469316079004017,0.2275084313471576,0.05053763440860215,1,0,0.26258227415970037,0.16945678606353792
2,0.18402671490190622,0.0,0.06976744186046513,0.1205,0.15840456199096165,0.21780745561930287,0.14946236559139786,1,0,0.5534194029069563,0.05716337957474059
2,0.036504800333936244,0.8,0.09302325581395349,0.2195,0.0,0.0654632877468175,0.16881720430107527,0,0,0.13585711873247885,0.08498853340025789
4,0.07177403645470987,0.75,0.16279069767441862,0.20375000000000001,0.04713050264983196,0.0902252675791477,0.24408602150537637,0,1,0.4873831405033269,0.10780248024715933
0,0.3720940587171281,0.75,0.6511627906976744,0.173,0.3296869295937763,0.44509630597204003,0.927956989247312,1,1,0.48168575245899814,0.34128841310913605
4,0.18314734938082647,0.7000000000000002,0.13953488372093023,0.21575,0.12402598220017877,0.24677525603706985,0.27956989247311836,1,0,0.16792822756933345,0.18522375014062814
1,0.686728815917629,0.4,0.313953488372093,0.1355,0.6262226362366092,0.7747887236713942,0.7720430107526883,1,1,0.5734888676510252,0.4121128832656876
0,0.4410964240990677,0.6500000000000001,0.43023255813953487,0.626,0.35502083359558906,0.5620316309237603,0.9849462365591399,1,1,0.2383987509457961,0.3605578392599067
2,0.1581132600528732,0.3500000000000001,0.09302325581395349,0.07825,0.1422286282556427,0.1798424647122081,0.1849462365591398,0,0,0.6759500276728982,0.10782203837200244
1,0.2654737720884931,0.30000000000000004,0.5348837209302325,0.39325,0.21008572615465954,0.3363586714786809,0.7118279569892475,1,1,0.3065387868265841,0.15285349579846477
0,0.5123862529567274,0.75,0.3837209302325581,0.40075,0.4404448696484095,0.6298652673539364,0.5774193548387099,1,1,0.36231672806344917,0.4503595752598375
2,0.056368443022123266,0.4,0.023255813953488372,0.0,0.035889172824431326,0.06910608014143269,0.1752688172043011,0,0,0.558754533957144,0.059256618175209635
0,0.7482510087658272,0.75,0.41860465116279066,0.241,0.5695502209242314,0.887394361835697,0.7258064516129032,1,2,0.20711652485611642,0.6337343037394096
0,0.22826770557951861,0.8,0.6162790697674418,0.45949999999999996,0.25176550560807665,0.3082748253205038,0.6419354838709679,1,1,0.6587582061845045,0.24003946241118798
2,0.23053290663698342,0.15000000000000002,0.15116279069767444,0.10775,0.19290902453454856,0.26806335193203124,0.017204301075268814,0,0,0.509377840937699,0.10354694382664231
2,0.16060108529288994,0.0,0.011627906976744186,0.30474999999999997,0.12500157353441005,0.20028038803902914,0.12903225806451615,1,0,0.4106159613000835,0.04987841077254594
4,0.02458884096284958,0.7000000000000002,0.23255813953488372,0.0335,0.0,0.0516690970716904,0.30000000000000004,0,0,0.26156224473878575,0.06688220989502651
1,0.5556866564630583,0.8,0.10465116279069767,0.31525,0.5370221175996677,0.6310757779642027,0.5376344086021506,1,1,0.6736741810337563,0.5047758171574949
1,0.3576791428968972,0.6000000000000001,0.19767441860465115,0.573,0.2691058548068329,0.4701172787721481,0.5311827956989248,0,1,0.1488078837388047,0.2862984085224962
2,0.24490886322526786,0.55,0.12790697674418605,0.05575,0.19961857525900378,0.26806335193203124,0.15376344086021507,0,0,0.551326575797648,0.1980578608950006
2,0.24821483233616246,0.0,0.08139534883720931,0.11599999999999999,0.2077568952277849,0.26806335193203124,0.08924731182795699,0,0,0.6022081087938156,0.07712478256730676
1,0.35105050786141645,0.7000000000000002,0.26744186046511625,0.40075,0.2965986480192349,0.4321072456097877,0.5043010752688173,1,1,0.38135148137089314,0.3105397523214455
4,0.3321998052038402,0.6000000000000001,0.27906976744186046,0.28125,0.2768791147924823,0.3806689900963341,0.24408602150537637,0,1,0.474787842869,0.26886640762247627
2,0.21182134409350215,0.15000000000000002,0.06976744186046513,0.043,0.1602172736313398,0.26806335193203124,0.043010752688172046,0,0,0.30498597521295556,0.0959822765311156
1,0.2725365242799499,0.55,0.3023255813953488,0.41000000000000003,0.19732750915797026,0.36205527810777494,0.5247311827956991,0,1,0.14788406676462218,0.2161004906839286
0,0.8612606094336996,0.7000000000000002,0.3255813953488372,0.32375,0.828207807248329,0.887394361835697,0.9559139784946239,0,2,0.8360086873273402,0.6913395584710046
4,0.378500069570057,0.45000000000000007,0.23255813953488372,0.10575,0.2739523407897884,0.3806689900963341,0.04838709677419355,0,0,0.4605557048692943,0.25481778923956966
2,0.16709614581883955,0.45000000000000007,0.046511627906976744,0.14024999999999999,0.0975213685972885,0.23800890710597883,0.18709677419354842,0,0,0.02830979207608264,0.12990610369267783
3,0.46360372895505764,0.8,0.6627906976744186,0.3305,0.4563186847769987,0.5169668545304063,0.7451612903225807,1,1,0.7472653208307334,0.43032167057540693
4,0.3408598859051064,0.7000000000000002,0.08139534883720931,0.305,0.2942383464041592,0.3806689900963341,0.18279569892473121,1,1,0.5592012549188687,0.30293389180722274
2,0.23416168081257824,0.45000000000000007,0.03488372093023256,0.20025,0.14794370523294603,0.26806335193203124,0.046236559139784944,1,0,0.22825048461548736,0.16953294159390064
4,0.029809378043689994,0.6500000000000001,0.13953488372093023,0.30125,0.0,0.057502069128601285,0.0870967741935484,0,0,0.20610150492422274,0.06638044879838689
0,0.3902768888270488,0.8,0.5348837209302325,0.15575,0.3559083070028576,0.458417552966877,0.5236559139784948,1,1,0.5474363297107974,0.371032859380544
2,0.05168776958397106,0.75,0.10465116279069767,0.17850000000000002,0.004607308752627798,0.08761844705564409,0.08064516129032259,1,0,0.021058189721202325,0.0921862695040371
1,0.6327090580214274,0.5,0.2906976744186046,0.22425,0.5034114226009894,0.7747887236713942,0.5440860215053764,1,1,0.23756450073522295,0.4281688921966543
2,0.21898984277167102,0.5,0.12790697674418605,0.047,0.17122572036405292,0.26806335193203124,0.02903225806451613,0,0,0.37381180754883836,0.1708497399461719
3,0.9947572005009044,0.8,0.627906976744186,0.78375,0.8963040823776736,1.0,0.7634408602150539,1,2,0.7530445048136494,0.8597886684032436
4,0.21196048420759703,0.3500000000000001,0.20930232558139536,0.4945,0.17353566887800703,0.2607777671428008,0.058064516129032254,0,1,0.4235106742059873,0.13628949486382871
4,0.2749519966606373,0.6500000000000001,0.15116279069767444,0.18575000000000003,0.19058648774531406,0.3729723947278041,0.1806451612903226,1,0,0.0789041198146514,0.24172128806694768
3,0.7464199248643384,0.7000000000000002,0.5348837209302325,0.55175,0.7382897569204043,0.836935775374273,0.37526881720430116,0,2,0.7274787057988339,0.6056272013707996
2,0.2565576735772923,0.5,0.05813953488372093,0.13325,0.17768979972054028,0.26806335193203124,0.017204301075268814,0,0,0.4142258325968382,0.194215641307452
3,0.91165715875887,0.9000000000000001,0.37209302325581395,0.6735,0.8150782361308677,1.0,0.5784946236559141,1,2,0.5753034652462461,0.8562418976573521
2,0.07274245164881035,0.7000000000000002,0.09302325581395349,0.14375000000000002,0.03157139440325282,0.10610829284222265,0.03655913978494624,0,0,0.18739715578310379,0.10282208164219017
0,0.48210936412967853,0.9000000000000001,0.5116279069767442,0.34125000000000005,0.402774455871801,0.6022994071313152,0.7784946236559142,1,1,0.3047424327690684,0.48221231815703625
2,0.23401140948935575,0.7000000000000002,0.05813953488372093,0.0755,0.15980815468472664,0.26806335193203124,0.013978494623655916,0,0,0.302428125526373,0.2231865897034261
0,0.28337832197022406,0.9000000000000001,0.627906976744186,0.398,0.25176550560807665,0.36788261988277754,0.9526881720430109,1,1,0.40020508018667567,0.3091668758059073
3,0.35955475163489636,0.8500000000000001,0.5,0.567,0.31470688201009583,0.43755735849693994,0.5526881720430109,1,1,0.4424838912139184,0.36084498022552425
2,0.24656741338527896,0.6500000000000001,0.10465116279069767,0.0895,0.19547703269175093,0.26806335193203124,0.0924731182795699,0,0,0.5254332666627077,0.22141891599525762
4,0.07769027410602475,1.0,0.25581395348837205,0.11174999999999999,0.06299802364078097,0.08799567594349453,0.11505376344086024,1,0,0.6905745000603367,0.1418379444930032
1,0.30074857381383047,0.8,0.41860465116279066,0.49075,0.23050390865947462,0.38946912071887446,0.5440860215053764,0,1,0.2196943786842669,0.2986442584787933
4,0.36934465006261297,0.6000000000000001,0.22093023255813954,0.21999999999999997,0.2571155226022483,0.3806689900963341,0.20645161290322583,0,1,0.37868265293550274,0.2942795081045061
1,0.3595658828440239,0.4,0.5232558139534883,0.3425,0.2941250519266355,0.45155423932076283,0.44838709677419364,1,1,0.3080053490769301,0.22897717930300385
1,0.7608626687073884,0.7000000000000002,0.441860465116279,0.444,0.5994662571281109,0.7747887236713942,0.7365591397849464,0,2,0.500302393493631,0.6164066705321368
2,0.10712675664394042,0.4,0.0,0.0,0.0693110436939035,0.14191688577847095,0.10215053763440862,1,0,0.31111196185758305,0.08766955423052623
2,0.2757144844858773,0.3500000000000001,0.10465116279069767,0.15825,0.23120255793753702,0.26806335193203124,0.05591397849462365,1,0,0.7487925716017998,0.16999437487559824
2,0.2767719493529984,0.45000000000000007,0.09302325581395349,0.01675,0.20159493447802718,0.26806335193203124,0.043010752688172046,0,0,0.5636829573605227,0.1947099599318062
2,0.18871851954918603,0.75,0.10465116279069767,0.16449999999999998,0.14710029078915898,0.2374064669417998,0.17311827956989248,1,0,0.3669331558109019,0.19872179865516257
4,0.11526367051620981,1.0,0.19767441860465115,0.19125,0.09968025780787776,0.13121371987095398,0.19354838709677422,0,1,0.6766520817508199,0.1768919889574481
4,0.10322526784471961,0.7000000000000002,0.23255813953488372,0.0215,0.08291267513437986,0.12185619133950037,0.07956989247311828,0,0,0.5915388527377503,0.12557320017654236
4,0.16436343397801587,0.7000000000000002,0.26744186046511625,0.31425000000000003,0.1329573635116253,0.2007814831288603,0.15053763440860218,0,1,0.4676913479512246,0.17120420932386007
2,0.14000278280228187,0.4,0.023255813953488372,0.20425,0.11838014073691763,0.1645337282037712,0.02795698924731183,1,0,0.5875013034022085,0.10607253814267048
4,0.0938583553638514,0.7000000000000002,0.19767441860465115,0.309,0.04901874394189251,0.13321246994837033,0.1064516129032258,0,0,0.17851372754551376,0.11858212248924735
1,0.7098260748573814,0.4,0.40697674418604646,0.5609999999999999,0.7025957023628193,0.7747887236713942,0.7150537634408604,0,2,0.7823914029193901,0.4250420153522626
1,0.6381856129122025,0.3500000000000001,0.43023255813953487,0.6267499999999999,0.5776444819295308,0.7616532759795283,0.7903225806451615,1,1,0.4690881413496262,0.36162228587747614
0,0.6093390844580493,0.8,0.3837209302325581,0.6805,0.5293621520915419,0.7464796662368884,0.8591397849462367,1,2,0.36669721521903065,0.5481567765440968
4,0.04296646723250311,1.0,0.20930232558139536,0.23575,0.02771308802980904,0.04931563923405649,0.22473118279569895,1,1,0.6743679362658306,0.10944242036121954
0,0.49219423959927644,0.6000000000000001,0.7093023255813953,0.34325,0.38555369528820854,0.6381080000675634,0.9258064516129034,0,1,0.16540568180040505,0.37832855918928987
0,0.4391762905245582,0.6500000000000001,0.46511627906976744,0.43325,0.37351930412014256,0.541610598442664,0.695698924731183,0,1,0.35934137405988587,0.359184443502116
0,0.30131626547933765,0.8,0.3372093023255814,0.721,0.2907388058762069,0.3367302700846232,0.8860215053763442,1,2,0.7345326110654582,0.2991032686299794
3,0.5556310004174203,0.7000000000000002,0.6627906976744186,0.8135000000000001,0.517736879870089,0.6482199863747178,0.7397849462365592,0,2,0.5645305147682869,0.4632302060526339
4,0.1669180464727981,0.6500000000000001,0.23255813953488372,0.247,0.12157756265814024,0.21612963161065474,0.3193548387096775,0,1,0.2982177652405611,0.16444886761918773
4,0.3155419507443996,0.8,0.22093023255813954,0.46975,0.29469781845189397,0.36196519359724344,0.03548387096774194,0,1,0.6398183722553197,0.3106055230067588
3,0.6203478502852372,0.8,0.5697674418604651,0.5535,0.45980563702967053,0.8309733068334733,0.2774193548387098,1,1,0.02423934131635752,0.5570579733974887
2,0.19338806177821063,0.6000000000000001,0.08139534883720931,0.18625,0.182511109152935,0.21517811396816644,0.16129032258064518,0,0,0.7431911894927363,0.1738966534836828
2,0.2093836092945596,0.5,0.09302325581395349,0.18724999999999997,0.16907941942874405,0.25955599596871815,0.06774193548387097,0,0,0.4010780346895968,0.16487499242771717
0,0.7659496312786975,0.6500000000000001,0.19767441860465115,0.4085,0.585159682271932,0.887394361835697,0.6978494623655915,1,2,0.24506889285535327,0.5929125163344959
0,0.5019507443996104,0.9500000000000002,0.441860465116279,0.588,0.393610191467667,0.6506410075952502,0.9193548387096776,0,2,0.16435387758694553,0.5185701799174406
3,0.5172338945317935,0.6500000000000001,0.7325581395348837,0.39375,0.4306323090673347,0.6484395673691381,0.4634408602150539,1,1,0.2868249945596162,0.41501596669926355
3,0.37578405454292474,0.7000000000000002,0.41860465116279066,0.61375,0.33006457785218846,0.45221861258593216,0.27096774193548395,1,1,0.4590878575691837,0.3289998528813618
0,0.40089606233477104,0.4,0.6744186046511628,0.61475,0.37372071652462896,0.4639746412102855,0.760215053763441,1,1,0.602693875457325,0.2521125371041859
1,0.34773340754139415,0.5,0.3255813953488372,0.15175,0.24052417578267604,0.4755617613773922,0.560215053763441,1,1,0.016970574377709102,0.25092381850752465
3,0.6609767636009461,0.8,0.43023255813953487,0.443,0.6198970279082063,0.7699748326398703,0.40537634408602163,0,1,0.5671459009768547,0.5899086999039403
4,0.17753721998052033,1.0,0.13953488372093023,0.18625,0.1302760608768993,0.22983936805715866,0.22365591397849466,0,1,0.28979842539647316,0.2349900045866399
1,0.21977459301516625,0.6500000000000001,0.34883720930232553,0.32175000000000004,0.1888241292060575,0.2826626729200331,0.6107526881720431,0,0,0.41355745173374303,0.20225506910248978
3,0.7268345624043411,0.6500000000000001,0.441860465116279,0.708,0.6508704792356399,0.875508836727455,0.703225806451613,0,2,0.42724773531330795,0.5649350514482532
1,0.1969389174899123,0.7000000000000002,0.18604651162790697,0.25675,0.1888241292060575,0.2298618891847915,0.4000000000000001,0,0,0.6950228732098245,0.19551720855365068
1,0.4593015166272436,0.3500000000000001,0.12790697674418605,0.42025,0.41433678671685187,0.5458164190281007,0.48602150537634414,1,1,0.4975008653406543,0.26705148286933267
4,0.21024627800194792,0.4,0.1744186046511628,0.0,0.1693815380354738,0.26102549954676235,0.2053763440860215,0,0,0.39584580445731765,0.1453926769534326
3,0.6247725059134548,0.7000000000000002,0.4883720930232558,0.5315000000000001,0.6133007716612748,0.7026197701718926,0.42365591397849467,0,1,0.7142283936500824,0.5148345780723997
2,0.024744677890635863,0.55,0.10465116279069767,0.0925,0.0,0.05185489637466151,0.1602150537634409,0,0,0.25973956339992155,0.05427656573174214
0,0.3854292472519828,0.6000000000000001,0.41860465116279066,0.31825,0.3040320245723133,0.49502001565218373,0.6591397849462367,0,1,0.22191608633289928,0.305283982241915
1,0.4816474189508835,0.75,0.23255813953488372,0.377,0.39119953675146973,0.6117188687637589,0.5741935483870969,1,1,0.24324949057197176,0.4264614505897727
0,0.4829720328370668,0.8,0.34883720930232553,0.7655000000000001,0.364650864185098,0.638147412040921,0.7806451612903227,1,2,0.09792224005967554,0.4459820169099894
0,0.36756922220676225,0.8500000000000001,0.41860465116279066,0.521,0.3307946978184519,0.4349449076915281,0.5946236559139786,0,1,0.5221160003069139,0.3675743598175729
1,0.5096758035341589,0.25,0.3837209302325581,0.41474999999999995,0.4446556477297046,0.6206034536149225,0.6043010752688173,0,1,0.39911190451866374,0.2550405441658805
1,0.41734242382078746,0.45000000000000007,0.27906976744186046,0.155,0.40211986555722007,0.4718457753179702,0.6247311827956991,0,1,0.6922653827169676,0.27776846987962234
4,0.02015305412550436,0.5,0.24418604651162792,0.24150000000000002,0.0,0.0413262692062992,0.08924731182795699,0,0,0.3694069931176742,0.047180081867195134
3,0.4000723528593293,0.75,0.3255813953488372,0.57525,0.31470688201009583,0.5371908271447152,0.7483870967741937,0,1,0.1531254672250555,0.3630403364689796
0,0.5306080422985947,0.8500000000000001,0.5581395348837209,0.32625000000000004,0.44318281952189736,0.6642775503769474,0.6677419354838711,1,1,0.2904731109934855,0.5044705027130408
3,0.3531209127591485,0.7000000000000002,0.5,0.402,0.31470688201009583,0.44374503831406836,0.5182795698924733,1,1,0.421566350790467,0.31208501726480486
1,0.2128788089606233,0.45000000000000007,0.36046511627906974,0.6194999999999999,0.1888241292060575,0.2702310104666941,0.8247311827956991,1,1,0.47307621748427287,0.15695758656201048
0,0.7707416168081258,1.0,0.7441860465116279,0.242,0.6712697793275344,0.887394361835697,0.8215053763440862,1,2,0.4544343551930783,0.7884191669623464
0,0.6155502991512453,0.55,0.3023255813953488,0.34299999999999997,0.49506539609008166,0.7897314918557972,0.6193548387096776,1,1,0.18702196164460316,0.4401104255190259
0,0.2822373730346458,0.7000000000000002,0.27906976744186046,0.4525,0.2601430028071854,0.3255034879596421,0.7096774193548389,1,1,0.622728481738384,0.25918046264484695
3,0.8731543063865312,0.6500000000000001,0.5813953488372092,0.7482500000000001,0.6919774921637987,1.0,0.5655913978494626,0,2,0.3059304120219708,0.6695917890491809
1,0.7437540002782802,0.55,0.12790697674418605,0.57375,0.60411133070658,0.7747887236713942,0.6548387096774195,1,1,0.5130080199175682,0.5238356425190174
4,0.16249895644914428,0.75,0.25581395348837205,0.22749999999999998,0.14998929996601168,0.18177365140672597,0.16774193548387098,0,1,0.7245226193915284,0.178337213226831
0,0.7591651593154305,1.0,0.36046511627906974,0.6805,0.7486184367879758,0.853477543620609,0.8043010752688173,1,2,0.7161194150206762,0.7776189281109102
0,0.49747043272575486,0.4,0.45348837209302323,0.24150000000000002,0.4901307921801635,0.5552358806605446,0.7935483870967743,1,1,0.7442375222338768,0.3061718864936437
2,0.2099679977737581,0.45000000000000007,0.12790697674418605,0.16924999999999998,0.1743035536701117,0.2560652211856248,0.10967741935483871,0,0,0.4519836033222566,0.15523768314106945
4,0.13837206066508975,0.55,0.18604651162790697,0.1935,0.12003549893629073,0.15975361886369654,0.19462365591397854,0,0,0.6364137768834712,0.12848251451714798
2,0.22102128843745647,0.45000000000000007,0.15116279069767444,0.185,0.21053260992711392,0.24601516797946077,0.06236559139784946,0,0,0.744199313202597,0.1617687121926735
1,0.2654236816474189,0.45000000000000007,0.3372093023255814,0.3525,0.21637356965722127,0.33063267477802616,0.5537634408602152,1,0,0.3629115535319998,0.1880046385641221
2,0.00021149297342423767,0.0,0.08139534883720931,0.23249999999999998,0.0,0.016890845724645442,0.08924731182795699,1,0,0.6861839126888241,0.0
0,0.42219563100041735,0.45000000000000007,0.5116279069767442,0.3635,0.38119185790354865,0.5003856743107129,0.7204301075268817,1,1,0.5108103569438149,0.2806360717592793
0,0.588907750104355,0.6500000000000001,0.45348837209302323,0.36450000000000005,0.492736565163207,0.7379047468906768,0.6580645161290324,1,1,0.28060445876282847,0.46628144660891546
1,0.6362766105468206,0.6500000000000001,0.3953488372093023,0.591,0.5366004103777742,0.7747887236713942,0.356989247311828,1,1,0.32834602937129453,0.500162522825024
1,0.4772171977181021,0.6500000000000001,0.3023255813953488,0.23900000000000002,0.4328289631037651,0.5655224057068537,0.7129032258064518,0,1,0.5069340784067253,0.38639360293544955
1,0.16897732016140252,0.75,0.24418604651162792,0.251,0.1888241292060575,0.20777429325886348,0.4365591397849463,0,1,0.8391785578242719,0.18337386307581802
4,0.18915820230972588,0.55,0.16279069767441862,0.1985,0.12258462468057252,0.26023162979770403,0.3215053763440861,1,0,0.10119809980796135,0.1616491133938539
0,0.8343787393905663,0.9000000000000001,0.5,0.29625,0.7480708468132782,0.887394361835697,0.9021505376344088,1,2,0.6411661270990006,0.788951563351882
3,0.9922359816335049,0.7000000000000002,0.5,0.28275,0.8236067926333412,1.0,0.5129032258064518,0,2,0.5939659300749038,0.789094181890561
1,0.5708028384583276,0.5,0.24418604651162792,0.20675,0.5014098868314052,0.6935212346082169,0.6483870967741937,0,1,0.4022273681643984,0.38966534836828126
0,0.8796048420759705,0.7000000000000002,0.5465116279069767,0.5025000000000001,0.6657120557912362,0.887394361835697,0.5247311827956991,1,2,0.44092147578044694,0.70503093818421
3,0.2798052038402671,0.6500000000000001,0.23255813953488372,0.4365,0.31470688201009583,0.3238087731052694,0.44623655913978505,0,1,0.9295298680226989,0.2451925956054797
3,0.7663559204118546,0.6000000000000001,0.5116279069767442,0.62175,0.581767142083863,1.0,0.7000000000000002,1,1,0.06476453811067806,0.5658996304725971
4,0.34205092528175873,0.5,0.20930232558139536,0.0805,0.28186407180352224,0.3806689900963341,0.2,1,0,0.49902838759108015,0.24738950957569253
3,0.5668401280089049,0.6000000000000001,0.627906976744186,0.39899999999999997,0.4442276463701708,0.7366435637432367,0.7279569892473119,1,1,0.14463091544025675,0.4293984578505101
1,0.584304995130096,0.4,0.27906976744186046,0.46199999999999997,0.4287629501881947,0.7747887236713942,0.724731182795699,0,1,0.03337923056192427,0.35477919223213594
1,0.309074718241269,0.45000000000000007,0.40697674418604646,0.49175,0.2713465678067448,0.36977439460393785,0.7741935483870969,1,1,0.49032690622834907,0.21379661280970635
4,0.17341867260331154,0.5,0.24418604651162792,0.39,0.1250833973237327,0.22614027284346128,0.3516129032258065,1,1,0.27209631769499887,0.142506036191185
2,0.020409071935438977,0.30000000000000004,0.08139534883720931,0.233,0.0,0.03583674434578943,0.1709677419354839,1,0,0.43224403683349766,0.030916029873737594
4,0.21012940030610824,0.45000000000000007,0.22093023255813954,0.446,0.1800438071979758,0.25125696043600904,0.33118279569892484,1,1,0.5141384663404469,0.15533305063477365
1,0.4544260470293585,0.75,0.3372093023255814,0.34075,0.4255655282669722,0.5259021119187439,0.7376344086021506,1,1,0.6004574812520909,0.4052980017827318
1,0.1705245582301377,0.7000000000000002,0.20930232558139536,0.109,0.1888241292060575,0.23672520283090576,0.34301075268817216,0,0,0.6538038042735963,0.17580261871175998
0,0.4932016140253235,0.75,0.24418604651162792,0.4995,0.42268910736539983,0.6069274988598679,0.9860215053763444,1,1,0.3603970098049438,0.43544434155755374
3,0.9942896897175455,0.8,0.5930232558139534,0.4915,0.9259431765253843,1.0,0.7010752688172045,0,2,0.8179017349820257,0.8594106600434434
1,0.4995185752052316,0.7000000000000002,0.43023255813953487,0.492,0.39890985536071705,0.6409850741226613,0.5591397849462367,0,1,0.20212579331660252,0.4213502029371804
3,0.5222095450118268,1.0,0.46511627906976744,0.6855,0.5065773738340111,0.5905771601984111,0.5333333333333334,1,2,0.6909133031807781,0.5565515391205766
3,0.7260442465562821,0.7000000000000002,0.6627906976744186,0.533,0.5478417402031748,0.9660719212210955,0.7795698924731184,1,2,0.03632744123325371,0.5904196342803736
0,0.6876415750660915,0.30000000000000004,0.6162790697674418,0.542,0.6221817998715997,0.8218747712697976,0.6322580645161291,0,1,0.460797563136202,0.36291260287487126
4,0.32245999721719765,0.75,0.19767441860465115,0.17675,0.2736313397701381,0.3806689900963341,0.24623655913978496,0,1,0.45899476070158474,0.30270005971285907
0,0.23856407402254073,0.9000000000000001,0.5232558139534883,0.25725000000000003,0.25176550560807665,0.3053076667548744,0.9301075268817206,1,1,0.6734954703427045,0.2701447820480646
3,0.9410435508557116,0.7000000000000002,0.36046511627906974,0.7969999999999999,0.726431601606264,1.0,0.4397849462365592,0,2,0.38132401532239446,0.7508862599845958
0,0.8868456936134687,0.6000000000000001,0.7790697674418604,0.52725,0.8188169538891477,0.887394361835697,0.7967741935483873,1,2,0.8131760530310255,0.6483341843136916
1,0.26828440239320994,0.5,0.313953488372093,0.25725000000000003,0.25610216644217576,0.3008878954569255,0.3387096774193549,0,1,0.7208560496776644,0.2015092641471879
2,0.16426881870043133,0.5,0.0,0.0,0.15233071916816676,0.18326004583049477,0.1053763440860215,0,0,0.7325631948776266,0.1368151411040821
0,0.4111924307777932,0.7000000000000002,0.5581395348837209,0.9117500000000001,0.3550648925590705,0.501494839846631,0.9365591397849464,0,2,0.40469783986740904,0.35542720656322213
2,0.0863893140392375,0.9500000000000002,0.03488372093023256,0.040749999999999995,0.06835433477259284,0.10080456728468395,0.1838709677419355,0,0,0.6259878461074091,0.14379600702707848
4,0.0702880200361764,0.6500000000000001,0.1744186046511628,0.45675,0.022256070695754,0.10947520142333528,0.13763440860215054,0,1,0.06605377376212829,0.09533322371552447
1,0.28838736607764015,0.4,0.43023255813953487,0.32399999999999995,0.22929543423255577,0.36554042260896,0.5247311827956991,1,1,0.2965523830982759,0.189133644301749
0,0.61781550020871,0.8,0.3953488372093023,0.612,0.5962184821057668,0.7038246505002506,0.5634408602150539,0,2,0.6603166920692571,0.5550104281152373
3,0.9929873382496173,0.6500000000000001,0.15116279069767444,0.6065,0.9050277571469934,1.0,0.7279569892473119,1,2,0.7721339337822986,0.7553036269071336
4,0.254275775706136,0.4,0.16279069767441862,0.2905,0.19253767041377662,0.3293996430401271,0.05376344086021506,0,0,0.23895573723762809,0.17003902970931087
3,0.49998052038402674,0.7000000000000002,0.6976744186046512,0.55275,0.45991893150719426,0.5873453783830955,0.5795698924731184,0,1,0.5396075096965738,0.42169497979282233
1,0.5344093502156672,0.7000000000000002,0.3255813953488372,0.9015,0.42970077669658485,0.6840285793109662,0.5827956989247314,1,1,0.20620635061310022,0.4473912403832008
0,0.3767580353415889,0.75,0.3372093023255814,0.6279999999999999,0.3630332708115661,0.4246921643366684,0.7043010752688174,0,1,0.7036938019706829,0.34491445483890515
0,0.6006344789202727,0.6500000000000001,0.5348837209302325,0.54725,0.5834162061455961,0.6805152834002399,0.6311827956989249,1,2,0.6831674976840223,0.47466911287461167
0,0.36341171559760677,1.0,0.5697674418604651,0.40175000000000005,0.34715316154533665,0.41190579412311173,0.781720430107527,0,1,0.6829480326738502,0.40840133964501135
3,0.3910950326979268,0.9000000000000001,0.5697674418604651,0.55175,0.3545361849972935,0.46130588758579144,0.2752688172043012,1,1,0.5316918383523441,0.4029614116466037
1,0.5516627243634339,0.5,0.313953488372093,0.34175,0.4374866249575146,0.7119772987033461,0.5537634408602152,0,1,0.17273886525281834,0.3777608543265861
3,0.5355836927786279,0.7000000000000002,0.5465116279069767,0.4025,0.470260199650046,0.6501230216596945,0.6258064516129033,1,1,0.408788243514425,0.44826772130537507
4,0.2380409071935439,0.8500000000000001,0.1744186046511628,0.255,0.2257329523282015,0.266852841321765,0.2483870967741936,0,1,0.7213689172156272,0.25881543534135854
0,0.5829970780576039,0.55,0.40697674418604646,0.57075,0.5281033245635016,0.6943038437934588,0.7086021505376345,0,1,0.48060587684531497,0.4188510899760284
0,0.5594990955892583,0.55,0.6511627906976744,0.6595,0.45796774883873165,0.7095112352275479,0.6279569892473119,1,1,0.2380261797379395,0.40350540444644456
0,0.2561346876304438,0.9500000000000002,0.41860465116279066,0.3975,0.25176550560807665,0.3268941675909713,0.603225806451613,0,1,0.5706870690814354,0.29688091178939535
1,0.6858383191874217,0.3500000000000001,0.26744186046511625,0.5425,0.5477158574503709,0.7747887236713942,0.4193548387096775,1,1,0.35875000804971346,0.38681488148295595
3,0.997078057604007,0.9500000000000002,0.43023255813953487,0.6515,0.8990735029393624,1.0,0.6892473118279572,0,2,0.7591046409941729,0.9651008628075429
4,0.259807986642549,0.75,0.24418604651162792,0.2595,0.21823034026108085,0.31760420244241633,0.14516129032258066,1,1,0.4274524259417183,0.25399080941213126
4,0.1336023375539168,0.75,0.11627906976744187,0.0915,0.09312806052442754,0.17416714054872728,0.3322580645161291,0,1,0.31378498713740277,0.15587133176983722
0,0.7914734938082649,0.5,0.4883720930232558,0.53,0.6753043215549039,0.887394361835697,0.9774193548387099,1,2,0.46424381805094583,0.5269149221569324
2,0.007686099902601912,0.5,0.12790697674418605,0.17174999999999999,0.0,0.010928377183845622,0.1602150537634409,0,0,0.7806330409709996,0.039426064230266636
3,0.8059329344650061,0.5,0.5116279069767442,0.15525,0.6503165951233023,1.0,0.7236559139784947,0,2,0.2147666816154119,0.5359081979697627
1,0.585585084179769,0.75,0.5581395348837209,0.40075,0.5734462921235162,0.6589794551013168,0.45913978494623664,1,1,0.7113184499583809,0.5072685261308664
4,0.3306636983442326,0.75,0.24418604651162792,0.44125,0.2783015898991679,0.3806689900963341,0.06666666666666668,1,1,0.48170496800434104,0.30907808538073445
3,0.5507555308195352,0.9000000000000001,0.7674418604651162,0.5567500000000001,0.49412127544405143,0.65947491990924,0.6096774193548388,1,2,0.4611053502463254,0.5419861016157089
2,0.27794629191595943,0.0,0.05813953488372093,0.1435,0.2249021261596949,0.26806335193203124,0.110752688172043,0,0,0.7094016864284327,0.08637075627634072
4,0.30716015027132326,0.8500000000000001,0.18604651162790697,0.13825,0.29578041012600864,0.34403837600148646,0.34193548387096784,0,1,0.7264736518072861,0.31685166114250607
0,0.48887157367469036,0.8500000000000001,0.5348837209302325,0.25725000000000003,0.44714183209758435,0.5762987652791776,0.9494623655913981,0,1,0.5266046954427457,0.46942632385139293
2,0.2320022262418255,0.6500000000000001,0.06976744186046513,0.0,0.1631251652211131,0.26806335193203124,0.046236559139784944,0,0,0.32316638375450935,0.2110010125223923
2,0.030087658271879786,0.25,0.046511627906976744,0.0205,0.0,0.058971572706645436,0.008602150537634409,1,0,0.1926806940661363,0.0313250196879354
2,0.11628774175594822,0.75,0.06976744186046513,0.0,0.08702904115107188,0.14459689996678132,0.05913978494623656,0,0,0.45464696483949485,0.14240997637447753
3,0.4966912480868234,0.7000000000000002,0.5116279069767442,0.46825,0.4064691146665996,0.6284971088502402,0.4881720430107528,1,1,0.2547126240653901,0.41924000242313053
3,0.6234757200500903,0.7000000000000002,0.627906976744186,0.5915,0.4678558390714889,0.8301006131376998,0.2526881720430108,0,2,0.04636153424880929,0.5138667105137903
0,0.2669653541115904,0.6000000000000001,0.34883720930232553,0.591,0.25176550560807665,0.335390262990468,0.5666666666666668,1,1,0.5328612630748364,0.22423545905342138
4,0.3326728815917629,0.8,0.13953488372093023,0.32525,0.25539722302647316,0.3806689900963341,0.1763440860215054,0,1,0.3703270106259977,0.32445682933372566
3,0.3442493390844581,0.75,0.6046511627906976,0.61875,0.32002542831606645,0.39739655764564136,0.4118279569892474,0,1,0.6153053502458679,0.3196403381997871
0,0.4779128982885765,0.5,0.5232558139534883,0.51225,0.4727715605684865,0.531194576912466,0.9483870967741937,1,1,0.7606528932647298,0.3318909937431309
0,0.3657325727007096,0.6000000000000001,0.8255813953488371,0.6795,0.29801482898828036,0.46054579952818236,0.78494623655914,0,1,0.29688047974133314,0.29180826114423686
1,0.19962153888966191,0.5,0.20930232558139536,0.355,0.1888241292060575,0.2681759575701956,0.7333333333333334,1,0,0.4832766914118616,0.15880331968880085
3,0.4773786002504521,0.7000000000000002,0.5930232558139534,0.4745,0.42391017006759907,0.573827071521471,0.6698924731182797,0,2,0.4519128815530786,0.4048258374944831
0,0.612288854876861,0.8500000000000001,0.3023255813953488,0.53025,0.527864147333174,0.7537821418718436,0.9849462365591399,0,2,0.3471436824843752,0.5730540963886702
4,0.13998052038402672,0.6500000000000001,0.22093023255813954,0.28725,0.10925993529626504,0.17265259471541738,0.25913978494623663,1,1,0.4559720480597791,0.14518151843742697
1,0.6768498678168916,0.75,0.313953488372093,0.66125,0.5732952328201513,0.7747887236713942,0.5516129032258066,0,2,0.4287170348612044,0.578222979931287
3,0.3073104215945457,0.6500000000000001,0.5116279069767442,1.0,0.31470688201009583,0.37920511680019825,0.703225806451613,1,1,0.6649416975362932,0.26486599222867435
4,0.34412133017949076,0.55,0.20930232558139536,0.27849999999999997,0.296384647339468,0.3806689900963341,0.03655913978494624,0,0,0.5696381561186532,0.2628499476430729
3,0.41590093223876445,0.7000000000000002,0.9534883720930232,0.68625,0.31470688201009583,0.5571501765093378,0.29247311827956995,1,1,0.10530577178619804,0.35894143812795865
0,0.3266508974537359,1.0,0.5,0.4345,0.2680610279585594,0.4082798925742212,0.6290322580645162,1,1,0.33292010736069044,0.374105388869177
0,0.7880673438152218,0.9000000000000001,0.5116279069767442,0.19175,0.7601430028071854,0.887394361835697,0.7365591397849464,1,2,0.6705179988016361,0.7486258253788305
1,0.5710699874773896,0.7000000000000002,0.22093023255813954,0.31825,0.5327421040043305,0.6660285680504023,0.6612903225806452,0,1,0.5651582428141226,0.4747532301195123
1,0.2147878113260053,0.6000000000000001,0.19767441860465115,0.39399999999999996,0.1888241292060575,0.2865250463090687,0.6021505376344086,0,1,0.39579595566331593,0.18853755419591012
3,0.943703909837206,0.7000000000000002,0.5116279069767442,0.5795,0.7710885081634966,1.0,0.34193548387096784,1,2,0.47904371123333767,0.7528718423580523
1,0.602476694030889,0.6000000000000001,0.3837209302325581,0.20025,0.4842205969360139,0.7729757728969489,0.45053763440860223,1,1,0.18843726702812091,0.4537796508961256
0,0.43905384722415464,0.7000000000000002,0.6162790697674418,0.5667500000000001,0.36978058636186256,0.5447016232102742,0.5430107526881721,0,1,0.33711356891927147,0.3762218202902564
1,0.6468735216362876,0.5,0.36046511627906974,0.33175000000000004,0.602619620085852,0.7568900574851782,0.6010752688172044,1,1,0.5493221207773706,0.43697870241361103
4,0.3467538611381661,0.9000000000000001,0.11627906976744187,0.04675,0.3044726142071275,0.3806689900963341,0.07849462365591399,0,1,0.6089678277952599,0.3643512500757229
4,0.24326144427438426,0.9500000000000002,0.3255813953488372,0.17049999999999998,0.16626593990357386,0.3306101536503933,0.049462365591397855,0,1,0.09263276137261589,0.28527117426635396
2,0.09075274801725336,0.8,0.13953488372093023,0.2855,0.05115245660192097,0.1250204097719173,0.02903225806451613,0,0,0.2536894941739256,0.12885100343565292
3,0.49575622652010565,0.9000000000000001,0.43023255813953487,0.63525,0.4329674341318496,0.6029018472954941,0.25698924731182804,1,1,0.40532467957371043,0.4940953501856291
1,0.36390705440378457,0.6000000000000001,0.37209302325581395,0.2015,0.3128941703697177,0.4435536087291891,0.6333333333333334,0,1,0.4143650680782378,0.2905593104462887
1,0.46274106024766937,0.5,0.46511627906976744,0.33725,0.4310666045645087,0.5378101581546189,0.760215053763441,1,1,0.5834907559025873,0.3224546312081902
1,0.6540642827327118,0.7000000000000002,0.41860465116279066,0.32925000000000004,0.4814008232732034,0.7747887236713942,0.3075268817204302,0,1,0.17735911373724456,0.5366967538705184
2,0.13617921246695422,0.6500000000000001,0.08139534883720931,0.248,0.08229584964564005,0.18908175732358923,0.10430107526881721,0,0,0.144015859458964,0.14246259292272812
2,0.06097676360094614,0.20000000000000007,0.10465116279069767,0.0175,0.04519190825664976,0.07010827032109501,0.13655913978494624,0,0,0.665173580532765,0.04036658503024586
3,0.6961124252121886,0.7000000000000002,0.40697674418604646,0.35775,0.6213006206019713,0.8398015888655546,0.4387096774193549,1,1,0.42245794647529644,0.5680797556099799
2,0.07323222485042435,0.0,0.10465116279069767,0.14825,0.051486045896851684,0.08927938021856754,0.03548387096774194,0,0,0.5458817191474152,0.022708194508147775
2,0.13109781550020871,1.0,0.11627906976744187,0.07475,0.11274059341129672,0.15155592840533527,0.13655913978494624,0,1,0.6342711002476473,0.19166443104030187
4,0.11894253513287878,0.8500000000000001,0.20930232558139536,0.0,0.08476944573823941,0.15198946011226783,0.046236559139784944,1,0,0.38308525494736556,0.15881405069535193
3,0.7483957144844858,0.8,0.8255813953488371,0.5145000000000001,0.7182429285363614,0.8588713536886792,0.4129032258064517,0,2,0.6280793628597154,0.6605917630870684
1,0.5224043411715598,0.6000000000000001,0.3953488372093023,0.5765,0.4564886264932842,0.6357770633575623,0.6978494623655915,0,1,0.39988332844166474,0.39899717012972413
4,0.24940587171281478,0.55,0.26744186046511625,0.03950000000000001,0.21059555130351593,0.3033933709060813,0.07419354838709677,0,0,0.44688875343232737,0.20099469507498724
0,0.46965354111590374,1.0,0.43023255813953487,0.5792499999999999,0.38286609851584236,0.5949124772677368,0.6376344086021506,1,2,0.2550256243376907,0.5075194932195617
2,0.23351607068317795,0.8,0.06976744186046513,0.0365,0.15632120243205483,0.26806335193203124,0.054838709677419356,0,0,0.2806273758899642,0.24428305625989807
1,0.2920328370669264,0.6500000000000001,0.25581395348837205,0.33175000000000004,0.26974785684613356,0.33671900952080674,0.37419354838709684,0,1,0.6228191163212997,0.2539385390253823
2,0.05811604285515515,0.7000000000000002,0.09302325581395349,0.16875,0.044411435189264714,0.06502412575797673,0.05698924731182796,0,0,0.7122858391492113,0.09190553252620012
0,0.34286350354807293,0.6500000000000001,0.5,0.5539999999999999,0.31168569594279893,0.4020584310656435,0.6107526881720431,1,1,0.5578648377903932,0.2902957084627833
4,0.23451231390009739,0.9000000000000001,0.19767441860465115,0.03950000000000001,0.15343848739284227,0.32438869214181554,0.0827956989247312,0,0,0.044235179841953576,0.2666167040232621
3,0.42278001947961585,0.7000000000000002,0.34883720930232553,0.7555000000000001,0.31696018328528813,0.5590194301028653,0.6548387096774195,1,2,0.10907465912974823,0.3640757055204106
0,0.2671211910393766,0.7000000000000002,0.25581395348837205,0.35700000000000004,0.25176550560807665,0.3376367454718458,0.9000000000000001,1,1,0.5230913212297981,0.247898366983116
1,0.762994295255322,0.5,0.26744186046511625,0.112,0.759538765593726,0.7747887236713942,0.6967741935483872,1,1,0.9381472325364084,0.5092018381175738
2,0.010418811743425627,0.5,0.10465116279069767,0.18125,0.0,0.031416973047840524,0.15591397849462368,1,0,0.4860194985310158,0.04112571720336124
1,0.33123695561430366,0.6000000000000001,0.3837209302325581,0.0345,0.2922808695980564,0.3958876420942397,0.3182795698924732,1,1,0.4903928273969511,0.26820766228483905
0,0.5902379295951021,0.6500000000000001,0.627906976744186,0.33899999999999997,0.47805234204861596,0.7537370996165778,0.5946236559139786,1,1,0.20772747784980616,0.4672328714961965
2,0.2332990121051899,0.6500000000000001,0.09302325581395349,0.0,0.19871221943881473,0.26806335193203124,0.0913978494623656,0,0,0.5456599549535277,0.21192855226605975
1,0.41673020731877,0.75,0.3023255813953488,0.42225,0.31933307317564424,0.5446565809550084,0.3440860215053764,0,1,0.15190117921308133,0.3759911036494077
2,0.13585640740225405,0.050000000000000044,0.11627906976744187,0.34825,0.11745490250380797,0.15696662931913002,0.16774193548387098,1,0,0.6348240201267716,0.049879276176300044
3,0.43290941978572417,0.7000000000000002,0.6976744186046512,0.631,0.41648938178980105,0.4904932689979787,0.27849462365591404,1,1,0.6838808689234102,0.37163587271641585
2,0.08794211771253652,0.6000000000000001,0.0,0.19175,0.039653067133272074,0.1296203500909291,0.17204301075268819,0,0,0.11160616879481133,0.1017545195711059
3,0.7259718936969528,0.6500000000000001,0.5465116279069767,0.8405,0.6637356965722128,0.8622551531155165,0.4301075268817205,1,2,0.4849506311576841,0.5643180185715647
1,0.22251287046055376,0.55,0.3837209302325581,0.49250000000000005,0.1888241292060575,0.3043111068571204,0.5440860215053764,1,1,0.31811930631469654,0.18343184512734417
4,0.014665368025601783,0.45000000000000007,0.22093023255813954,0.25825,0.0,0.037204902849485716,0.17419354838709677,0,0,0.41618776785258627,0.03983972722473671
4,0.2261360790315848,0.7000000000000002,0.20930232558139536,0.29600000000000004,0.1892521305655912,0.2753996092584356,0.3075268817204302,0,1,0.4505099560503847,0.217308767405433
1,0.27791846389314034,0.75,0.313953488372093,0.48300000000000004,0.20292299752010978,0.3679445529837679,0.7215053763440861,1,1,0.1563428001907985,0.2680709284916878
4,0.3669236120773619,0.9500000000000002,0.20930232558139536,0.209,0.2872077946600536,0.3806689900963341,0.3376344086021506,0,1,0.5250135169711883,0.3967959291407407
4,0.0030443856963962707,0.6500000000000001,0.26744186046511625,0.1235,0.0,0.009025341898868888,0.04731182795698925,1,0,0.8125335664478979,0.04723650619196386
3,0.9247864199248643,0.7000000000000002,0.7441860465116279,0.43674999999999997,0.8926849532345573,1.0,0.4010752688172044,1,2,0.7451250086686467,0.7387526070288094
3,0.8981939613190484,0.8,0.5581395348837209,0.25375000000000003,0.7732096325482447,1.0,0.28602150537634413,0,2,0.4836852246261478,0.7817119417064032
0,0.5544010018088215,0.8,0.5813953488372092,0.7575,0.4902000276942056,0.670363885119728,0.5860215053763441,0,2,0.4223826126934702,0.5037362941680442
4,0.11059969389174898,0.8,0.2906976744186046,0.3585,0.06729691964903889,0.1507395375286441,0.3161290322580646,1,1,0.23597254071089924,0.14489835832907844
4,0.29147627661054676,0.6500000000000001,0.15116279069767444,0.13875,0.22983673006961314,0.37130583128297234,0.18817204301075272,0,0,0.27859704042382094,0.2535404532984864
4,0.24046751078335885,0.8500000000000001,0.19767441860465115,0.03675,0.16207404423519933,0.3287071183654166,0.16881720430107527,1,0,0.07651614543936724,0.26085294194006214
0,0.8364992347293724,0.8,0.3837209302325581,0.6074999999999999,0.8373657775148229,0.887394361835697,0.9193548387096776,1,2,0.8582750967785053,0.7318283385113326
3,0.4168526506191734,0.7000000000000002,0.4767441860465116,0.38425,0.3946298417653798,0.47754925089099215,0.7139784946236561,0,1,0.6411281046932855,0.35965176152934153
2,0.00020592736886042295,0.55,0.06976744186046513,0.10475,0.0,0.018157659153993866,0.11612903225806454,0,0,0.6671227575670635,0.038251192093671296
4,0.025863364407958805,1.0,0.24418604651162792,0.0,0.0,0.0475026884596112,0.22795698924731186,0,0,0.30345941501791196,0.09348610594272758
2,0.1925253930708223,0.75,0.0,0.2015,0.1171716663099989,0.26806335193203124,0.07526881720430108,0,0,0.035860836650860595,0.20168147949425805
1,0.5646695422290245,0.8,0.3372093023255814,0.12075000000000001,0.47297297297297297,0.7065497069438267,0.7763440860215055,0,1,0.28855790738995823,0.5120389777850856
1,0.6263086127730624,0.55,0.22093023255813954,0.5467500000000001,0.5088180868339229,0.7747887236713942,0.7387096774193549,0,1,0.25235329897121517,0.4471362924372365
0,0.7257826631417836,0.6000000000000001,0.25581395348837205,0.60875,0.6194690265486726,0.887394361835697,0.6021505376344086,1,2,0.32848758558270785,0.5381409396553962
0,0.3438875747878113,0.8,0.36046511627906974,0.24425,0.25176550560807665,0.46689675752064913,0.7118279569892475,0,1,0.0856152993517989,0.3335245298694106
4,0.08473632948379017,0.30000000000000004,0.12790697674418605,0.28150000000000003,0.03706617656314909,0.12545957176075812,0.05376344086021506,0,0,0.11265415652444366,0.0629235069621732
4,0.08499791289828856,0.75,0.13953488372093023,0.3325,0.03469958081043317,0.1281058042576192,0.13440860215053763,0,0,0.07308930178693496,0.11808347684612255
3,0.8349519966606372,0.9000000000000001,0.7441860465116279,0.94875,0.7283135487606844,1.0,0.7559139784946237,0,2,0.38544215331779563,0.7894507282372591
1,0.31083901488799215,0.6000000000000001,0.37209302325581395,0.35000000000000003,0.27898765090194994,0.3665032008152649,0.5569892473118281,0,1,0.5416622936284401,0.2542521613458759
4,0.12770836232085708,0.6000000000000001,0.20930232558139536,0.57525,0.10089502637243672,0.15530006587429834,0.05053763440860215,1,0,0.5023442795420556,0.12896108279317714
4,0.14850702657576179,1.0,0.16279069767441862,0.257,0.1309810042926019,0.1704680453350299,0.1548387096774194,1,1,0.6507610480731845,0.20790632869765388
4,0.09611242521218866,1.0,0.27906976744186046,0.12675,0.06584297385415225,0.12272888503527374,0.26021505376344095,0,1,0.4151937047027572,0.15902486304985594
1,0.28353415889801026,0.45000000000000007,0.2906976744186046,0.5375,0.27483352005941664,0.3149861213550963,0.670967741935484,1,1,0.7550354356600699,0.19870552906458508
0,0.29985251147905934,0.75,0.5465116279069767,0.44575,0.25176550560807665,0.407699973537675,0.8720430107526883,0,1,0.2596659997260109,0.28512370946665166
1,0.7000417420342283,0.55,0.4767441860465116,0.2425,0.6241896297788241,0.7747887236713942,0.5150537634408603,1,1,0.5679280040535566,0.4952887419625627
2,0.04916098511200778,0.30000000000000004,0.10465116279069767,0.1815,0.01955588564810734,0.06913986183288198,0.07956989247311828,1,0,0.35221667475243557,0.04522219241387068
0,0.3531543063865312,0.7000000000000002,0.5697674418604651,0.7642500000000001,0.2779554123289568,0.4530462640264398,0.5440860215053764,1,1,0.23458744738686943,0.31210994089292365
2,0.20277167107277025,0.6000000000000001,0.046511627906976744,0.21600000000000003,0.14541975603922508,0.2673370455658715,0.15806451612903227,1,0,0.21560216075424377,0.18031656469325766
3,0.41569500486990396,0.75,0.6976744186046512,0.612,0.37727061015370283,0.49074100140194027,0.46236559139784955,0,1,0.5263333229874718,0.3751862781580747
3,0.8938694865729788,0.8,0.6162790697674418,0.6435000000000001,0.6759840884200456,1.0,0.7548387096774195,1,2,0.2709331255794465,0.7782153643782508
4,0.3048726867956032,0.8500000000000001,0.23255813953488372,0.294,0.2779742947418774,0.3553496123550906,0.16559139784946236,0,1,0.5834014860611487,0.3149309840506088
0,0.22944204814247945,0.8,0.5465116279069767,0.7957500000000001,0.25176550560807665,0.26354786584164275,0.6118279569892474,1,1,0.904718924033497,0.24098898341021005
2,0.0954445526645332,0.30000000000000004,0.10465116279069767,0.045,0.0513161041805662,0.13437230802146266,0.13010752688172042,1,0,0.1928474824136619,0.06825162479554837
3,1.0,0.8500000000000001,0.6046511627906976,0.88275,0.9853346592983296,1.0,0.2935483870967742,1,2,0.9478641099807101,0.8985971805145692
2,0.1006149993042994,0.15000000000000002,0.13953488372093023,0.059750000000000004,0.05162451692493611,0.14456311827533208,0.13225806451612904,1,0,0.1325199272669324,0.05102403226225195
3,0.6221065813273966,0.75,0.5581395348837209,0.58675,0.6125454751444506,0.6979015939328084,0.78494623655914,1,2,0.7245557247595957,0.5356624233035924
0,0.4546375400027828,0.6000000000000001,0.23255813953488372,0.468,0.3333249411498131,0.6088474249905693,0.7763440860215055,1,1,0.0559483880109537,0.35263368324491795
1,0.16770279671629332,0.55,0.40697674418604646,0.5695,0.1888241292060575,0.23764293878194487,0.5365591397849464,1,1,0.6484100659904544,0.14763736121087295
2,0.18888548768609983,0.25,0.16279069767441862,0.0,0.1386283815254472,0.2453226433047503,0.14731182795698927,0,0,0.27127443133049023,0.10540011942571806
3,0.2932572700709615,0.9000000000000001,0.5,0.48800000000000004,0.31470688201009583,0.37781443716886903,0.36881720430107534,1,1,0.670872037137457,0.3177689891218748
3,0.31404480311673855,0.6000000000000001,0.6395348837209303,0.7477499999999999,0.31470688201009583,0.42367308331128145,0.5774193548387099,1,1,0.4911336295344886,0.2564454406203214
4,0.04266035898149434,0.8,0.13953488372093023,0.251,0.001139238912876539,0.07246735844063715,0.3516129032258065,0,0,0.09285676763943784,0.08996564347096138
0,0.6286795603172395,0.9500000000000002,0.43023255813953487,0.41200000000000003,0.4879781971072143,0.8226348593274067,0.9752688172043013,0,2,0.11066729264116781,0.6328605921092487
1,0.750354807290942,0.6000000000000001,0.20930232558139536,0.3045,0.608850816349652,0.7747887236713942,0.3978494623655915,1,1,0.525971890781016,0.5549522729829602
4,0.08564352302768888,0.45000000000000007,0.25581395348837205,0.0,0.05032163043341431,0.11542640940031867,0.25698924731182804,0,0,0.31423899886097817,0.08177840471471966
1,0.5884903297620704,0.6500000000000001,0.4767441860465116,0.35200000000000004,0.5773486574604414,0.6613723249123085,0.5924731182795699,0,1,0.7168595606330881,0.46598288231374363
1,0.20019479615973282,0.7000000000000002,0.26744186046511625,0.177,0.1888241292060575,0.23929261138105185,0.45483870967741946,0,0,0.6387827061608375,0.19794726229522386
0,0.8876026158341449,0.75,0.441860465116279,0.23525000000000001,0.8088029809035864,0.887394361835697,0.6666666666666669,0,2,0.7888283846895796,0.7420741997178785
1,0.45238903575900924,0.45000000000000007,0.3023255813953488,0.47225000000000006,0.3602134971487556,0.5802399626149282,0.4150537634408603,1,1,0.21211780822291737,0.2984763701504938
3,0.6961680812578266,0.8500000000000001,0.6976744186046512,0.7735000000000001,0.6652588778811415,0.8005923056567441,0.724731182795699,0,2,0.6200052401946226,0.6434835962718408
4,0.22344232642270764,0.8500000000000001,0.13953488372093023,0.32025,0.16820453429675603,0.28878278935426294,0.2806451612903227,0,1,0.2630898372455419,0.24655768348723098
1,0.2651620982329206,0.6500000000000001,0.36046511627906974,0.35700000000000004,0.1888241292060575,0.363288309845674,0.5172043010752689,1,1,0.10095438114856337,0.23471896013084906
1,0.7083734520662306,0.6000000000000001,0.41860465116279066,0.5265,0.5612608416520852,0.7747887236713942,0.6591397849462367,1,1,0.39579947697154627,0.5262302147066714
1,0.4847307638792263,0.55,0.3023255813953488,0.46875,0.39522149070355866,0.6143651012606202,0.7279569892473119,0,1,0.2504621103225473,0.3546769015083988
4,0.04957840545429246,0.9500000000000002,0.20930232558139536,0.36575,0.03755711929908484,0.05388742814352718,0.23333333333333336,0,1,0.754337394766657,0.11059808053447337
4,0.010663698344232642,0.7000000000000002,0.24418604651162792,0.29874999999999996,0.0,0.012206451177010441,0.20752688172043013,0,0,0.7597016477549403,0.05648905696952913
2,0.17065813273966882,0.4,0.19767441860465115,0.25025,0.15471619733380332,0.19405329624854317,0.14731182795698927,0,0,0.6761978237228752,0.12323245610239458
1,0.39534158898010296,0.9000000000000001,0.2906976744186046,0.63975,0.34520197887687415,0.4782474058476108,0.39677419354838717,0,1,0.43712912068681753,0.406659108807214
1,0.468718519549186,0.75,0.40697674418604646,0.7627499999999999,0.4504525484963305,0.5325627354161624,0.3935483870967743,1,1,0.6724890961078953,0.4164097859856516
1,0.26573535550299154,0.6000000000000001,0.16279069767441862,0.7184999999999999,0.22514130339002258,0.3234202836536026,0.6204301075268818,0,1,0.4406087940600574,0.22339394044291364
3,0.5079226380965632,0.7000000000000002,0.4767441860465116,0.72475,0.4845919510567857,0.581332237305122,0.6344086021505377,0,2,0.6427513637283864,0.42762264934705296
3,0.5007151801864477,0.8500000000000001,0.4883720930232558,0.5742499999999999,0.39888467881015627,0.6434173559070104,0.735483870967742,1,1,0.19671620956743174,0.47937085147075376
2,0.13958536245999723,0.5,0.12790697674418605,0.06475,0.10064326086682862,0.1795553203348892,0.0946236559139785,0,0,0.34268645537530373,0.12146287850596696
1,0.4456490886322526,0.6000000000000001,0.3023255813953488,0.1375,0.43253313863467574,0.5019058504259308,0.42903225806451617,1,1,0.7074409877011931,0.3464841241681307
4,0.12941143731737859,0.8500000000000001,0.27906976744186046,0.008,0.10205314769823387,0.15770982653101445,0.29784946236559146,0,0,0.4955348458806683,0.1676043027874655
3,0.2820370112703492,0.9500000000000002,0.40697674418604646,0.6995,0.31470688201009583,0.3183079876809432,0.7376344086021506,0,2,0.959403704799209,0.3202409284051474
4,0.14317517740364546,0.5,0.22093023255813954,0.4445,0.10951799493951334,0.1788853167878116,0.054838709677419356,0,0,0.41841143975166384,0.12369562019160038
1,0.35224711284263255,0.4,0.46511627906976744,0.37925,0.2939676984856305,0.43688735494986236,0.367741935483871,1,1,0.3539985101010168,0.22488035793099273
1,0.4127062752191456,0.6000000000000001,0.441860465116279,0.398,0.3025277256763051,0.5515536762925719,0.45053763440860223,1,1,0.07414146292389101,0.3239458949572924
1,0.351033811047725,0.6000000000000001,0.45348837209302323,0.6915,0.3212464910182656,0.4100365405295843,0.6225806451612904,1,1,0.57142660650643,0.28175192335984356
4,0.30819535272018916,0.7000000000000002,0.18604651162790697,0.107,0.2602374148717885,0.3779383033708498,0.2505376344086022,0,1,0.40403660766978367,0.27855442956911547
0,0.3069931821344093,0.5,0.43023255813953487,0.5885,0.25176550560807665,0.40201901909228593,0.6548387096774195,0,1,0.2784212733312219,0.22558479658684757
4,0.09556143036037287,0.7000000000000002,0.24418604651162792,0.16525,0.06698221276702881,0.1206006384739684,0.23440860215053763,0,0,0.4429592348550748,0.11985322752330099
0,0.6633421455405594,0.6500000000000001,0.4883720930232558,0.44775000000000004,0.5294125051926635,0.8556958746924459,0.9591397849462368,1,2,0.16096970944524158,0.5195214317239709
4,0.10349241686378183,0.55,0.13953488372093023,0.124,0.07843754327219629,0.12639419855752182,0.07311827956989247,1,0,0.5105539969999049,0.1057038761434147
4,0.017737581744817016,0.6500000000000001,0.22093023255813954,0.17625,0.0,0.030493606814893243,0.06559139784946237,0,0,0.4976375610206536,0.05774596938201518
3,0.3405927368860442,0.8500000000000001,0.4883720930232558,0.87175,0.31470688201009583,0.4338075907460687,0.7591397849462367,1,1,0.45538503333742053,0.34492345503794797
4,0.2947377208849311,0.6500000000000001,0.2906976744186046,0.28275,0.2208738780699656,0.3806689900963341,0.04408602150537634,0,1,0.2024489957262412,0.2558732356580963
3,0.8465674133852789,0.6500000000000001,0.45348837209302323,0.5062500000000001,0.7465917244678308,1.0,0.7666666666666668,0,2,0.42543905210925126,0.6505752338753645
2,0.19641018505635174,0.25,0.08139534883720931,0.16625,0.1560568486511663,0.24495667498071633,0.07741935483870968,0,0,0.3887562750317577,0.10891019705243482
4,0.2627187978294142,0.7000000000000002,0.1744186046511628,0.262,0.20449653193016026,0.335784382724043,0.054838709677419356,1,1,0.2789447567371144,0.24461260200946752
3,0.9968498678168916,0.5,0.5930232558139534,0.34075,0.7839096665365879,1.0,0.45161290322580655,1,2,0.5070993871418072,0.6546519778802802
1,0.45473215528036726,0.45000000000000007,0.2906976744186046,0.53325,0.4443849998111759,0.5096869000230841,0.8365591397849464,0,1,0.7265590526781807,0.2998608430763373
3,0.9911562543481285,0.75,0.43023255813953487,0.738,0.9927239768879268,1.0,0.7129032258064518,0,2,0.9640336551532889,0.8225827109638002
4,0.16475302629748154,0.5,0.12790697674418605,0.12325,0.1258261055652765,0.20794883199801817,0.06774193548387097,0,0,0.37320624646332745,0.13711630161051638
3,0.9343648253791568,0.7000000000000002,0.7093023255813953,0.7174999999999999,0.8081169199008045,1.0,0.356989247311828,0,2,0.5600704865742931,0.745901534360856
4,0.20490886322526783,1.0,0.10465116279069767,0.3685,0.1896612495122043,0.23209148082044473,0.31720430107526887,0,1,0.6872187745128893,0.2605263385632567
2,0.17853346319743982,0.25,0.08139534883720931,0.0,0.13582749027555735,0.2268834700553457,0.05698924731182796,0,0,0.34340960338036064,0.10057116647772019
0,0.8282844023932099,0.8,0.5465116279069767,0.444,0.7976308865922281,0.887394361835697,0.8655913978494625,0,2,0.7616648954965772,0.7251861916176993
3,0.3281870043133436,0.8,0.5116279069767442,0.41250000000000003,0.3171049484510127,0.3675110212768353,0.3870967741935485,0,1,0.7278224237909574,0.3208297491194517
3,0.795964936691248,0.8,0.5348837209302325,0.52975,0.5984591951056786,1.0,0.6064516129032259,0,2,0.10129063163510676,0.6990541136967453
0,0.3371420620564909,1.0,0.4767441860465116,0.552,0.25457269099560675,0.4415717494974974,0.8612903225806453,0,1,0.16781875669977886,0.3838931053282909
3,0.9777542785585083,0.75,0.6046511627906976,0.44499999999999995,0.7791324160676745,1.0,0.5505376344086023,1,2,0.4966456522304039,0.8121632497641775
4,0.1343425629609016,0.8,0.22093023255813954,0.2675,0.10719545815027884,0.16308111547145165,0.2010752688172043,0,0,0.5025895626871693,0.16409578288750618
1,0.7694058717128147,0.8,0.5581395348837209,0.34275,0.6916124321806669,0.7747887236713942,0.831182795698925,1,2,0.7523489664562868,0.6775796387804731
1,0.23333797133713644,0.6500000000000001,0.5116279069767442,0.213,0.21028713855914605,0.2711600069815496,0.5784946236559141,1,1,0.6016422945383584,0.21195641826694245
1,0.5107499652149714,0.6500000000000001,0.40697674418604646,0.39449999999999996,0.38949382545097505,0.6721261633569993,0.30537634408602155,1,1,0.10728355210040652,0.4103782679809266
1,0.367602615834145,0.6500000000000001,0.3372093023255814,0.09974999999999999,0.3025529022268659,0.46028117627849635,0.6559139784946237,0,1,0.31675527300718276,0.30799061902330527
2,0.008404062891331568,0.75,0.10465116279069767,0.17225000000000001,0.0,0.018765729600081105,0.06451612903225808,0,0,0.6580918517142733,0.058535044525023144
4,0.2809962432169194,0.6500000000000001,0.16279069767441862,0.0,0.2430544191140372,0.33827859760938234,0.30215053763440863,1,1,0.4740903982376561,0.24604449906103695
0,0.6440684569361346,0.8500000000000001,0.45348837209302323,0.74075,0.5274864990747619,0.8184177781781534,0.806451612903226,0,2,0.2208609743916461,0.5997379557432521
4,0.05245025740921108,0.9500000000000002,0.19767441860465115,0.15,0.00791802515137402,0.08619961601477388,0.23118279569892472,1,1,0.06955104377541321,0.11318806088980815
1,0.19158480589954083,0.6500000000000001,0.3023255813953488,0.48250000000000004,0.1888241292060575,0.2198625085158014,0.4279569892473119,0,1,0.7580037043858974,0.18209202703521327
2,0.07116738555725616,0.4,0.046511627906976744,0.10099999999999999,0.029601329321869624,0.10467820123753599,0.049462365591397855,0,0,0.17671601632977318,0.06754060907116216
0,0.4474300820926673,0.7000000000000002,0.27906976744186046,0.0,0.36673422374400483,0.5643738281975779,0.6118279569892474,1,1,0.27436048402896707,0.3824734970100301
0,0.6850869625713093,0.8,0.3837209302325581,0.52725,0.5111343294855173,0.887394361835697,0.6483870967741937,1,2,0.06508590896864996,0.6094031310307825
0,0.31291498539028795,0.6500000000000001,0.37209302325581395,0.31825,0.2821410138596911,0.36788825016468574,0.5774193548387099,1,1,0.5517136992578024,0.2688747154985158
4,0.26789481007374427,0.45000000000000007,0.26744186046511625,0.2,0.2400961744231423,0.31441183260045835,0.05161290322580646,0,1,0.5636262539698376,0.18946474777807587
2,0.1807485738138305,0.45000000000000007,0.06976744186046513,0.15925,0.1325104797391709,0.23433233301991435,0.15591397849462368,1,0,0.2829650668742496,0.13797287824634583
4,0.108473632948379,0.7000000000000002,0.3372093023255814,0.008499999999999999,0.060115308601568496,0.152856523526133,0.2290322580645162,1,0,0.15947332495757127,0.12949036372919784
1,0.6906970919716153,0.9000000000000001,0.27906976744186046,0.1885,0.5340890494593336,0.7747887236713942,0.3612903225806452,1,1,0.3214767272803043,0.6638404887800404
1,0.7255433421455405,0.6500000000000001,0.3255813953488372,0.22499999999999998,0.6607270987801961,0.7747887236713942,0.34193548387096784,1,1,0.6678686021442821,0.5640114925618549
4,0.19016001113120914,1.0,0.24418604651162792,0.10675000000000001,0.14654011253918103,0.2408240480600864,0.2397849462365592,0,1,0.34593138425870684,0.24676641887272507
1,0.43683873660776396,0.8500000000000001,0.22093023255813954,0.24375000000000002,0.38355215951862437,0.5279008619961603,0.34301075268817216,0,1,0.43578340906800084,0.4257367614860713
3,0.6667149019062195,0.8,0.6162790697674418,0.5845,0.607138810911517,0.792997055362562,0.34946236559139787,0,2,0.48156536430222796,0.5945483025105364
3,0.9185418116042854,0.8500000000000001,0.45348837209302323,0.40625,0.8128123465803951,1.0,0.6806451612903227,1,2,0.570345172007636,0.8302005140498301
1,0.5572951161819951,0.6500000000000001,0.24418604651162792,0.20525000000000002,0.45809363159153565,0.7049281857542609,0.5612903225806453,0,1,0.24789533374571326,0.44367017732122926
4,0.20351189647975512,0.9500000000000002,0.12790697674418605,0.16549999999999998,0.1508012437215977,0.264026439803841,0.3537634408602151,0,1,0.26401809676815247,0.2494230353171272
4,0.13076944483094474,0.4,0.23255813953488372,0.13674999999999998,0.08169161243218068,0.17867699635720763,0.13440860215053763,0,0,0.19470772999786656,0.10090400076155531
1,0.5684430221232781,0.9500000000000002,0.3953488372093023,0.3535,0.4494706630244591,0.7352078418566419,0.48602150537634414,0,1,0.16234564379547956,0.578536256090279
3,0.9534993738694866,0.9000000000000001,0.08139534883720931,0.46149999999999997,0.9381600976850162,1.0,0.47956989247311843,1,2,0.8446351993601995,0.89267608802887
4,0.17624043411715598,0.3500000000000001,0.20930232558139536,0.46075,0.13586525510139857,0.22221033607152707,0.3107526881720431,0,0,0.3681939435191999,0.11740534646439296
0,0.49595658828440237,0.6500000000000001,0.3023255813953488,0.309,0.41397802087136043,0.6202937881099706,0.9548387096774196,0,1,0.29861100301585886,0.39979714936003397
4,0.059602059273688585,1.0,0.23255813953488372,0.35650000000000004,0.02950691725726659,0.08135757357370885,0.3182795698924732,0,1,0.3622878659697488,0.12496257128763422
3,0.32255461249478223,0.6500000000000001,0.6627906976744186,0.81925,0.31470688201009583,0.3669648839317385,0.5569892473118281,1,2,0.7182869414989101,0.27576956028835253
1,0.5623208571031029,0.6500000000000001,0.41860465116279066,0.564,0.5381676506501845,0.6434736587260925,0.5774193548387099,1,2,0.6425842167085729,0.44726489143509907
0,0.7549909558925837,0.8,0.6162790697674418,0.5445,0.6560883193393674,0.887394361835697,0.8913978494623657,0,2,0.41752261663898205,0.665924381019965
1,0.5665340197578962,0.55,0.26744186046511625,0.22749999999999998,0.5212867734991629,0.6670983216129631,0.45913978494623664,0,1,0.5268068506435035,0.4080996598963247
0,0.315859190204536,0.3500000000000001,0.5,0.472,0.25176550560807665,0.4168885936118822,0.6698924731182797,1,1,0.23016121085370123,0.19121770962242435
4,0.2876081814387087,0.30000000000000004,0.24418604651162792,0.32375,0.22392653482546354,0.3687609438604591,0.29569892473118287,1,0,0.25822950473484974,0.16386697013491644
4,0.3873883400584388,0.8500000000000001,0.25581395348837205,0.15125,0.32830851345057216,0.3806689900963341,0.07311827956989247,1,1,0.7248755839347998,0.3842155547670766
3,0.7938221789341866,0.6500000000000001,0.6046511627906976,0.7165,0.7946915243142536,0.8823890412192938,0.4838709677419355,1,2,0.7656275863826989,0.6128486495374417
3,0.3693390844580492,0.7000000000000002,0.7441860465116279,0.50825,0.31470688201009583,0.4988204559402289,0.34623655913978507,0,1,0.25363656725041195,0.3241895926544529
3,0.7986252956727424,0.7000000000000002,0.813953488372093,0.4685,0.6980072760231122,0.9785880379030578,0.28387096774193554,1,2,0.35407091755979736,0.6445911399963654
0,0.6041185473772088,1.0,0.3953488372093023,0.307,0.5432218431752665,0.7235193766151873,0.5838709677419355,0,1,0.4569043814903968,0.6329684214170122
0,0.33902323639905385,0.7000000000000002,0.3953488372093023,0.6275,0.25176550560807665,0.45653703880953317,0.9182795698924733,0,1,0.11352165398572289,0.3015630922606942
4,0.06166133296229301,0.55,0.20930232558139536,0.059750000000000004,0.026410201538287242,0.0882940808846299,0.23548387096774195,1,0,0.2669509778228514,0.07838550275631094
1,0.18508417976902738,0.4,0.3023255813953488,0.5820000000000001,0.1888241292060575,0.2230548783577594,0.5247311827956991,0,1,0.7375045988370361,0.131307711612853
1,0.62692082927508,0.6000000000000001,0.20930232558139536,0.09075,0.5456262037538238,0.7675031388821638,0.681720430107527,1,1,0.36801021133757694,0.47050340536377255
0,0.8763378321970223,0.9000000000000001,0.5232558139534883,0.31525,0.6639559913896198,0.887394361835697,0.6720430107526884,0,2,0.4366518343805328,0.8254875252048843
1,0.3955642131626548,0.7000000000000002,0.441860465116279,0.30575,0.3571356638426969,0.46802844418420037,0.37741935483870975,0,1,0.519667402501818,0.34376294860367107
4,0.37686378182830105,0.30000000000000004,0.10465116279069767,0.0665,0.29037374589307524,0.3806689900963341,0.21397849462365595,1,0,0.5404087114095797,0.20827810615042447
2,0.1564714067065535,0.20000000000000007,0.06976744186046513,0.075,0.10730245849016229,0.20776303269504703,0.0827956989247312,0,0,0.23750831619794788,0.08194265834725191
0,0.6055656045637956,0.8,0.40697674418604646,0.38425,0.5142058686539357,0.7524027228043308,0.7978494623655915,1,1,0.3117072627604378,0.5451057090685659
1,0.6987505217754277,0.3500000000000001,0.27906976744186046,0.4325,0.6346819572250406,0.7747887236713942,0.5430107526881721,0,1,0.5966275694312031,0.3936411862954662
4,0.14788367886461665,0.8500000000000001,0.12790697674418605,0.0,0.1109152934956382,0.18715620091097962,0.13333333333333333,1,0,0.37917479272267784,0.18311458811108325
4,0.01424238207875328,0.75,0.1744186046511628,0.25875,0.0,0.018433542967496414,0.14193548387096774,0,0,0.6630159821918917,0.06307408721539035
1,0.6073076387922638,0.6000000000000001,0.5697674418604651,0.53875,0.511877037727061,0.7580104835849131,0.6150537634408603,0,1,0.29382757743746435,0.4570848009138664
1,0.5756727424516488,0.55,0.3837209302325581,0.28400000000000003,0.4248354083007087,0.7718666073610305,0.6365591397849464,1,1,0.027538464867002288,0.41406783034624806
0,0.5655823013774871,0.7000000000000002,0.5116279069767442,0.5525,0.5475899746975668,0.6416438171059224,0.703225806451613,0,2,0.6778950440240028,0.4706574472320061
2,0.05137053012383469,0.0,0.12790697674418605,0.15475,0.010001384710280836,0.08215707360467542,0.046236559139784944,0,0,0.12436396279005568,0.015909582615769385
0,0.2943369973563378,0.9000000000000001,0.441860465116279,0.6052500000000001,0.2782260602474855,0.3338025234923513,0.6913978494623657,0,2,0.6816081447517932,0.3187091637603524
1,0.41093641296785854,0.6500000000000001,0.1744186046511628,0.31925000000000003,0.3662369868704289,0.4909831035239935,0.6526881720430109,0,1,0.48148319789521055,0.33898557371941884
3,0.7236399053847223,0.8,0.441860465116279,0.42725,0.559913896197082,0.9504141072343493,0.6225806451612904,1,2,0.08607109743754515,0.6405753204157401
4,0.035185752052316666,0.55,0.1744186046511628,0.20275,0.02033006457785219,0.04017769169702329,0.09892473118279571,0,0,0.6835618900437146,0.06109525499121615
2,0.20850424377347984,0.9000000000000001,0.12790697674418605,0.0,0.16207404423519933,0.26404896093147384,0.1806451612903226,1,1,0.3351210561700597,0.24397012626240774
0,0.40060665089745373,0.9500000000000002,0.5930232558139534,0.34049999999999997,0.3624479160110274,0.47347292678944436,0.9655913978494626,0,2,0.523307378802153,0.42717298555641137
4,0.363678864616669,0.55,0.13953488372093023,0.16875,0.2686904417225796,0.3806689900963341,0.23548387096774195,0,0,0.43496846321821026,0.2756222685694011
4,0.16543203005426463,0.75,0.11627906976744187,0.1375,0.1294137640201916,0.20611336009594006,0.14946236559139786,0,1,0.4100808335123447,0.1806175521189411
3,0.639699457353555,0.8,0.7325581395348837,0.60575,0.5153388134291721,0.8204503099470191,0.7795698924731184,0,2,0.18557602751418445,0.5727048194335068
1,0.5058244051760122,0.6000000000000001,0.3953488372093023,0.32925000000000004,0.4175467969133549,0.6370720281964519,0.49139784946236564,1,1,0.27094730507992537,0.3876538038822013
0,0.5157144844858773,0.7000000000000002,0.37209302325581395,0.4335,0.4269313561348959,0.6486760392092832,0.9881720430107528,1,1,0.2745135086706201,0.4334381625747493
4,0.33126478363712253,0.6000000000000001,0.22093023255813954,0.34275,0.31748259670942486,0.37340592643473663,0.3258064516129033,0,1,0.7035835859129238,0.26822670116742964
0,0.29508835397245026,0.9000000000000001,0.313953488372093,0.32375,0.25176550560807665,0.39766118089532737,0.7516129032258065,1,1,0.29308414790405357,0.31936340899846827
1,0.3484680673438152,0.5,0.1744186046511628,0.6072500000000001,0.3023011367212578,0.42178130859012114,0.7946236559139787,1,1,0.4421544283533363,0.25138075168970087
4,0.3204452483651036,0.55,0.24418604651162792,0.13849999999999998,0.22281876660078803,0.3806689900963341,0.24946236559139787,0,1,0.21190648097765874,0.2473879518489351
2,0.19579240294977043,0.3500000000000001,0.08139534883720931,0.2255,0.15156912851370236,0.24772114339764995,0.10322580645161292,0,0,0.3453226249751076,0.12774190198437083
1,0.27688326144427433,0.75,0.23255813953488372,0.327,0.23181938342627673,0.34000709415520436,0.5516129032258066,0,1,0.4074298429891339,0.2672661030003548
1,0.2620397940726311,0.8,0.37209302325581395,0.5645,0.1888241292060575,0.356301129997579,0.770967741935484,0,1,0.12390940995729571,0.2673460663072357
4,0.07797968554334214,0.75,0.20930232558139536,0.44275000000000003,0.058724304183083886,0.09240418667762695,0.16774193548387098,0,1,0.5984927219934535,0.1126271061763866
4,0.3679421177125365,0.6000000000000001,0.25581395348837205,0.20650000000000002,0.2687785596495424,0.3806689900963341,0.11720430107526883,0,1,0.4353969576956207,0.2933199484219362
1,0.35334910254626406,0.4,0.3255813953488372,0.44975,0.25304321554903764,0.47572503955273043,0.3387096774193549,0,1,0.06782425064428077,0.22549721772693052
4,0.14642549046890216,0.9000000000000001,0.23255813953488372,0.0,0.07921172220194114,0.21256566316275455,0.13225806451612904,0,1,0.00868641305906892,0.18991493081096986
3,0.44097398079866423,0.75,0.5465116279069767,0.416,0.33023451956847394,0.5839615789562582,0.6494623655913979,1,1,0.09918866463007925,0.3948395974141736
4,0.3417670794490051,1.0,0.18604651162790697,0.019,0.26315160059920195,0.3806689900963341,0.11505376344086024,0,1,0.40803452463812206,0.3882080084463406
2,0.2583386670377069,0.3500000000000001,0.03488372093023256,0.04975,0.24461536524880728,0.26806335193203124,0.03655913978494624,0,0,0.8326506897880581,0.16080828710634948
4,0.37817169890079305,0.7000000000000002,0.18604651162790697,0.29874999999999996,0.26438525157668147,0.3806689900963341,0.10107526881720431,0,1,0.41403344732186853,0.33078189229184884
1,0.3832197022401558,0.5,0.18604651162790697,0.688,0.3558642480393761,0.4441898305848175,0.34516129032258075,0,1,0.597924029847791,0.27299507585263905
3,0.5628440239320995,0.9000000000000001,0.7558139534883721,0.5715,0.48681378164377703,0.6904696218139643,0.4301075268817205,1,2,0.36522838017910786,0.5525121805578392
4,0.1855906497843328,0.75,0.25581395348837205,0.152,0.1591850350583467,0.22026788881319292,0.3096774193548388,0,0,0.5444995923507217,0.1962900141060812
3,0.699674412133018,0.9000000000000001,0.6395348837209303,0.73475,0.6214894447311774,0.8468450715327316,0.30000000000000004,1,2,0.40913595842359385,0.6716575078102689
4,0.3066592458605816,0.8500000000000001,0.16279069767441862,0.25775,0.24695678445096242,0.3806689900963341,0.04193548387096774,1,1,0.3292833610397492,0.31643107491800293
0,0.52457492695144,0.8,0.5348837209302325,0.151,0.4463424766172787,0.6492503279639212,0.8473118279569894,1,1,0.33490338710213696,0.4796202608326915
2,0.02841241129817726,0.55,0.15116279069767444,0.08325,0.002064477145986232,0.04280140306625155,0.1623655913978495,1,0,0.383344081835604,0.05667183024239958
3,0.8657130930847362,0.7000000000000002,0.5697674418604651,0.451,0.7441433049257922,1.0,0.5322580645161291,0,2,0.4200813408041977,0.6946627088868311
2,0.24760261583414492,0.4,0.11627906976744187,0.0,0.1801067485743778,0.26806335193203124,0.08817204301075268,0,0,0.4293368215144935,0.1663036009450209
2,0.15889244469180466,0.5,0.08139534883720931,0.3855,0.10649051473457621,0.21339331460326222,0.006451612903225806,0,0,0.20306494828713983,0.13347122099815673
4,0.20795881452622791,0.8,0.13953488372093023,0.28500000000000003,0.19559032716927455,0.23295854423430984,0.2881720430107527,0,1,0.7226694572859802,0.2236185992574836
4,0.18587449561708638,0.8,0.23255813953488372,0.01725,0.11690101839147021,0.25867204170912844,0.3258064516129033,0,0,0.07122117617784074,0.20576220435644252
3,0.5750160011131209,0.9500000000000002,0.4767441860465116,0.718,0.49128891350596054,0.7110933444437562,0.7537634408602152,1,1,0.3328500419824001,0.5844640987252604
1,0.6815194100459161,0.6000000000000001,0.46511627906976744,0.20350000000000001,0.5870919825274739,0.7747887236713942,0.7000000000000002,1,1,0.46645515562173334,0.5078576930066723
1,0.2844023932099624,0.55,0.26744186046511625,0.29425,0.2658643739221289,0.3247602907477578,0.4731182795698926,0,1,0.6574729760469602,0.223849662059834
0,0.5585362459997216,0.30000000000000004,0.43023255813953487,0.38399999999999995,0.5005475899746976,0.6694630400144135,0.8655913978494625,1,1,0.45659204831388145,0.29867333604493174
1,0.3468596076248782,0.6500000000000001,0.3023255813953488,0.64225,0.27694835030652454,0.4412057811734634,0.5516129032258066,1,1,0.2660796382162802,0.29315396398189575
3,0.9465089745373592,0.9000000000000001,0.4883720930232558,0.7745000000000001,0.7484044361082087,1.0,0.5247311827956991,1,2,0.42940568670013946,0.8865891841838811
0,0.26006957005704745,0.6000000000000001,0.5,0.53825,0.25176550560807665,0.3601522428227981,0.6634408602150539,1,1,0.4301584572582655,0.2195176239474527
2,0.15920411854737723,0.45000000000000007,0.10465116279069767,0.27575,0.0979241934062614,0.22167545929024668,0.04408602150537634,0,0,0.10218724671578094,0.1252429621039696
3,0.41361903436760816,0.8500000000000001,0.3953488372093023,0.8132499999999999,0.3256775639169677,0.5326866016181431,0.603225806451613,0,1,0.20535428245812803,0.4062402533902193
4,0.2435230276888827,0.9000000000000001,0.1744186046511628,0.1355,0.20241946650889364,0.298804691150886,0.23763440860215054,0,1,0.42032137785698764,0.27446280061962913
1,0.33511618199526916,0.6000000000000001,0.2906976744186046,0.188,0.23075567416508264,0.4587722607270946,0.5258064516129033,0,1,0.018895658265144943,0.2708616825179787
2,0.05969110894670934,0.6500000000000001,0.12790697674418605,0.11925,0.010272032628809519,0.09875514467009366,0.18279569892473121,0,0,0.008602575580546334,0.08775367147542687
1,0.25566717684708495,0.45000000000000007,0.3255813953488372,0.51025,0.20762471833734064,0.3187246285421511,0.5182795698924733,0,1,0.36388321805217316,0.18223983799641721
0,0.848036732990121,0.7000000000000002,0.3837209302325581,0.498,0.8402170218658342,0.887394361835697,0.6741935483870969,1,2,0.8652075252880433,0.6814698017359999
3,0.9594378739390566,0.6000000000000001,0.36046511627906974,0.418,0.9265411196012034,1.0,0.5430107526881721,0,2,0.8192101734755479,0.6979990134397205
2,0.22704327257548348,0.55,0.11627906976744187,0.07775,0.1793388637822732,0.26806335193203124,0.13010752688172042,0,0,0.4245359344104467,0.1863904874819347
1,0.3969333518853485,0.5,0.3023255813953488,0.43525,0.3652928662243986,0.46349606724808706,0.6763440860215055,1,1,0.5691627990680506,0.2815244952532604
3,0.29170446639766245,0.7000000000000002,0.6162790697674418,0.4505,0.31470688201009583,0.35960610547770133,0.5344086021505378,1,1,0.7516521159240195,0.266246311216498
2,0.20903297620704045,0.55,0.09302325581395349,0.2165,0.1421593927416005,0.26806335193203124,0.0924731182795699,1,0,0.19208642520057784,0.17462861197891877
2,0.2765548907750104,0.45000000000000007,0.15116279069767444,0.0,0.18816324475383628,0.26806335193203124,0.005376344086021504,0,0,0.4797067845733445,0.1945817070954454
1,0.4463113955753444,0.4,0.40697674418604646,0.2525,0.374966955777389,0.5547460461345299,0.7279569892473119,0,1,0.32902045859399376,0.27753463778525866
3,0.9325003478502851,0.8,0.7674418604651162,0.4515,0.9094588300456956,1.0,0.4096774193548388,0,2,0.7818301516711366,0.8094505551565083
2,0.2188729650758313,0.4,0.13953488372093023,0.0,0.1622691625020456,0.26806335193203124,0.15591397849462368,1,0,0.3178145751795065,0.15022162990143048
0,0.6579045498817309,0.75,0.3837209302325581,0.41625,0.6517201878170673,0.7352810355214485,0.6365591397849464,1,1,0.7407916086677291,0.5634938080361394
0,0.2738889661889522,0.55,0.3372093023255814,0.7625,0.25176550560807665,0.3618131759857216,0.9354838709677421,1,1,0.42364267035594594,0.21698372175538497
1,0.3286322526784472,0.6000000000000001,0.3023255813953488,0.3755,0.30855750953561856,0.37606341949541416,0.4193548387096775,1,1,0.6482086334426718,0.266425622874352
2,0.17061360790315847,0.7000000000000002,0.13953488372093023,0.1905,0.13718702400584093,0.2096379165704827,0.04086021505376344,0,0,0.44725456683509646,0.17586908172007654
3,0.9709308473632947,0.75,0.5465116279069767,0.32375,0.9147773763516662,1.0,0.30107526881720437,1,2,0.7934683677450967,0.8068583247514128
1,0.518936969528315,0.3500000000000001,0.22093023255813954,0.42924999999999996,0.47289744332129063,0.6140779568833012,0.7666666666666668,1,1,0.5097355825893573,0.2985790070357326
0,0.37422011966049806,0.75,0.43023255813953487,0.34225,0.2703017409584713,0.5025195511539264,0.5322580645161291,1,1,0.06934024534893735,0.3429413342795081
3,0.3572227633226659,0.8500000000000001,0.5,0.5327500000000001,0.31470688201009583,0.48015607141449573,0.5462365591397851,1,1,0.3071277592749524,0.358886917691449
0,0.3793516070683177,0.6000000000000001,0.43023255813953487,0.09875,0.35597124837925953,0.4362623936580505,0.5301075268817206,1,1,0.6277396820082963,0.3011258902841121
0,0.6033950187839153,0.8500000000000001,0.37209302325581395,0.6784999999999999,0.561814725764423,0.7054292808440918,0.8784946236559141,0,2,0.5542249173345135,0.565586354313605
0,0.8028662863503547,0.8,0.3953488372093023,0.48275,0.6917634914840318,0.887394361835697,0.7537634408602152,0,2,0.5042621415662696,0.7046342371033206
3,0.9871601502713232,0.7000000000000002,0.40697674418604646,0.8142499999999999,0.8601820264605546,1.0,0.4075268817204302,1,2,0.6740010467681377,0.7853057904165189
1,0.19029915124530403,0.55,0.20930232558139536,0.64825,0.1888241292060575,0.2273057411984618,0.570967741935484,0,1,0.710783575401513,0.16239422602615253
4,0.08993460414637539,0.6500000000000001,0.11627906976744187,0.187,0.040395775374815895,0.13299288895394995,0.14623655913978495,1,0,0.09790115942545174,0.10938564987494914
1,0.2686072074579101,0.4,0.34883720930232553,0.533,0.2322788554740115,0.3228516251808728,0.6086021505376344,1,1,0.4822247748598263,0.17806132251001705
0,0.30339223598163345,0.8,0.5348837209302325,0.6940000000000001,0.2950628784350256,0.3370624567172078,0.746236559139785,1,1,0.7559481759245636,0.3007818057514733
2,0.05730346458884095,0.6000000000000001,0.09302325581395349,0.04025,0.014904517931998151,0.08978047530839872,0.049462365591397855,0,0,0.12354145307830589,0.08079270983877528
0,0.4462835675525253,0.6000000000000001,0.313953488372093,0.51025,0.3528115912838782,0.574508335632365,0.6010752688172044,1,1,0.19995786793360026,0.346918210691198
1,0.7494587449561708,0.5,0.25581395348837205,0.26275,0.5743715303566259,0.7747887236713942,0.36559139784946243,1,1,0.431661021471629,0.5007831903974801
0,0.8599471267566439,1.0,0.686046511627907,0.6055,0.6539042535782174,0.887394361835697,0.6236559139784947,0,2,0.4122123457939275,0.8716433151887014
4,0.020147488520940587,0.9000000000000001,0.24418604651162792,0.21850000000000003,0.0016490640617329022,0.026451064404794777,0.26989247311827963,0,1,0.5768022809962876,0.07995811445830052
0,0.28145818839571446,0.45000000000000007,0.41860465116279066,0.42225,0.25176550560807665,0.37026985941186075,0.7473118279569894,1,1,0.39114365448109867,0.1974789057834933
2,0.17485459858077082,0.30000000000000004,0.16279069767441862,0.201,0.12419592391646422,0.22985062862097505,0.02903225806451613,0,0,0.24764732075753004,0.1077638832397255
4,0.3358063169611799,0.8,0.11627906976744187,0.07,0.2967874721484409,0.3806689900963341,0.06774193548387097,0,0,0.5715969880153866,0.3269903853642917
1,0.7739251426186168,0.7000000000000002,0.25581395348837205,0.41775,0.594984831128287,0.7747887236713942,0.4580645161290324,1,2,0.48804439076484596,0.6261559630645678
0,0.5481174342562961,0.75,0.3372093023255814,0.411,0.5374312365462808,0.6154010731317319,0.6311827956989249,0,2,0.7206423485785278,0.47813903576713723
2,0.23064978433282315,0.3500000000000001,0.12790697674418605,0.0,0.14665970115434485,0.26806335193203124,0.06344086021505377,0,0,0.22022277175298255,0.14616998260538455
4,0.19539724502574088,1.0,0.12790697674418605,0.32025,0.16335175417616032,0.23637612535259644,0.2397849462365592,0,1,0.48268331129875364,0.251652488468495
3,0.805393070822318,0.8500000000000001,0.6511627906976744,0.79,0.7206787598031195,0.9720062383523542,0.48064516129032275,0,2,0.41596200140742656,0.7351947591148652
0,0.419590928064561,0.55,0.23255813953488372,0.6174999999999999,0.302118606729692,0.5658545923394385,0.7193548387096775,1,1,0.040485106646444446,0.3121364222477997
3,0.38378739390566297,0.75,0.2906976744186046,0.33,0.37066805976913103,0.43209035476406304,0.3612903225806452,1,1,0.7084051831601921,0.3503794795461823
2,0.14452205370808405,0.55,0.08139534883720931,0.0,0.1293067636803082,0.16390313663005107,0.03225806451612903,0,0,0.6848600833702176,0.1324988533400258
2,0.09507165715875887,1.0,0.13953488372093023,0.112,0.04425408174825968,0.139929396264871,0.10752688172043012,0,0,0.09239747374005103,0.1580538800377316
3,0.6729205509948517,0.8500000000000001,0.46511627906976744,0.42575,0.6582975616510782,0.7597840223860008,0.6204301075268818,1,1,0.6975552778329057,0.6239637222746273
2,0.1286044246556282,0.050000000000000044,0.20930232558139536,0.14825,0.11853749417792267,0.1413313364600166,0.024731182795698924,0,0,0.7686817859577977,0.04739850977473539
0,0.8444970084875469,0.8,0.6046511627906976,0.8135000000000001,0.6904039577537482,0.887394361835697,0.7086021505376345,0,2,0.50095661274053,0.7382949815236299
1,0.6390872408515375,0.5,0.3255813953488372,0.0,0.6165359584083385,0.7286879754069286,0.435483870967742,0,1,0.6565207278583263,0.4321359030055473
2,0.11883678864616667,0.7000000000000002,0.046511627906976744,0.11525,0.08707939425219352,0.1497091959394407,0.07634408602150537,0,0,0.41916202891050003,0.13722499632203405
4,0.1809044107416168,0.75,0.11627906976744187,0.19324999999999998,0.11517013054041467,0.2501534251819989,0.1849462365591398,1,0,0.09509367038432481,0.19264666430122976
4,0.21162098232920548,0.6500000000000001,0.1744186046511628,0.16775,0.18042145545638794,0.2539313443424112,0.04516129032258065,1,0,0.5025261552757803,0.19642311320346506
4,0.2646389314039237,0.6000000000000001,0.12790697674418605,0.366,0.18431752665567291,0.3577255913203574,0.0913978494623656,0,1,0.0962220819701356,0.22264380846884116
4,0.28353415889801026,0.4,0.23255813953488372,0.00025,0.19094525359080555,0.3806689900963341,0.26881720430107536,0,0,0.05691390714860356,0.1864169688368108
3,0.29341867260331156,0.6000000000000001,0.627906976744186,0.62325,0.31470688201009583,0.40647257208168414,0.367741935483871,1,1,0.5549213375434856,0.24233382084411484
1,0.34527341032419645,0.7000000000000002,0.36046511627906974,0.20650000000000002,0.3352005941665932,0.3858882614252496,0.7021505376344088,0,1,0.735531497731645,0.3062279646569107
0,0.6232363990538471,0.9000000000000001,0.3372093023255814,0.20199999999999999,0.5961492465917246,0.7148487424765357,0.6096774193548388,0,1,0.6320057011262283,0.6050989589192838
3,0.8636983442326422,0.6500000000000001,0.5581395348837209,0.39449999999999996,0.763246012663805,1.0,0.38817204301075275,0,1,0.4618825074130366,0.66282831254922
2,0.2049366912480868,0.55,0.19767441860465115,0.17049999999999998,0.15575473004443663,0.26247811227908185,0.0956989247311828,0,0,0.3023978340606084,0.17195347589417845
4,0.01730346458884094,0.5,0.12790697674418605,0.49050000000000005,0.0011958861516383756,0.021113557155806817,0.1053763440860215,1,0,0.6439456469981357,0.04540773497875432
0,0.6441853346319744,0.8500000000000001,0.13953488372093023,0.61225,0.6333035410818364,0.7240035808592937,0.5440860215053764,0,2,0.7169192524535564,0.5998360925289695
2,0.20096284958953667,0.3500000000000001,0.10465116279069767,0.16975,0.1607145105049157,0.25000140757047706,0.1806451612903226,0,0,0.39415594242178287,0.13047536628213893
0,0.524847641575066,0.9000000000000001,0.627906976744186,0.5377500000000001,0.4455116504487721,0.6505340322389943,0.7967741935483873,1,2,0.32926101226265114,0.51942675655327
0,0.8752414080979546,0.6000000000000001,0.3372093023255814,0.7155,0.6887674819672958,0.887394361835697,0.838709677419355,0,2,0.49697773545028734,0.6403949702733811
3,0.4583998886879087,0.8,0.36046511627906974,1.0,0.39622225858835086,0.5601905287397739,0.6569892473118281,0,2,0.39095893847922647,0.42611407752286834
2,0.11586475580909977,0.6500000000000001,0.10465116279069767,0.3195,0.10223567768979974,0.13013833602648484,0.06451612903225808,1,0,0.7102983268127374,0.1279324638910284
1,0.23997773758174482,0.3500000000000001,0.08139534883720931,0.05525000000000001,0.20850589760696886,0.28619285967648406,0.795698924731183,0,0,0.5149512370206071,0.15110139935787043
0,0.505312369556143,0.9000000000000001,0.6395348837209303,0.72175,0.4953108674580496,0.5664682930674338,0.7978494623655915,0,2,0.7265320808786189,0.5024163803622581
4,0.29691387226937527,0.6500000000000001,0.16279069767441862,0.34025,0.20977731341028966,0.3806689900963341,0.1774193548387097,0,1,0.14848929832090474,0.2574297508502592
3,0.5561207736190343,0.6500000000000001,0.441860465116279,0.43474999999999997,0.5202797114767306,0.6469306518177367,0.3537634408602151,1,1,0.5760528640708269,0.4428302164374789
4,0.005966328092389034,0.6000000000000001,0.18604651162790697,0.2955,0.0,0.02182297267624192,0.19677419354838713,0,0,0.6138118744791232,0.045669779235502334
1,0.4972366773340754,0.55,0.26744186046511625,0.21425,0.36122685330882814,0.6700654801785926,0.6774193548387099,0,1,0.023912775952978915,0.3628440628975449
0,0.7735132878808959,0.7000000000000002,0.36046511627906974,0.40525,0.6641574037941063,0.887394361835697,0.6408602150537636,1,2,0.4371415423547167,0.6258485716511039
2,0.23269236120773615,0.3500000000000001,0.046511627906976744,0.03725,0.21284885257870817,0.26756225684220014,0.05698924731182796,0,0,0.6367395352143792,0.14724983340977732
