occupation,daily_income,work_days_per_month,monthly_transactions,savings_ratio,income_min,income_max,digital_payment_ratio,loan_history,financial_stability
driver,933.0,20,37,0.1876,751.36,1114.64,0.391,1,moderate
shopkeeper,915.15,26,76,0.2656,700.0,1135.99,0.348,1,moderate
delivery_worker,649.8,28,41,0.1288,600.0,756.63,0.929,0,moderate
laborer,665.08,29,7,0.0645,528.4,700.0,0.074,0,moderate
street_vendor,595.09,22,12,0.0974,464.1,726.08,0.268,0,unstable
street_vendor,733.55,24,20,0.0275,573.38,893.71,0.237,0,unstable
street_vendor,542.85,24,7,0.1077,431.17,654.53,0.106,1,unstable
shopkeeper,1267.12,24,29,0.1823,973.58,1560.66,0.529,1,moderate
laborer,666.43,10,10,0.0,476.81,700.0,0.186,1,unstable
delivery_worker,1263.38,24,31,0.1778,949.89,1576.86,0.938,0,stable
street_vendor,629.93,13,14,0.0556,537.13,722.73,0.108,0,unstable
shopkeeper,1699.37,27,38,0.2359,1508.38,1890.36,0.268,1,stable
shopkeeper,1784.41,25,43,0.1815,1563.87,2000.0,0.461,1,stable
street_vendor,514.35,26,8,0.1192,403.5,625.21,0.145,1,unstable
street_vendor,456.76,30,22,0.1231,401.99,511.52,0.187,0,moderate
street_vendor,730.44,18,20,0.0689,616.21,844.67,0.067,0,unstable
driver,1504.08,17,32,0.2153,1170.07,1600.0,0.58,0,moderate
laborer,249.79,17,9,0.0657,224.01,275.57,0.129,1,unstable
laborer,541.56,14,10,0.1085,386.39,696.72,0.093,0,unstable
driver,1213.55,23,22,0.1723,873.94,1553.16,0.455,1,moderate
laborer,654.41,14,14,0.0729,489.45,700.0,0.105,1,unstable
street_vendor,631.64,21,16,0.0,563.38,699.89,0.094,0,unstable
driver,730.01,23,24,0.2675,637.97,822.04,0.311,1,moderate
driver,990.41,16,36,0.1556,729.6,1251.21,0.494,0,moderate
laborer,266.85,14,15,0.0455,200.0,343.45,0.08,0,unstable
delivery_worker,1518.38,25,45,0.1387,1084.3,1800.0,0.832,1,moderate
street_vendor,471.06,29,22,0.0769,397.31,544.8,0.291,0,moderate
laborer,634.77,21,14,0.0189,548.36,700.0,0.091,0,unstable
laborer,422.29,18,2,0.0318,317.36,527.21,0.092,1,unstable
street_vendor,608.32,19,19,0.0252,439.89,776.74,0.249,0,unstable
laborer,550.55,18,10,0.0928,450.27,650.83,0.027,0,unstable
street_vendor,885.32,29,22,0.0802,722.29,900.0,0.265,0,moderate
street_vendor,758.46,17,4,0.0994,551.5,900.0,0.259,1,moderate
shopkeeper,1821.85,25,51,0.1602,1464.56,2000.0,0.459,0,stable
shopkeeper,965.19,24,51,0.221,709.13,1221.25,0.395,1,moderate
delivery_worker,1629.43,26,37,0.1628,1367.12,1800.0,0.634,0,stable
driver,1018.79,20,22,0.1377,870.56,1167.02,0.794,0,moderate
street_vendor,325.41,25,27,0.0629,234.88,415.95,0.345,1,unstable
delivery_worker,716.03,22,34,0.1465,600.0,890.81,0.71,0,moderate
laborer,414.18,21,11,0.0605,370.51,457.84,0.098,0,unstable
street_vendor,533.89,28,10,0.0,438.94,628.84,0.134,0,unstable
laborer,271.41,22,6,0.0112,212.79,330.02,0.093,0,unstable
street_vendor,238.48,25,3,0.0372,200.0,289.92,0.076,0,unstable
shopkeeper,1956.53,23,59,0.0713,1391.2,2000.0,0.705,1,stable
driver,1391.75,22,34,0.28,988.6,1600.0,0.667,0,stable
delivery_worker,945.01,23,16,0.2391,748.79,1141.24,0.576,0,moderate
driver,1438.65,17,34,0.2808,1151.4,1600.0,0.558,0,moderate
laborer,505.67,22,7,0.0702,417.59,593.76,0.089,0,unstable
laborer,415.9,27,9,0.0,309.28,522.52,0.166,1,unstable
street_vendor,357.07,27,18,0.1898,285.33,428.8,0.184,0,moderate
shopkeeper,1442.56,26,36,0.2387,1049.19,1835.93,0.609,1,stable
delivery_worker,710.94,28,49,0.1599,600.0,847.14,0.61,0,moderate
shopkeeper,1945.58,27,46,0.2152,1654.66,2000.0,0.41,1,stable
shopkeeper,1594.1,26,48,0.1781,1347.5,1840.7,0.427,1,stable
laborer,445.51,17,6,0.0473,372.38,518.64,0.1,0,unstable
shopkeeper,1978.34,26,63,0.2978,1684.91,2000.0,0.554,1,stable
street_vendor,673.81,30,21,0.1054,597.79,749.83,0.059,0,moderate
street_vendor,522.23,22,24,0.0036,447.28,597.18,0.213,1,unstable
street_vendor,402.81,22,11,0.0313,343.29,462.32,0.16,0,unstable
driver,1574.1,24,24,0.2012,1116.14,1600.0,0.334,1,stable
driver,793.47,23,33,0.1213,633.84,953.11,0.644,1,moderate
driver,567.0,25,29,0.1425,500.0,703.25,0.465,0,moderate
shopkeeper,1696.12,24,60,0.356,1423.35,1968.89,0.596,0,stable
driver,747.68,20,36,0.164,573.87,921.48,0.378,0,moderate
driver,1125.1,15,27,0.2159,950.78,1299.41,0.585,0,moderate
laborer,459.37,20,9,0.0,408.74,510.01,0.076,1,unstable
street_vendor,552.89,23,9,0.1002,461.91,643.88,0.082,0,unstable
delivery_worker,1569.55,27,43,0.1223,1171.59,1800.0,0.875,0,stable
street_vendor,652.49,21,18,0.0464,527.42,777.55,0.181,1,unstable
shopkeeper,1409.06,26,61,0.2717,1230.55,1587.56,0.332,1,stable
delivery_worker,774.62,17,60,0.2007,600.0,987.97,0.891,0,moderate
street_vendor,638.24,20,14,0.0598,564.81,711.67,0.128,0,unstable
street_vendor,860.09,26,22,0.0962,669.08,900.0,0.133,0,moderate
delivery_worker,1009.15,23,30,0.1125,706.88,1311.43,0.919,1,moderate
delivery_worker,1436.03,26,50,0.1185,1084.11,1787.95,0.793,0,stable
delivery_worker,1694.18,26,38,0.1531,1375.97,1800.0,0.872,0,stable
delivery_worker,1151.21,21,15,0.194,1023.4,1279.02,0.64,0,moderate
street_vendor,246.24,26,16,0.0,200.0,318.76,0.157,0,unstable
driver,1228.46,19,20,0.1745,929.86,1527.05,0.32,0,moderate
street_vendor,808.79,20,9,0.0,583.81,900.0,0.073,0,unstable
shopkeeper,1767.64,28,46,0.1928,1504.38,2000.0,0.525,1,stable
delivery_worker,722.25,26,45,0.2276,600.0,926.09,0.522,0,moderate
driver,981.85,19,30,0.1837,816.43,1147.27,0.393,1,moderate
street_vendor,328.97,29,23,0.0948,292.33,365.62,0.055,1,moderate
driver,1130.05,18,19,0.0414,831.83,1428.27,0.313,0,unstable
driver,1188.21,23,36,0.2314,931.38,1445.05,0.403,1,moderate
delivery_worker,751.33,27,44,0.1875,656.69,845.98,0.583,1,moderate
delivery_worker,1575.42,26,52,0.2181,1235.52,1800.0,0.816,0,stable
shopkeeper,773.08,25,59,0.1084,700.0,965.96,0.729,1,moderate
laborer,489.9,25,6,0.0721,424.59,555.2,0.062,0,moderate
street_vendor,840.38,25,15,0.1241,720.76,900.0,0.094,0,moderate
delivery_worker,879.45,25,48,0.2974,763.94,994.97,0.84,1,moderate
delivery_worker,1137.57,22,26,0.0691,931.56,1343.57,0.912,1,moderate
laborer,647.91,22,12,0.0606,569.71,700.0,0.05,0,unstable
delivery_worker,1143.46,21,50,0.1388,812.84,1474.08,0.542,1,moderate
laborer,252.33,15,8,0.0638,205.75,298.91,0.043,0,unstable
laborer,298.59,17,14,0.0699,262.9,334.28,0.142,0,unstable
laborer,514.37,30,9,0.028,435.56,593.18,0.18,0,unstable
street_vendor,782.67,26,13,0.1171,549.18,900.0,0.082,0,moderate
street_vendor,837.14,21,12,0.1773,689.33,900.0,0.181,0,moderate
street_vendor,733.49,25,20,0.075,522.81,900.0,0.13,0,moderate
delivery_worker,1359.81,24,48,0.1124,1027.73,1691.9,0.513,1,moderate
driver,1189.43,20,35,0.0751,1035.73,1343.13,0.598,1,moderate
laborer,208.46,28,13,0.0272,200.0,267.22,0.2,1,unstable
shopkeeper,1044.72,28,50,0.1723,801.75,1287.69,0.386,0,moderate
driver,916.15,21,20,0.2774,808.34,1023.96,0.383,0,moderate
driver,1402.93,22,22,0.1496,1183.66,1600.0,0.721,1,moderate
delivery_worker,1450.3,27,35,0.1044,1092.98,1800.0,0.787,1,stable
driver,897.69,21,31,0.1306,711.91,1083.48,0.698,0,moderate
street_vendor,820.62,29,26,0.1456,671.11,900.0,0.175,1,moderate
driver,602.92,20,33,0.198,540.61,665.22,0.46,0,moderate
street_vendor,313.76,20,25,0.0544,222.16,405.36,0.093,1,unstable
shopkeeper,725.96,28,15,0.2187,700.0,883.73,0.609,1,moderate
delivery_worker,1478.66,24,43,0.2683,1261.89,1695.44,0.595,1,stable
delivery_worker,1353.64,20,34,0.207,993.59,1713.69,0.702,1,moderate
shopkeeper,965.53,27,25,0.0,747.94,1183.13,0.533,0,moderate
delivery_worker,1560.98,26,56,0.0825,1264.04,1800.0,0.709,1,stable
street_vendor,840.39,23,18,0.1112,699.98,900.0,0.239,0,moderate
shopkeeper,868.19,26,40,0.3386,716.12,1020.27,0.36,1,moderate
laborer,403.17,18,7,0.1166,288.14,518.2,0.113,1,unstable
delivery_worker,1781.49,26,23,0.2136,1365.9,1800.0,0.61,0,stable
shopkeeper,1709.87,23,60,0.2401,1308.59,2000.0,0.289,1,stable
driver,773.12,26,24,0.0774,543.03,1003.2,0.419,1,moderate
street_vendor,487.79,26,17,0.0922,416.15,559.43,0.152,1,unstable
driver,1248.28,21,28,0.1857,917.37,1579.18,0.322,0,moderate
laborer,354.46,26,12,0.0731,292.87,416.04,0.092,0,unstable
delivery_worker,1087.76,27,39,0.1374,811.07,1364.44,0.862,0,moderate
shopkeeper,1075.9,27,78,0.3147,763.4,1388.39,0.573,1,stable
street_vendor,872.26,26,18,0.1304,777.25,900.0,0.054,0,moderate
laborer,429.78,22,10,0.0305,343.91,515.65,0.111,0,unstable
driver,1033.82,18,33,0.1704,899.55,1168.09,0.379,0,moderate
driver,1070.2,24,19,0.1991,947.58,1192.83,0.702,0,stable
street_vendor,885.26,30,16,0.0869,707.88,900.0,0.214,1,moderate
driver,959.78,18,28,0.1215,700.01,1219.55,0.737,1,moderate
shopkeeper,1636.0,23,65,0.1668,1439.29,1832.7,0.57,1,stable
driver,1285.03,24,22,0.1675,931.98,1600.0,0.514,1,moderate
laborer,550.17,20,6,0.0758,411.65,688.69,0.116,0,unstable
delivery_worker,1617.84,25,29,0.0,1296.55,1800.0,0.881,0,moderate
driver,943.87,30,27,0.2012,786.57,1101.18,0.543,1,moderate
shopkeeper,838.87,24,48,0.2411,714.91,962.83,0.334,1,moderate
shopkeeper,1099.21,26,26,0.056,981.56,1216.86,0.474,0,moderate
driver,915.08,24,27,0.0383,776.32,1053.85,0.68,1,moderate
laborer,554.65,27,8,0.0803,496.84,612.46,0.057,0,moderate
driver,557.51,16,32,0.1327,500.0,708.32,0.476,0,unstable
driver,851.15,21,28,0.0908,611.82,1090.48,0.398,0,moderate
street_vendor,883.54,23,18,0.1199,728.7,900.0,0.131,0,moderate
laborer,529.45,24,5,0.0735,371.77,687.13,0.112,0,unstable
laborer,275.63,23,15,0.0239,232.38,318.89,0.117,1,unstable
street_vendor,212.62,26,17,0.1383,200.0,238.23,0.19,0,moderate
driver,619.24,23,25,0.1836,500.0,789.65,0.556,0,moderate
shopkeeper,1512.62,28,78,0.2897,1075.11,1950.12,0.318,0,stable
driver,670.26,24,24,0.0555,562.86,777.66,0.427,0,moderate
street_vendor,485.19,24,15,0.2338,340.93,629.44,0.218,1,moderate
laborer,298.85,26,4,0.0673,249.91,347.79,0.041,0,unstable
shopkeeper,728.58,24,61,0.2995,700.0,918.4,0.641,0,moderate
driver,1261.12,26,35,0.1168,1095.7,1426.54,0.405,1,moderate
delivery_worker,1443.94,25,46,0.1225,1183.3,1704.57,0.681,1,moderate
delivery_worker,1195.82,21,23,0.1016,1046.74,1344.89,0.848,0,moderate
driver,668.75,18,27,0.1951,552.85,784.66,0.395,1,moderate
delivery_worker,726.97,27,34,0.2728,600.0,891.0,0.76,0,moderate
driver,1109.51,25,26,0.2446,959.84,1259.18,0.733,0,moderate
delivery_worker,1703.75,28,56,0.2014,1501.06,1800.0,0.841,0,stable
delivery_worker,800.14,23,42,0.0897,600.0,1007.77,0.652,1,moderate
laborer,400.16,19,16,0.0949,316.14,484.19,0.171,1,unstable
street_vendor,284.34,24,24,0.1291,207.48,361.2,0.155,0,unstable
shopkeeper,785.31,23,70,0.3032,700.0,950.14,0.378,1,moderate
driver,1428.05,22,40,0.2053,1229.57,1600.0,0.404,0,stable
street_vendor,807.41,27,17,0.1052,656.89,900.0,0.093,0,moderate
street_vendor,866.19,21,16,0.033,724.18,900.0,0.285,0,unstable
laborer,442.63,25,5,0.0,329.5,555.76,0.088,0,unstable
delivery_worker,1231.14,26,17,0.0961,908.87,1553.4,0.625,0,moderate
street_vendor,706.47,27,16,0.0835,554.27,858.68,0.235,0,moderate
laborer,472.87,19,12,0.0237,391.59,554.15,0.027,0,unstable
driver,1091.9,21,36,0.0906,871.62,1312.19,0.384,1,moderate
delivery_worker,1152.85,27,27,0.2534,971.56,1334.15,0.688,1,stable
street_vendor,391.57,25,25,0.1167,275.66,507.47,0.052,0,unstable
delivery_worker,645.03,18,60,0.1909,600.0,782.97,0.529,1,moderate
driver,764.27,23,48,0.0636,616.03,912.51,0.478,1,moderate
shopkeeper,1354.84,23,65,0.2785,994.39,1715.28,0.734,0,stable
street_vendor,620.37,26,28,0.0457,492.57,748.18,0.217,0,moderate
driver,807.74,21,23,0.208,635.7,979.79,0.795,1,moderate
street_vendor,548.73,28,23,0.0707,457.69,639.77,0.255,0,moderate
shopkeeper,964.56,23,36,0.2767,700.0,1229.5,0.274,1,moderate
shopkeeper,1813.54,26,45,0.1127,1488.54,2000.0,0.443,0,moderate
driver,1338.13,21,32,0.0675,1069.13,1600.0,0.774,0,moderate
delivery_worker,921.94,24,42,0.1871,720.81,1123.08,0.897,0,moderate
delivery_worker,1529.58,22,41,0.1859,1204.66,1800.0,0.621,1,stable
laborer,561.42,14,13,0.143,501.63,621.21,0.194,0,unstable
laborer,231.8,10,7,0.0,200.0,280.56,0.027,0,unstable
driver,791.75,27,23,0.1548,603.93,979.57,0.767,0,moderate
street_vendor,660.56,24,18,0.1,485.66,835.47,0.205,1,moderate
shopkeeper,1386.63,26,44,0.4,1212.78,1560.48,0.561,1,stable
shopkeeper,953.29,25,56,0.3539,764.29,1142.3,0.552,1,stable
delivery_worker,1092.98,23,37,0.1751,936.09,1249.87,0.6,0,moderate
driver,721.29,21,29,0.1605,637.61,804.97,0.727,0,moderate
driver,557.57,22,33,0.1818,500.0,700.62,0.554,1,moderate
delivery_worker,1614.4,22,33,0.1398,1218.17,1800.0,0.53,0,moderate
shopkeeper,732.26,27,62,0.1874,700.0,927.81,0.527,0,moderate
shopkeeper,1904.05,25,47,0.2797,1710.18,2000.0,0.48,0,stable
delivery_worker,826.2,25,31,0.1792,610.57,1041.83,0.752,0,moderate
delivery_worker,773.32,25,19,0.1736,627.62,919.03,0.842,0,moderate
street_vendor,456.4,24,14,0.0236,405.93,506.87,0.105,0,unstable
street_vendor,308.39,26,27,0.0149,255.58,361.2,0.219,1,unstable
shopkeeper,802.06,22,52,0.1843,700.0,1023.63,0.71,1,moderate
laborer,385.25,18,10,0.0133,302.89,467.61,0.105,1,unstable
street_vendor,333.74,30,8,0.0586,247.6,419.88,0.165,0,unstable
street_vendor,724.3,22,15,0.0875,612.42,836.18,0.21,0,moderate
delivery_worker,1039.23,27,29,0.1844,767.56,1310.91,0.558,0,moderate
street_vendor,855.6,25,20,0.0945,717.27,900.0,0.11,0,moderate
street_vendor,551.19,21,16,0.0336,416.1,686.28,0.196,0,unstable
laborer,609.18,23,13,0.1223,527.35,691.01,0.094,1,moderate
delivery_worker,1398.92,26,26,0.2642,1112.23,1685.6,0.908,0,moderate
delivery_worker,702.48,27,46,0.248,600.0,835.93,0.62,1,moderate
driver,1488.46,21,36,0.1797,1072.8,1600.0,0.344,0,moderate
delivery_worker,984.74,23,25,0.1228,851.15,1118.34,0.561,1,moderate
driver,1129.51,18,40,0.0955,916.75,1342.28,0.747,0,moderate
driver,865.2,25,25,0.0565,649.86,1080.54,0.578,0,moderate
delivery_worker,1386.52,27,35,0.2348,1183.21,1589.84,0.812,1,stable
delivery_worker,1047.19,22,40,0.1351,868.81,1225.57,0.805,0,moderate
shopkeeper,1430.44,27,35,0.3291,1075.44,1785.44,0.654,1,stable
delivery_worker,1285.46,20,30,0.2726,965.27,1605.64,0.918,0,moderate
laborer,530.73,19,9,0.0375,381.78,679.69,0.148,0,unstable
street_vendor,799.92,23,13,0.0421,653.52,900.0,0.282,1,moderate
driver,1410.34,19,23,0.1632,1148.67,1600.0,0.469,1,moderate
driver,1557.7,17,28,0.1364,1150.43,1600.0,0.38,0,moderate
driver,1538.15,23,38,0.1647,1383.16,1600.0,0.539,0,stable
shopkeeper,1582.92,26,29,0.1769,1401.18,1764.67,0.251,1,moderate
driver,1420.55,21,23,0.1151,1115.89,1600.0,0.382,1,moderate
shopkeeper,1730.69,25,59,0.1357,1244.11,2000.0,0.465,1,stable
delivery_worker,1484.15,26,37,0.0259,1201.15,1767.16,0.726,1,moderate
delivery_worker,1475.09,25,51,0.1422,1069.51,1800.0,0.679,1,moderate
laborer,433.69,24,9,0.0546,365.55,501.83,0.038,0,unstable
laborer,228.55,19,4,0.1045,200.64,256.46,0.153,0,unstable
laborer,366.85,18,5,0.0473,306.95,426.76,0.062,0,unstable
street_vendor,801.65,30,6,0.1104,607.69,900.0,0.109,1,moderate
delivery_worker,1411.31,23,48,0.1816,1155.86,1666.76,0.907,1,moderate
driver,903.3,18,12,0.101,701.12,1105.48,0.413,0,moderate
street_vendor,835.89,24,10,0.1202,621.68,900.0,0.323,0,moderate
delivery_worker,686.29,19,43,0.0969,600.0,879.68,0.76,0,moderate
street_vendor,552.15,22,10,0.1375,487.78,616.52,0.307,0,moderate
shopkeeper,950.69,24,60,0.1632,819.29,1082.1,0.411,1,moderate
shopkeeper,1926.15,27,43,0.1257,1374.61,2000.0,0.325,1,stable
shopkeeper,1298.76,25,57,0.2971,934.91,1662.61,0.653,1,stable
driver,852.07,21,24,0.1068,694.98,1009.15,0.319,0,moderate
street_vendor,383.76,26,14,0.0771,341.36,426.15,0.175,0,unstable
shopkeeper,960.73,28,39,0.1767,823.28,1098.19,0.44,0,moderate
laborer,507.67,21,4,0.0323,415.08,600.27,0.093,0,unstable
shopkeeper,1607.49,26,42,0.1978,1241.58,1973.4,0.464,1,stable
shopkeeper,1931.91,28,41,0.0626,1555.12,2000.0,0.656,0,stable
shopkeeper,1574.91,25,68,0.2505,1402.63,1747.19,0.318,1,stable
driver,1470.74,21,43,0.1372,1317.75,1600.0,0.71,1,moderate
driver,1094.84,21,30,0.1526,837.05,1352.63,0.566,1,moderate
shopkeeper,1939.81,24,45,0.1871,1496.72,2000.0,0.58,1,stable
driver,718.82,25,28,0.1044,560.44,877.21,0.573,1,moderate
street_vendor,724.07,24,11,0.0558,531.77,900.0,0.179,0,unstable
laborer,278.69,24,9,0.0443,249.09,308.29,0.187,0,unstable
shopkeeper,1567.15,28,31,0.2604,1124.72,2000.0,0.425,1,stable
delivery_worker,1240.27,26,32,0.1337,1116.18,1364.35,0.613,0,moderate
laborer,339.84,25,10,0.0428,292.84,386.84,0.084,0,unstable
street_vendor,585.48,23,17,0.205,431.29,739.68,0.062,0,moderate
laborer,391.74,13,13,0.1176,340.64,442.84,0.1,0,unstable
shopkeeper,1044.46,29,74,0.2575,846.3,1242.62,0.642,1,stable
street_vendor,652.23,23,21,0.0768,567.36,737.1,0.313,0,unstable
laborer,664.94,12,5,0.0489,534.1,700.0,0.164,1,unstable
shopkeeper,1869.5,26,58,0.307,1341.99,2000.0,0.316,0,stable
delivery_worker,641.16,27,36,0.1538,600.0,769.08,0.664,1,moderate
delivery_worker,1347.81,20,40,0.313,1192.96,1502.65,0.751,0,stable
delivery_worker,1002.73,28,33,0.0,749.02,1256.44,0.792,1,moderate
driver,1219.39,20,27,0.0972,946.59,1492.19,0.478,0,moderate
driver,1419.13,23,33,0.1306,1264.82,1573.43,0.305,1,moderate
delivery_worker,1750.83,24,38,0.165,1360.95,1800.0,0.824,0,stable
delivery_worker,1089.65,27,48,0.1826,939.0,1240.3,0.862,1,moderate
shopkeeper,1600.34,28,51,0.1791,1257.26,1943.43,0.285,1,stable
shopkeeper,1121.86,20,46,0.0776,797.61,1446.1,0.586,1,moderate
laborer,443.22,21,13,0.0176,333.43,553.01,0.19,1,unstable
laborer,587.34,21,10,0.0619,497.5,677.18,0.156,1,unstable
delivery_worker,1131.65,23,42,0.235,878.65,1384.64,0.733,1,moderate
delivery_worker,977.32,23,33,0.2898,766.03,1188.61,0.783,0,moderate
delivery_worker,1453.35,24,51,0.1187,1292.91,1613.79,0.717,0,stable
delivery_worker,1054.02,22,39,0.1154,790.57,1317.46,0.946,0,moderate
shopkeeper,973.69,25,32,0.2755,778.67,1168.71,0.364,0,moderate
driver,1151.83,24,49,0.1532,949.12,1354.53,0.58,0,moderate
driver,1055.43,22,40,0.1752,912.65,1198.21,0.766,0,moderate
street_vendor,458.31,22,12,0.0824,400.06,516.57,0.33,1,unstable
laborer,326.38,26,8,0.0,267.2,385.57,0.068,0,unstable
street_vendor,303.22,23,26,0.1062,235.8,370.63,0.331,0,unstable
laborer,673.04,18,7,0.0458,572.79,700.0,0.022,0,unstable
laborer,223.03,23,8,0.0,200.0,269.6,0.13,0,unstable
driver,1228.09,22,21,0.21,998.67,1457.51,0.381,0,moderate
laborer,626.7,21,11,0.0395,449.43,700.0,0.078,0,unstable
street_vendor,235.36,22,26,0.0416,209.75,260.96,0.251,1,unstable
street_vendor,764.12,21,15,0.0193,675.6,852.65,0.195,0,unstable
shopkeeper,1116.93,25,50,0.3018,789.91,1443.94,0.401,1,moderate
driver,1334.22,21,24,0.1569,1039.09,1600.0,0.37,0,moderate
street_vendor,345.48,16,19,0.0608,276.1,414.85,0.082,0,unstable
laborer,280.36,21,9,0.0007,200.0,363.24,0.086,0,unstable
delivery_worker,754.84,26,36,0.1437,614.39,895.29,0.855,1,moderate
street_vendor,876.81,27,13,0.0098,696.78,900.0,0.07,0,unstable
delivery_worker,647.15,26,39,0.1944,600.0,796.63,0.717,0,moderate
street_vendor,247.61,17,21,0.0382,213.25,281.96,0.107,0,unstable
street_vendor,350.67,24,21,0.0184,255.17,446.17,0.065,1,unstable
laborer,527.12,16,9,0.0736,418.15,636.09,0.145,0,unstable
laborer,456.29,11,1,0.0619,386.22,526.35,0.079,1,unstable
delivery_worker,1195.55,25,45,0.1345,945.81,1445.3,0.943,0,moderate
delivery_worker,836.53,23,58,0.2624,606.42,1066.63,0.716,1,moderate
shopkeeper,1341.22,26,63,0.3354,1051.75,1630.69,0.3,0,stable
laborer,260.48,10,12,0.0174,230.33,290.63,0.098,1,unstable
driver,1585.81,22,21,0.2338,1249.25,1600.0,0.347,0,moderate
delivery_worker,943.51,24,40,0.1912,769.19,1117.84,0.625,1,moderate
driver,678.75,26,21,0.2074,500.0,868.12,0.333,0,moderate
laborer,486.2,13,7,0.0643,398.25,574.16,0.096,0,unstable
street_vendor,377.9,19,32,0.0303,277.75,478.06,0.141,1,unstable
street_vendor,260.14,26,13,0.0109,200.0,323.3,0.191,0,unstable
shopkeeper,830.81,22,64,0.3182,700.0,965.34,0.393,1,moderate
shopkeeper,951.48,24,41,0.1677,816.3,1086.66,0.57,1,moderate
delivery_worker,761.04,23,52,0.1114,600.0,935.28,0.751,1,moderate
driver,1215.91,14,41,0.1971,1066.04,1365.78,0.736,0,moderate
street_vendor,625.43,17,14,0.0383,512.27,738.6,0.194,0,unstable
street_vendor,839.67,18,10,0.1025,693.85,900.0,0.234,0,moderate
driver,1399.69,25,30,0.2264,1248.99,1550.4,0.499,0,moderate
laborer,533.71,19,14,0.0143,478.97,588.44,0.099,0,unstable
delivery_worker,1084.38,23,45,0.1739,828.75,1340.0,0.77,0,moderate
delivery_worker,731.23,27,21,0.2252,600.0,862.45,0.744,0,moderate
driver,637.6,18,35,0.1557,557.29,717.91,0.507,1,moderate
shopkeeper,1488.7,28,54,0.1427,1062.8,1914.6,0.643,1,stable
delivery_worker,1043.26,22,56,0.2109,833.4,1253.12,0.66,0,moderate
laborer,492.69,13,13,0.05,389.46,595.92,0.171,0,unstable
laborer,594.52,12,3,0.0,493.34,695.7,0.055,1,unstable
driver,1150.01,19,36,0.1872,807.49,1492.53,0.773,1,moderate
driver,1228.17,24,23,0.2974,991.17,1465.17,0.394,0,moderate
driver,1081.44,24,39,0.1737,797.97,1364.91,0.55,0,moderate
delivery_worker,1703.85,23,46,0.0292,1514.66,1800.0,0.567,0,moderate
street_vendor,205.85,30,21,0.092,200.0,233.37,0.252,0,moderate
street_vendor,200.9,25,27,0.0996,200.0,225.82,0.175,0,unstable
street_vendor,565.3,25,16,0.1069,500.39,630.22,0.085,0,unstable
street_vendor,346.58,25,13,0.1059,311.11,382.06,0.224,0,unstable
shopkeeper,1116.24,26,35,0.1309,854.98,1377.49,0.407,1,moderate
delivery_worker,1682.3,23,36,0.069,1380.43,1800.0,0.644,0,stable
laborer,685.61,20,14,0.0692,556.98,700.0,0.112,0,unstable
street_vendor,822.78,20,19,0.1,668.03,900.0,0.197,0,moderate
laborer,362.79,18,10,0.0929,255.14,470.44,0.03,1,unstable
laborer,425.01,12,3,0.033,354.23,495.79,0.05,0,unstable
street_vendor,560.2,27,9,0.121,481.75,638.65,0.265,0,moderate
laborer,438.5,24,10,0.0333,338.32,538.67,0.16,0,unstable
driver,893.26,26,38,0.1246,754.38,1032.15,0.685,0,moderate
laborer,641.42,24,20,0.0739,509.57,700.0,0.155,0,moderate
delivery_worker,688.28,25,47,0.1544,612.09,764.46,0.542,0,moderate
street_vendor,723.06,30,22,0.0551,605.68,840.44,0.072,0,moderate
driver,782.33,22,33,0.2695,611.31,953.34,0.472,1,moderate
delivery_worker,1796.02,22,26,0.2736,1346.73,1800.0,0.522,1,stable
laborer,477.09,26,10,0.0462,356.67,597.51,0.063,0,unstable
shopkeeper,794.09,25,53,0.2168,700.0,1025.03,0.527,0,moderate
delivery_worker,606.42,24,31,0.1851,600.0,757.81,0.737,1,moderate
street_vendor,200.55,26,19,0.0441,200.0,253.1,0.324,1,unstable
street_vendor,665.69,19,19,0.0352,588.64,742.74,0.189,0,unstable
delivery_worker,805.53,28,50,0.0914,605.49,1005.56,0.571,0,moderate
street_vendor,289.73,27,13,0.1076,236.11,343.35,0.318,1,unstable
laborer,506.92,18,16,0.0189,447.34,566.51,0.139,0,unstable
shopkeeper,1067.3,26,43,0.3695,879.88,1254.73,0.374,1,moderate
laborer,367.11,20,14,0.0272,328.51,405.71,0.182,0,unstable
driver,1001.05,21,35,0.1914,894.78,1107.33,0.312,0,moderate
delivery_worker,1258.72,24,58,0.1181,1077.63,1439.8,0.827,1,stable
laborer,668.43,16,6,0.079,579.59,700.0,0.066,1,unstable
laborer,311.55,22,9,0.0133,276.87,346.22,0.061,0,unstable
shopkeeper,1029.54,26,60,0.1199,732.92,1326.16,0.456,0,moderate
driver,996.8,17,28,0.1807,726.32,1267.28,0.58,1,moderate
shopkeeper,960.61,26,46,0.2074,785.11,1136.11,0.553,0,moderate
shopkeeper,1197.99,23,29,0.3762,869.96,1526.02,0.284,1,stable
street_vendor,774.52,23,24,0.1341,601.87,900.0,0.287,1,moderate
street_vendor,546.96,19,10,0.0562,446.2,647.72,0.091,1,unstable
street_vendor,238.73,21,12,0.1946,205.4,272.07,0.246,0,unstable
street_vendor,653.06,30,17,0.047,581.9,724.21,0.215,0,moderate
street_vendor,273.26,22,11,0.0353,200.98,345.55,0.095,0,unstable
delivery_worker,1561.97,20,51,0.1777,1267.84,1800.0,0.818,1,moderate
street_vendor,380.39,18,19,0.1215,275.03,485.75,0.063,0,unstable
driver,643.39,20,28,0.0,500.0,810.16,0.74,1,moderate
shopkeeper,1398.74,24,54,0.2027,1245.08,1552.41,0.574,0,stable
street_vendor,324.92,20,14,0.1049,287.25,362.58,0.297,0,unstable
delivery_worker,1316.07,23,36,0.3647,1095.7,1536.43,0.662,1,stable
driver,899.87,22,21,0.1268,694.52,1105.22,0.612,0,moderate
street_vendor,852.34,21,18,0.0837,719.57,900.0,0.251,0,moderate
delivery_worker,780.37,27,36,0.2319,696.31,864.43,0.558,1,stable
delivery_worker,1317.97,27,38,0.0954,1178.01,1457.93,0.915,0,stable
shopkeeper,1651.22,26,42,0.1707,1251.89,2000.0,0.594,1,stable
delivery_worker,1126.41,24,54,0.2154,837.6,1415.22,0.795,1,moderate
delivery_worker,928.81,26,36,0.139,777.45,1080.18,0.594,1,moderate
driver,1499.28,24,39,0.0137,1318.02,1600.0,0.678,1,moderate
street_vendor,685.46,27,17,0.1406,611.47,759.45,0.241,1,moderate
delivery_worker,1412.49,30,34,0.247,1053.08,1771.89,0.724,0,stable
delivery_worker,1561.62,24,35,0.0811,1277.25,1800.0,0.872,1,stable
shopkeeper,1381.77,28,33,0.1845,1020.82,1742.71,0.647,1,stable
driver,798.52,21,31,0.1468,582.1,1014.94,0.79,1,moderate
driver,545.08,19,29,0.1399,500.0,676.45,0.78,0,moderate
delivery_worker,1561.65,24,28,0.1295,1281.29,1800.0,0.716,0,moderate
driver,1194.95,15,28,0.3002,1014.01,1375.9,0.518,1,moderate
shopkeeper,1652.54,22,43,0.2747,1260.6,2000.0,0.555,0,stable
shopkeeper,1180.66,24,44,0.1993,947.82,1413.5,0.592,0,moderate
laborer,675.3,19,9,0.0939,509.22,700.0,0.125,0,unstable
delivery_worker,1238.77,30,25,0.1439,890.59,1586.94,0.861,0,stable
delivery_worker,838.25,24,48,0.2328,671.47,1005.03,0.725,1,moderate
street_vendor,881.62,17,14,0.0349,676.49,900.0,0.102,0,unstable
shopkeeper,1076.98,27,53,0.1549,833.82,1320.15,0.392,1,moderate
laborer,263.47,18,12,0.0709,200.0,339.01,0.195,0,unstable
shopkeeper,1585.9,28,55,0.2121,1407.16,1764.64,0.519,1,stable
driver,632.3,18,41,0.1844,500.0,784.5,0.46,1,moderate
shopkeeper,1394.49,25,43,0.2608,1025.28,1763.69,0.606,1,stable
driver,942.52,20,9,0.0463,700.62,1184.43,0.326,0,unstable
street_vendor,505.35,18,20,0.1064,435.13,575.57,0.196,1,unstable
shopkeeper,1529.52,27,39,0.1587,1288.42,1770.62,0.37,0,stable
street_vendor,564.11,22,16,0.1285,466.54,661.68,0.151,1,moderate
driver,915.58,18,37,0.1011,766.03,1065.12,0.396,1,moderate
shopkeeper,1918.03,26,35,0.2847,1581.51,2000.0,0.314,1,stable
shopkeeper,1097.04,27,42,0.223,952.74,1241.33,0.44,1,moderate
laborer,481.42,18,14,0.0136,403.1,559.73,0.177,1,unstable
delivery_worker,717.14,27,19,0.118,600.0,917.63,0.765,0,moderate
laborer,301.5,18,11,0.1028,244.1,358.89,0.037,0,unstable
driver,1273.01,18,33,0.2198,943.89,1600.0,0.312,1,moderate
driver,866.25,25,33,0.0541,663.65,1068.84,0.757,0,moderate
delivery_worker,1705.75,28,37,0.2688,1201.36,1800.0,0.539,1,stable
delivery_worker,1510.08,26,27,0.2797,1352.44,1667.73,0.775,0,stable
delivery_worker,1010.97,25,32,0.2985,888.04,1133.9,0.729,1,moderate
delivery_worker,1077.7,25,36,0.2365,964.23,1191.18,0.765,0,moderate
street_vendor,508.89,24,13,0.1089,456.18,561.61,0.235,0,moderate
laborer,214.17,22,7,0.0828,200.0,271.07,0.148,1,unstable
street_vendor,228.23,21,12,0.094,200.0,260.24,0.193,1,unstable
laborer,214.59,10,3,0.0173,200.0,262.01,0.176,0,unstable
laborer,628.88,21,7,0.0388,503.74,700.0,0.032,0,unstable
shopkeeper,863.72,23,48,0.309,700.0,1106.1,0.622,0,moderate
driver,1383.38,21,41,0.1485,1125.57,1600.0,0.531,0,moderate
street_vendor,775.1,26,17,0.014,611.64,900.0,0.34,0,moderate
street_vendor,767.81,30,15,0.0879,685.99,849.64,0.109,0,moderate
delivery_worker,938.32,28,37,0.1972,744.86,1131.77,0.605,1,moderate
laborer,458.56,27,8,0.0148,342.67,574.45,0.048,0,unstable
street_vendor,477.82,25,8,0.1464,358.98,596.66,0.101,1,unstable
street_vendor,602.85,18,18,0.1256,491.51,714.19,0.127,0,unstable
delivery_worker,1770.63,26,31,0.1931,1475.56,1800.0,0.773,1,stable
street_vendor,871.46,26,22,0.0187,659.58,900.0,0.308,0,moderate
shopkeeper,1348.75,30,63,0.4,962.59,1734.9,0.477,1,stable
delivery_worker,604.46,17,41,0.2056,600.0,694.11,0.658,1,moderate
street_vendor,293.46,23,19,0.1528,261.3,325.62,0.278,1,moderate
street_vendor,600.28,22,14,0.042,509.8,690.76,0.11,0,unstable
shopkeeper,783.26,25,45,0.2167,700.0,996.68,0.57,1,moderate
driver,797.06,19,44,0.1887,684.39,909.74,0.583,0,moderate
driver,629.22,19,24,0.1736,500.0,791.02,0.647,1,moderate
delivery_worker,1733.98,21,55,0.1722,1511.47,1800.0,0.933,0,stable
shopkeeper,1051.5,26,60,0.0034,777.36,1325.63,0.397,1,moderate
shopkeeper,986.17,23,47,0.2509,831.94,1140.39,0.293,0,moderate
delivery_worker,1384.39,27,49,0.2344,981.19,1787.58,0.541,0,moderate
driver,754.74,21,32,0.2001,651.91,857.57,0.393,0,moderate
street_vendor,896.0,23,15,0.0337,706.83,900.0,0.177,0,moderate
delivery_worker,936.76,26,32,0.1634,660.94,1212.59,0.583,0,moderate
laborer,556.3,22,5,0.017,424.12,688.48,0.192,0,unstable
laborer,428.66,10,4,0.04,313.25,544.07,0.117,1,unstable
shopkeeper,1277.35,23,62,0.3343,950.0,1604.69,0.705,1,stable
street_vendor,589.93,16,20,0.1324,438.04,741.82,0.226,0,unstable
laborer,602.13,19,11,0.0,462.54,700.0,0.165,0,unstable
street_vendor,471.69,19,26,0.1641,415.49,527.88,0.07,0,moderate
laborer,586.02,15,13,0.0633,430.35,700.0,0.107,0,unstable
street_vendor,843.33,17,16,0.0016,607.21,900.0,0.136,1,unstable
street_vendor,802.74,18,13,0.1059,711.25,894.23,0.153,1,moderate
street_vendor,388.98,22,19,0.0,290.3,487.66,0.312,0,unstable
delivery_worker,1215.69,17,48,0.1663,931.04,1500.35,0.833,0,moderate
delivery_worker,1235.57,30,42,0.2955,1026.08,1445.07,0.888,1,stable
laborer,425.77,16,5,0.0829,348.45,503.1,0.135,0,unstable
shopkeeper,1243.57,28,50,0.2246,892.63,1594.51,0.389,0,moderate
driver,811.81,21,21,0.1981,619.12,1004.49,0.317,1,moderate
driver,818.11,21,41,0.2577,603.93,1032.29,0.714,1,moderate
shopkeeper,1058.08,29,21,0.3538,896.19,1219.97,0.47,1,stable
driver,1290.46,20,19,0.1809,1106.25,1474.67,0.486,1,moderate
shopkeeper,1398.32,23,26,0.1015,1201.57,1595.07,0.268,1,moderate
street_vendor,587.92,20,20,0.1175,463.42,712.42,0.334,1,unstable
shopkeeper,1346.94,24,47,0.1851,1154.55,1539.34,0.322,0,stable
street_vendor,573.61,25,12,0.1264,499.75,647.47,0.145,1,unstable
shopkeeper,989.84,22,72,0.1519,853.62,1126.05,0.382,1,moderate
laborer,459.47,20,11,0.1512,357.86,561.08,0.187,0,unstable
shopkeeper,1119.87,24,50,0.0819,954.75,1285.0,0.622,1,moderate
street_vendor,247.46,21,22,0.0387,200.0,308.01,0.317,0,unstable
laborer,462.72,29,9,0.0912,352.45,572.98,0.076,0,unstable
shopkeeper,986.09,26,57,0.112,810.85,1161.32,0.428,1,moderate
laborer,288.04,17,8,0.0,216.42,359.67,0.089,0,unstable
delivery_worker,1069.31,25,31,0.0767,945.27,1193.35,0.694,1,moderate
delivery_worker,1219.86,30,27,0.2115,974.73,1464.98,0.613,1,stable
laborer,678.92,16,5,0.0483,494.98,700.0,0.024,0,unstable
delivery_worker,1227.79,20,44,0.1474,884.34,1571.24,0.856,1,moderate
laborer,399.28,15,6,0.0,345.76,452.8,0.191,1,unstable
shopkeeper,1965.8,28,41,0.3131,1678.54,2000.0,0.322,0,stable
street_vendor,416.2,19,30,0.1675,319.74,512.67,0.076,0,unstable
driver,1485.39,21,33,0.0998,1319.69,1600.0,0.519,1,moderate
shopkeeper,878.06,25,37,0.1574,701.26,1054.86,0.49,0,moderate
shopkeeper,1592.65,27,67,0.1832,1165.38,2000.0,0.27,1,stable
laborer,301.54,17,13,0.102,247.14,355.93,0.126,0,unstable
delivery_worker,1292.46,27,36,0.2292,1074.74,1510.18,0.793,1,stable
driver,930.6,19,15,0.1566,788.76,1072.44,0.772,1,moderate
street_vendor,552.15,30,23,0.0916,432.42,671.88,0.123,0,moderate
laborer,209.52,20,12,0.0269,200.0,261.17,0.186,0,unstable
driver,531.9,21,21,0.1464,500.0,658.47,0.407,1,moderate
laborer,487.15,26,10,0.0628,377.83,596.47,0.022,0,unstable
street_vendor,492.6,28,11,0.1455,387.62,597.58,0.325,1,moderate
shopkeeper,1572.97,25,41,0.1197,1414.3,1731.63,0.543,1,stable
shopkeeper,744.43,24,57,0.297,700.0,866.46,0.612,0,moderate
delivery_worker,973.17,27,34,0.1796,856.45,1089.88,0.504,1,moderate
laborer,361.04,21,12,0.0407,283.16,438.92,0.16,0,unstable
driver,1167.39,26,41,0.1704,904.31,1430.47,0.666,0,moderate
delivery_worker,1646.96,25,39,0.1202,1411.23,1800.0,0.731,0,stable
delivery_worker,1132.54,23,40,0.2596,889.98,1375.1,0.571,0,moderate
street_vendor,615.53,25,11,0.0534,533.76,697.29,0.101,0,moderate
shopkeeper,1492.28,22,38,0.0371,1150.98,1833.58,0.682,0,moderate
shopkeeper,1094.49,24,55,0.0982,795.93,1393.05,0.387,0,moderate
shopkeeper,706.92,23,36,0.2974,700.0,857.47,0.555,0,moderate
delivery_worker,917.52,26,37,0.1781,730.43,1104.6,0.751,0,moderate
laborer,495.96,16,10,0.0594,373.33,618.59,0.069,1,unstable
driver,972.56,19,39,0.0844,767.48,1177.64,0.622,1,moderate
shopkeeper,1681.33,27,74,0.2647,1295.07,2000.0,0.659,0,stable
shopkeeper,1027.84,25,46,0.0516,883.18,1172.5,0.398,1,moderate
street_vendor,315.76,24,22,0.0562,222.44,409.08,0.239,0,unstable
street_vendor,410.81,30,31,0.0768,322.22,499.4,0.136,0,moderate
driver,592.29,21,28,0.1572,526.87,657.71,0.436,0,moderate
delivery_worker,1181.99,24,16,0.2048,991.55,1372.43,0.754,1,stable
shopkeeper,1996.09,28,38,0.3049,1626.59,2000.0,0.477,0,stable
street_vendor,275.22,22,13,0.1144,201.12,349.31,0.094,0,unstable
laborer,688.04,17,9,0.1037,583.89,700.0,0.192,0,unstable
driver,1401.02,16,29,0.1371,1107.61,1600.0,0.588,0,moderate
shopkeeper,1816.87,24,42,0.1778,1552.2,2000.0,0.502,1,stable
shopkeeper,1029.42,28,53,0.2581,822.5,1236.34,0.461,1,moderate
shopkeeper,1181.0,27,58,0.1499,887.93,1474.07,0.419,1,moderate
laborer,365.4,23,6,0.0339,273.69,457.11,0.092,0,unstable
driver,748.47,19,29,0.2829,581.99,914.95,0.557,0,moderate
driver,817.83,21,28,0.1923,721.94,913.72,0.588,0,moderate
street_vendor,427.02,22,14,0.0957,323.15,530.88,0.117,0,unstable
shopkeeper,1926.29,25,25,0.3897,1530.33,2000.0,0.413,1,stable
delivery_worker,1323.37,24,49,0.2323,930.07,1716.67,0.677,0,stable
shopkeeper,1240.52,26,51,0.2252,967.34,1513.71,0.372,0,moderate
shopkeeper,1377.06,26,67,0.1184,1165.39,1588.73,0.491,0,moderate
laborer,402.46,25,10,0.0726,346.24,458.67,0.152,0,moderate
delivery_worker,1026.16,28,17,0.1657,839.98,1212.34,0.561,1,moderate
shopkeeper,919.84,30,51,0.273,804.65,1035.02,0.58,1,stable
shopkeeper,1881.68,24,65,0.1994,1453.43,2000.0,0.385,1,stable
driver,798.0,22,23,0.105,581.68,1014.32,0.416,0,moderate
laborer,481.56,10,4,0.0635,432.85,530.28,0.146,0,unstable
street_vendor,709.93,21,21,0.171,638.93,780.93,0.334,0,moderate
shopkeeper,1479.08,29,50,0.2509,1190.26,1767.9,0.704,0,stable
laborer,232.16,26,13,0.0531,200.0,274.06,0.172,1,unstable
driver,602.33,16,31,0.2133,500.0,733.55,0.492,0,unstable
delivery_worker,1171.13,24,39,0.2339,1025.31,1316.96,0.831,1,moderate
laborer,209.44,29,9,0.1,200.0,234.6,0.146,0,moderate
driver,1041.77,18,6,0.1051,746.98,1336.57,0.4,1,moderate
street_vendor,229.63,20,12,0.0442,200.0,281.69,0.123,1,unstable
delivery_worker,1529.83,28,44,0.0,1337.16,1722.5,0.809,0,moderate
laborer,605.36,14,6,0.032,539.41,671.31,0.076,0,unstable
delivery_worker,1396.45,22,30,0.267,1150.36,1642.53,0.631,0,stable
laborer,211.86,23,9,0.0318,200.0,236.42,0.172,0,unstable
shopkeeper,1494.23,26,33,0.1821,1099.67,1888.79,0.506,1,stable
laborer,469.16,21,11,0.0485,369.22,569.1,0.172,0,unstable
laborer,574.02,11,13,0.0136,500.66,647.37,0.05,0,unstable
shopkeeper,1044.33,24,67,0.1468,866.82,1221.83,0.653,1,moderate
driver,1213.39,22,32,0.1338,916.01,1510.76,0.608,1,moderate
street_vendor,327.63,20,21,0.133,233.13,422.14,0.259,0,unstable
street_vendor,508.84,21,11,0.0547,385.04,632.64,0.24,0,unstable
delivery_worker,972.72,26,59,0.2125,785.77,1159.67,0.526,0,stable
delivery_worker,1502.88,26,49,0.2077,1092.93,1800.0,0.551,1,stable
delivery_worker,1651.71,24,43,0.2107,1419.92,1800.0,0.734,0,stable
street_vendor,493.47,27,18,0.0,424.98,561.97,0.209,0,unstable
street_vendor,753.95,21,20,0.0745,590.89,900.0,0.259,0,unstable
street_vendor,813.42,23,8,0.139,683.6,900.0,0.21,0,unstable
driver,1503.73,28,15,0.2047,1273.37,1600.0,0.489,1,stable
laborer,204.63,15,8,0.0496,200.0,243.94,0.144,0,unstable
driver,1115.88,21,20,0.1642,937.14,1294.63,0.399,0,moderate
laborer,278.69,12,8,0.0618,213.42,343.96,0.104,1,unstable
shopkeeper,1477.64,29,83,0.2273,1251.73,1703.54,0.541,1,stable
driver,1543.99,24,36,0.1161,1149.6,1600.0,0.516,0,moderate
laborer,611.44,14,14,0.0078,527.2,695.69,0.151,1,unstable
delivery_worker,601.09,21,33,0.0856,600.0,747.18,0.714,1,moderate
driver,1567.63,18,20,0.2978,1186.36,1600.0,0.373,1,moderate
delivery_worker,1631.32,22,49,0.1586,1384.58,1800.0,0.798,1,stable
shopkeeper,1588.81,25,70,0.0404,1423.67,1753.94,0.483,0,moderate
shopkeeper,1849.2,26,43,0.195,1587.73,2000.0,0.306,1,stable
street_vendor,629.93,25,22,0.0668,465.6,794.25,0.2,1,unstable
shopkeeper,1153.02,24,43,0.39,996.4,1309.64,0.498,1,stable
laborer,678.01,28,10,0.0801,581.09,700.0,0.088,0,moderate
driver,597.37,22,23,0.1151,500.0,729.87,0.572,0,moderate
laborer,237.94,14,11,0.1213,200.0,294.96,0.115,0,unstable
shopkeeper,1119.04,25,52,0.2561,870.52,1367.56,0.287,1,moderate
laborer,645.41,25,8,0.0,568.68,700.0,0.134,0,unstable
driver,537.17,15,25,0.0747,500.0,654.61,0.474,0,unstable
delivery_worker,1000.96,26,39,0.2356,879.37,1122.55,0.79,0,moderate
driver,617.61,26,35,0.2676,500.0,741.72,0.716,1,moderate
street_vendor,683.49,17,12,0.1228,542.14,824.84,0.199,0,unstable
street_vendor,481.51,25,10,0.0236,423.5,539.52,0.265,0,unstable
street_vendor,235.6,25,9,0.0621,201.62,269.58,0.157,0,unstable
street_vendor,557.15,19,14,0.1542,487.19,627.11,0.129,0,moderate
street_vendor,548.43,21,10,0.1395,455.95,640.91,0.294,0,unstable
delivery_worker,846.44,27,29,0.2373,636.99,1055.89,0.907,1,moderate
street_vendor,887.88,25,18,0.0377,646.33,900.0,0.183,1,moderate
driver,928.62,23,17,0.0763,698.03,1159.22,0.598,0,moderate
shopkeeper,761.86,26,39,0.2445,700.0,896.78,0.393,1,moderate
laborer,668.18,16,8,0.048,598.88,700.0,0.107,0,unstable
delivery_worker,985.99,29,29,0.1914,861.33,1110.66,0.765,1,moderate
street_vendor,401.13,29,13,0.0434,348.03,454.23,0.206,0,unstable
street_vendor,861.46,28,20,0.0,741.62,900.0,0.129,1,unstable
street_vendor,413.81,25,22,0.1152,310.8,516.82,0.187,0,unstable
street_vendor,471.57,29,8,0.0,409.33,533.81,0.202,1,unstable
driver,844.33,22,15,0.2931,621.45,1067.21,0.443,1,moderate
street_vendor,468.17,23,20,0.1342,343.12,593.23,0.178,0,unstable
street_vendor,361.66,22,24,0.0871,271.71,451.6,0.284,1,unstable
street_vendor,700.94,19,15,0.0798,518.69,883.2,0.156,0,unstable
laborer,294.02,19,6,0.0203,214.07,373.97,0.107,0,unstable
street_vendor,350.56,26,13,0.0692,296.44,404.68,0.264,0,unstable
driver,652.1,26,26,0.188,500.0,843.32,0.393,1,moderate
laborer,269.19,27,9,0.0747,201.99,336.39,0.144,1,moderate
delivery_worker,974.13,29,44,0.2396,752.46,1195.81,0.619,0,moderate
street_vendor,754.72,20,16,0.1588,632.94,876.5,0.116,1,unstable
delivery_worker,891.26,24,43,0.0867,625.36,1157.15,0.916,1,moderate
delivery_worker,1765.03,24,43,0.2709,1254.06,1800.0,0.944,1,stable
street_vendor,736.22,26,16,0.0182,612.71,859.73,0.288,0,moderate
shopkeeper,1398.78,29,32,0.1172,980.5,1817.06,0.598,0,stable
shopkeeper,1405.07,22,45,0.2201,1048.63,1761.5,0.376,1,moderate
street_vendor,210.47,30,20,0.0905,200.0,242.66,0.174,0,moderate
driver,1363.37,23,33,0.0933,1172.5,1554.25,0.58,0,moderate
delivery_worker,1486.57,25,43,0.2367,1152.03,1800.0,0.931,0,stable
delivery_worker,1315.24,22,25,0.0891,1062.61,1567.86,0.786,0,moderate
street_vendor,674.96,29,17,0.2099,580.68,769.24,0.281,0,moderate
street_vendor,486.54,17,16,0.1022,350.76,622.33,0.269,0,unstable
driver,1444.89,25,21,0.1341,1013.85,1600.0,0.724,1,moderate
laborer,495.55,15,10,0.0524,396.06,595.03,0.03,0,unstable
laborer,631.51,20,6,0.013,507.56,700.0,0.173,0,unstable
driver,1526.6,20,19,0.1276,1127.85,1600.0,0.755,1,moderate
laborer,343.03,15,7,0.0182,273.27,412.79,0.03,0,unstable
delivery_worker,1464.8,25,56,0.0454,1155.78,1773.81,0.664,0,moderate
street_vendor,238.43,24,18,0.0511,200.0,294.39,0.265,1,unstable
driver,1393.05,19,26,0.1699,1053.45,1600.0,0.659,0,moderate
delivery_worker,1597.11,24,37,0.1934,1424.11,1770.1,0.913,1,stable
shopkeeper,1798.44,23,57,0.1984,1618.51,1978.37,0.298,0,stable
laborer,425.75,18,8,0.0475,303.26,548.23,0.07,0,unstable
laborer,502.47,17,6,0.0528,390.51,614.43,0.1,0,unstable
street_vendor,784.66,21,16,0.1801,565.98,900.0,0.312,0,moderate
laborer,669.29,18,5,0.0158,595.15,700.0,0.08,0,unstable
laborer,455.72,30,10,0.0,370.03,541.41,0.05,0,unstable
driver,1315.99,20,20,0.2008,985.23,1600.0,0.594,0,moderate
driver,1032.69,30,27,0.1085,815.83,1249.55,0.675,1,moderate
driver,573.29,22,19,0.1333,500.0,742.54,0.543,0,moderate
street_vendor,865.43,28,9,0.1092,669.11,900.0,0.311,0,moderate
driver,857.28,21,14,0.1116,721.25,993.31,0.536,0,moderate
street_vendor,287.23,18,15,0.0056,209.24,365.22,0.103,0,unstable
driver,1024.29,18,30,0.1305,744.51,1304.06,0.681,0,moderate
street_vendor,820.25,23,20,0.0631,618.63,900.0,0.052,1,unstable
shopkeeper,831.05,26,41,0.2574,704.69,957.4,0.706,0,moderate
laborer,526.95,13,15,0.0373,403.41,650.49,0.121,1,unstable
delivery_worker,1706.35,26,43,0.0761,1487.67,1800.0,0.844,0,stable
delivery_worker,878.56,24,53,0.1667,790.54,966.58,0.736,1,moderate
laborer,423.81,24,2,0.0615,315.72,531.9,0.066,1,unstable
street_vendor,608.24,25,13,0.136,519.44,697.03,0.201,0,unstable
laborer,668.17,24,4,0.0891,493.46,700.0,0.197,0,unstable
laborer,301.33,26,18,0.0484,244.55,358.11,0.026,0,unstable
delivery_worker,1459.41,30,32,0.2315,1191.83,1726.99,0.6,1,stable
laborer,386.0,17,14,0.1139,282.01,489.99,0.063,1,unstable
street_vendor,880.47,26,13,0.1162,683.67,900.0,0.128,0,moderate
driver,851.58,21,45,0.1667,737.87,965.29,0.347,0,moderate
driver,522.56,19,32,0.1906,500.0,600.88,0.336,0,moderate
delivery_worker,1191.64,29,49,0.1305,870.67,1512.62,0.518,1,moderate
laborer,259.61,30,16,0.1331,200.0,319.28,0.026,0,moderate
driver,1517.09,25,34,0.1571,1244.74,1600.0,0.729,1,stable
shopkeeper,1855.3,28,48,0.2155,1580.63,2000.0,0.648,1,stable
laborer,314.56,30,13,0.0,268.52,360.6,0.185,1,moderate
driver,960.29,20,4,0.1404,798.09,1122.5,0.559,1,moderate
street_vendor,559.2,22,25,0.1506,476.17,642.23,0.254,0,moderate
street_vendor,471.53,27,17,0.1927,388.92,554.14,0.305,0,moderate
driver,687.62,17,37,0.2167,600.12,775.11,0.401,1,moderate
street_vendor,564.89,27,12,0.0211,488.96,640.82,0.098,1,unstable
street_vendor,751.99,24,16,0.0892,651.64,852.33,0.322,0,moderate
driver,1184.77,19,22,0.1563,991.64,1377.9,0.639,0,moderate
street_vendor,875.52,24,16,0.1274,742.37,900.0,0.108,1,moderate
shopkeeper,1366.37,27,49,0.3109,1139.39,1593.35,0.65,0,stable
street_vendor,741.16,21,21,0.0071,617.73,864.59,0.193,0,unstable
laborer,333.35,21,11,0.0292,235.55,431.16,0.197,1,unstable
driver,1268.93,21,26,0.1529,1077.85,1460.01,0.737,1,moderate
shopkeeper,1585.98,30,55,0.2333,1211.66,1960.31,0.662,1,stable
street_vendor,529.76,22,8,0.0221,434.62,624.9,0.344,1,unstable
driver,1514.45,16,38,0.179,1217.55,1600.0,0.48,1,moderate
shopkeeper,1232.37,24,48,0.1389,1016.77,1447.97,0.511,1,moderate
shopkeeper,1111.58,26,55,0.2189,849.87,1373.28,0.687,1,moderate
delivery_worker,654.58,27,30,0.1672,600.0,830.75,0.909,1,moderate
driver,1574.05,22,32,0.2783,1328.11,1600.0,0.539,1,stable
street_vendor,693.92,17,19,0.0485,598.04,789.79,0.174,1,unstable
delivery_worker,1189.62,22,46,0.2965,863.08,1516.16,0.54,0,stable
shopkeeper,916.34,24,31,0.2941,700.0,1152.09,0.313,0,moderate
laborer,271.03,18,9,0.0851,205.72,336.34,0.108,0,unstable
laborer,460.5,28,12,0.0199,369.54,551.45,0.162,0,unstable
driver,610.4,21,26,0.2285,500.0,748.82,0.601,0,moderate
delivery_worker,1038.03,15,42,0.1799,746.45,1329.61,0.58,0,moderate
street_vendor,769.81,24,21,0.1273,573.22,900.0,0.126,0,moderate
driver,1482.79,22,37,0.1951,1276.93,1600.0,0.326,0,moderate
laborer,452.67,30,1,0.0995,348.76,556.57,0.051,0,unstable
laborer,279.43,23,3,0.0069,240.55,318.3,0.163,0,unstable
driver,761.05,23,25,0.1668,641.01,881.09,0.509,0,moderate
street_vendor,331.19,17,22,0.1072,268.38,394.0,0.147,0,unstable
laborer,251.79,22,8,0.1374,200.0,319.15,0.183,0,unstable
driver,815.87,15,25,0.2239,652.57,979.16,0.726,0,moderate
laborer,333.33,23,16,0.0114,252.26,414.4,0.106,0,unstable
street_vendor,710.23,23,24,0.0447,503.91,900.0,0.056,0,unstable
laborer,452.53,13,8,0.0078,359.74,545.32,0.096,0,unstable
laborer,599.25,25,10,0.0371,476.52,700.0,0.149,0,unstable
street_vendor,406.25,25,6,0.0702,361.56,450.94,0.125,0,unstable
driver,1346.43,17,38,0.1127,1145.87,1547.0,0.606,1,moderate
street_vendor,570.04,22,13,0.1368,445.76,694.32,0.289,0,unstable
street_vendor,517.1,19,22,0.0876,412.35,621.85,0.148,0,unstable
shopkeeper,1541.03,23,59,0.3952,1234.64,1847.43,0.62,0,stable
driver,1087.61,21,38,0.2518,831.17,1344.05,0.591,1,moderate
delivery_worker,1670.53,23,48,0.2359,1493.2,1800.0,0.929,1,stable
driver,1156.54,20,27,0.0868,941.93,1371.16,0.352,0,moderate
delivery_worker,1485.54,30,38,0.2388,1109.02,1800.0,0.929,0,stable
delivery_worker,955.8,18,26,0.3065,829.77,1081.83,0.837,0,moderate
laborer,252.41,28,9,0.0403,200.0,320.98,0.028,0,unstable
laborer,625.15,20,12,0.0913,508.36,700.0,0.073,0,unstable
driver,1496.55,23,31,0.138,1077.23,1600.0,0.505,0,stable
driver,1019.51,16,32,0.1237,804.63,1234.39,0.688,0,moderate
shopkeeper,1231.89,26,55,0.2816,1046.11,1417.66,0.524,0,stable
shopkeeper,818.39,24,42,0.2724,700.0,977.79,0.452,1,moderate
shopkeeper,1543.37,26,56,0.2506,1120.12,1966.62,0.518,0,stable
street_vendor,298.05,24,5,0.0708,247.48,348.61,0.157,1,unstable
delivery_worker,1337.73,24,41,0.2014,962.42,1713.03,0.877,0,moderate
shopkeeper,970.83,29,54,0.1729,771.87,1169.78,0.432,0,moderate
street_vendor,510.76,18,13,0.1248,382.55,638.97,0.222,0,unstable
street_vendor,532.64,24,23,0.1113,378.69,686.58,0.18,0,unstable
delivery_worker,1135.34,24,33,0.1771,893.55,1377.12,0.897,1,moderate
laborer,494.47,17,11,0.0474,431.26,557.68,0.057,1,unstable
shopkeeper,718.18,26,53,0.2955,700.0,900.85,0.344,1,moderate
street_vendor,533.15,27,13,0.0,378.07,688.23,0.187,1,unstable
delivery_worker,1558.42,23,37,0.1905,1326.75,1790.1,0.93,1,stable
street_vendor,817.92,23,20,0.0402,603.71,900.0,0.105,0,unstable
street_vendor,316.02,29,18,0.0374,222.35,409.7,0.238,0,unstable
street_vendor,663.53,16,20,0.0357,581.76,745.3,0.053,1,unstable
delivery_worker,1414.53,23,50,0.1816,1207.7,1621.36,0.812,1,stable
delivery_worker,1046.96,26,28,0.2492,846.84,1247.09,0.84,0,moderate
laborer,382.1,18,9,0.1115,327.85,436.35,0.06,1,unstable
driver,681.94,22,17,0.305,507.75,856.13,0.739,0,moderate
shopkeeper,1286.4,23,72,0.114,1153.81,1418.99,0.529,0,moderate
driver,669.48,23,24,0.2387,515.97,823.0,0.324,1,moderate
delivery_worker,1446.04,22,45,0.2646,1235.82,1656.26,0.764,1,stable
laborer,441.23,29,8,0.0,344.39,538.06,0.059,1,unstable
driver,831.05,21,25,0.1915,623.47,1038.64,0.78,0,moderate
laborer,658.49,17,10,0.0129,499.56,700.0,0.162,0,unstable
driver,1401.27,25,26,0.0789,1224.51,1578.02,0.504,1,moderate
delivery_worker,1516.38,28,35,0.1183,1335.34,1697.42,0.849,0,stable
laborer,522.18,12,12,0.1179,390.85,653.51,0.18,0,unstable
driver,721.87,19,29,0.1543,587.64,856.1,0.313,0,moderate
shopkeeper,1807.39,29,44,0.1951,1437.14,2000.0,0.432,1,stable
driver,1057.36,24,31,0.1253,747.26,1367.46,0.727,0,moderate
laborer,634.31,30,13,0.0583,533.89,700.0,0.189,1,moderate
shopkeeper,1351.26,28,56,0.2557,1114.8,1587.72,0.604,1,stable
delivery_worker,1576.88,19,38,0.2084,1228.04,1800.0,0.549,0,moderate
street_vendor,260.07,14,20,0.0887,200.0,336.5,0.226,1,unstable
shopkeeper,1883.29,24,72,0.0487,1580.41,2000.0,0.3,0,moderate
delivery_worker,1049.44,29,23,0.3155,927.54,1171.34,0.525,1,stable
driver,1401.15,22,26,0.2234,1238.65,1563.66,0.606,1,moderate
street_vendor,246.32,22,14,0.2093,211.05,281.59,0.287,0,moderate
delivery_worker,1330.51,26,14,0.1262,1087.88,1573.14,0.879,1,moderate
delivery_worker,606.87,25,38,0.1792,600.0,746.6,0.774,1,moderate
laborer,558.4,15,6,0.0777,436.12,680.68,0.17,0,unstable
shopkeeper,1450.2,25,61,0.2718,1051.99,1848.41,0.467,1,stable
delivery_worker,1685.31,22,55,0.2603,1450.01,1800.0,0.64,1,stable
street_vendor,437.65,26,14,0.1609,334.35,540.94,0.217,0,moderate
driver,846.56,19,12,0.1346,673.24,1019.88,0.746,1,moderate
driver,664.46,18,34,0.1894,521.35,807.57,0.423,0,moderate
delivery_worker,1488.18,24,40,0.1888,1205.98,1770.38,0.706,0,stable
street_vendor,684.83,22,22,0.0309,535.24,834.42,0.061,1,unstable
laborer,635.03,16,14,0.1128,485.37,700.0,0.173,0,unstable
delivery_worker,1644.49,25,44,0.2096,1361.82,1800.0,0.74,1,stable
shopkeeper,1468.62,22,60,0.2462,1229.29,1707.94,0.588,1,stable
driver,1063.96,23,31,0.1871,813.77,1314.15,0.651,1,moderate
shopkeeper,1878.93,25,78,0.108,1508.98,2000.0,0.325,1,stable
street_vendor,781.79,30,15,0.0078,701.19,862.39,0.327,0,moderate
shopkeeper,1446.76,27,52,0.2527,1100.8,1792.72,0.434,0,stable
street_vendor,228.19,19,16,0.1354,200.0,268.65,0.346,0,unstable
driver,1159.32,23,34,0.094,826.1,1492.54,0.677,1,moderate
delivery_worker,1633.5,24,36,0.4,1204.51,1800.0,0.62,0,stable
street_vendor,457.78,27,19,0.0,407.84,507.73,0.172,1,unstable
driver,644.46,26,18,0.0974,500.0,814.48,0.752,0,moderate
delivery_worker,1140.47,29,39,0.1609,878.92,1402.02,0.712,1,moderate
delivery_worker,1440.23,26,36,0.1341,1058.2,1800.0,0.83,1,stable
delivery_worker,1547.2,28,49,0.0893,1227.76,1800.0,0.789,1,stable
delivery_worker,636.48,28,41,0.1837,600.0,755.32,0.839,1,moderate
laborer,573.04,23,15,0.0,492.27,653.82,0.023,0,unstable
driver,1419.09,25,28,0.0986,1163.9,1600.0,0.462,0,moderate
driver,1119.52,24,35,0.1291,971.24,1267.79,0.644,0,moderate
street_vendor,736.91,26,14,0.0,524.39,900.0,0.309,0,unstable
shopkeeper,728.99,25,36,0.0747,700.0,890.76,0.666,1,moderate
laborer,671.52,26,14,0.0174,580.25,700.0,0.17,0,moderate
driver,862.01,18,23,0.1479,683.75,1040.26,0.722,0,moderate
laborer,671.82,20,12,0.0625,511.46,700.0,0.136,1,unstable
shopkeeper,1640.94,26,54,0.3274,1179.68,2000.0,0.586,0,stable
street_vendor,263.46,27,11,0.0259,201.96,324.97,0.112,0,unstable
laborer,264.11,21,8,0.0877,223.7,304.53,0.108,0,unstable
laborer,313.57,27,12,0.0217,257.78,369.37,0.024,0,unstable
laborer,270.77,23,8,0.0549,205.23,336.32,0.171,1,unstable
street_vendor,502.56,17,7,0.0725,385.17,619.95,0.279,0,unstable
shopkeeper,1237.55,24,53,0.2308,1008.95,1466.14,0.384,1,moderate
shopkeeper,1734.77,26,39,0.2236,1349.75,2000.0,0.515,0,stable
laborer,431.25,13,11,0.0367,364.02,498.47,0.051,0,unstable
delivery_worker,824.61,18,36,0.2487,614.61,1034.6,0.749,0,moderate
shopkeeper,1866.15,25,54,0.2097,1342.98,2000.0,0.262,1,stable
delivery_worker,1674.96,22,29,0.1014,1415.46,1800.0,0.827,0,moderate
street_vendor,671.94,30,17,0.0907,577.27,766.61,0.095,1,moderate
laborer,481.69,17,6,0.0794,422.56,540.82,0.167,0,unstable
laborer,331.24,12,9,0.0613,281.87,380.62,0.191,0,unstable
laborer,420.18,11,13,0.1173,318.74,521.62,0.028,1,unstable
delivery_worker,1149.68,26,28,0.225,1004.4,1294.96,0.695,1,moderate
shopkeeper,1413.03,25,52,0.2218,1238.93,1587.13,0.482,0,stable
shopkeeper,1928.29,24,38,0.3993,1434.8,2000.0,0.428,0,stable
laborer,501.45,19,11,0.0105,393.23,609.68,0.171,1,unstable
street_vendor,783.79,23,19,0.108,683.42,884.16,0.099,0,moderate
shopkeeper,1106.45,25,62,0.127,956.37,1256.54,0.442,0,moderate
shopkeeper,1172.07,25,53,0.2017,831.79,1512.34,0.446,1,moderate
street_vendor,391.71,22,19,0.1067,305.72,477.7,0.281,0,unstable
shopkeeper,1685.99,28,59,0.1469,1392.02,1979.96,0.46,0,stable
shopkeeper,1154.33,25,66,0.2121,826.1,1482.56,0.622,1,moderate
laborer,313.9,24,16,0.0322,270.0,357.81,0.129,0,unstable
laborer,341.16,19,10,0.0967,274.2,408.13,0.162,0,unstable
driver,1340.0,26,33,0.014,1021.62,1600.0,0.374,0,moderate
street_vendor,816.84,25,23,0.0971,666.35,900.0,0.202,0,moderate
driver,631.59,18,16,0.0986,515.8,747.39,0.763,1,moderate
delivery_worker,1509.43,21,48,0.1833,1198.41,1800.0,0.874,1,stable
street_vendor,270.15,26,17,0.068,206.73,333.56,0.108,0,unstable
driver,1577.36,22,40,0.2042,1273.12,1600.0,0.745,0,stable
driver,825.88,21,27,0.0461,653.27,998.49,0.542,0,moderate
laborer,648.01,22,5,0.0472,529.48,700.0,0.197,1,unstable
shopkeeper,1250.8,25,47,0.2108,1048.88,1452.72,0.564,1,moderate
driver,1239.29,23,23,0.1819,1107.4,1371.18,0.329,1,moderate
driver,1598.42,20,22,0.1901,1300.13,1600.0,0.605,0,moderate
delivery_worker,977.37,20,54,0.3238,717.61,1237.14,0.574,1,moderate
laborer,371.72,27,9,0.1142,304.74,438.69,0.189,0,moderate
driver,957.27,28,45,0.1408,710.88,1203.67,0.435,0,moderate
laborer,354.18,17,5,0.1012,256.11,452.25,0.118,0,unstable
street_vendor,818.36,18,11,0.0854,710.27,900.0,0.306,0,unstable
street_vendor,718.03,22,13,0.0628,556.08,879.97,0.263,0,unstable
laborer,542.93,27,11,0.1239,486.69,599.16,0.195,1,moderate
driver,1491.35,23,38,0.1274,1304.6,1600.0,0.753,0,moderate
shopkeeper,1472.34,25,66,0.0446,1116.58,1828.1,0.505,0,moderate
driver,1103.02,17,34,0.093,782.45,1423.6,0.706,0,moderate
laborer,503.46,21,11,0.0,396.24,610.68,0.177,0,unstable
delivery_worker,1570.04,23,39,0.1676,1330.32,1800.0,0.545,0,stable
street_vendor,393.25,23,15,0.0542,319.03,467.47,0.244,0,unstable
delivery_worker,1415.8,26,37,0.1476,1044.57,1787.03,0.903,0,stable
street_vendor,647.69,21,17,0.1136,496.94,798.44,0.192,0,unstable
shopkeeper,1137.01,28,53,0.2474,956.38,1317.64,0.507,1,stable
street_vendor,350.55,28,16,0.1429,269.49,431.61,0.155,1,moderate
driver,536.73,20,28,0.1734,500.0,631.81,0.403,0,moderate
street_vendor,217.5,23,17,0.0,200.0,273.44,0.07,1,unstable
shopkeeper,850.22,26,48,0.3488,753.07,947.38,0.421,1,stable
laborer,664.47,23,11,0.0097,476.99,700.0,0.13,0,unstable
laborer,440.85,12,16,0.031,361.44,520.26,0.069,1,unstable
street_vendor,446.7,28,8,0.0924,366.03,527.37,0.335,0,unstable
delivery_worker,1046.23,27,52,0.2173,879.09,1213.38,0.852,1,stable
street_vendor,601.99,20,15,0.0943,441.49,762.49,0.061,1,unstable
shopkeeper,1102.44,25,32,0.2345,856.18,1348.7,0.332,1,moderate
street_vendor,551.77,23,21,0.0834,466.67,636.87,0.149,0,unstable
street_vendor,395.72,23,13,0.0194,310.97,480.46,0.189,0,unstable
street_vendor,830.97,23,12,0.065,732.94,900.0,0.095,0,moderate
laborer,674.75,16,15,0.0,472.76,700.0,0.174,1,unstable
laborer,544.78,17,4,0.0588,445.76,643.81,0.065,0,unstable
street_vendor,284.76,22,31,0.0674,207.04,362.48,0.221,0,unstable
delivery_worker,831.04,22,46,0.1627,624.09,1037.99,0.702,0,moderate
laborer,511.72,10,5,0.0913,394.59,628.84,0.078,0,unstable
laborer,353.73,17,11,0.0315,248.68,458.78,0.116,0,unstable
laborer,568.38,18,10,0.0,487.03,649.72,0.166,0,unstable
driver,1500.69,19,32,0.0403,1197.78,1600.0,0.516,0,moderate
laborer,328.49,22,6,0.0216,292.22,364.77,0.198,0,unstable
street_vendor,289.19,25,22,0.1067,228.72,349.67,0.264,0,unstable
street_vendor,666.58,16,19,0.1316,483.83,849.33,0.179,0,unstable
shopkeeper,1763.68,28,48,0.2096,1585.31,1942.04,0.316,1,stable
shopkeeper,930.28,22,44,0.1875,769.59,1090.96,0.37,1,moderate
driver,1126.68,19,38,0.1658,964.07,1289.28,0.518,0,moderate
driver,1399.71,23,34,0.1369,1178.42,1600.0,0.382,1,moderate
delivery_worker,1144.87,25,40,0.1146,846.92,1442.81,0.765,0,moderate
driver,602.66,22,30,0.1387,521.58,683.74,0.743,0,moderate
street_vendor,887.43,26,16,0.0962,787.5,900.0,0.219,1,moderate
street_vendor,572.38,25,21,0.1174,474.3,670.46,0.323,1,unstable
delivery_worker,1570.92,23,43,0.2797,1118.98,1800.0,0.944,1,stable
delivery_worker,998.29,29,36,0.2735,773.79,1222.79,0.786,0,stable
street_vendor,543.43,21,19,0.0395,465.53,621.32,0.218,0,unstable
driver,1242.14,18,29,0.0753,1104.11,1380.18,0.468,1,moderate
driver,573.73,19,32,0.0943,500.0,733.88,0.651,0,unstable
delivery_worker,1535.95,30,37,0.1778,1235.56,1800.0,0.917,0,stable
street_vendor,342.21,26,15,0.0534,245.05,439.37,0.08,0,unstable
street_vendor,407.22,26,10,0.0696,295.57,518.87,0.257,0,moderate
delivery_worker,692.98,21,35,0.1527,601.14,784.82,0.542,1,moderate
street_vendor,263.59,29,20,0.0598,230.43,296.74,0.327,0,unstable
delivery_worker,1000.89,30,43,0.1875,846.27,1155.52,0.875,0,stable
driver,1246.31,21,36,0.1516,883.88,1600.0,0.784,0,moderate
street_vendor,416.83,16,28,0.1231,358.79,474.87,0.078,0,unstable
driver,925.87,19,30,0.1424,718.0,1133.75,0.524,0,moderate
delivery_worker,1161.44,22,40,0.2804,981.41,1341.48,0.624,1,stable
shopkeeper,1707.14,22,45,0.2792,1213.16,2000.0,0.719,1,stable
shopkeeper,1550.6,27,41,0.2825,1370.72,1730.48,0.464,0,stable
driver,993.85,22,29,0.1681,699.82,1287.88,0.743,0,moderate
delivery_worker,852.82,29,21,0.1321,661.05,1044.58,0.837,0,moderate
street_vendor,513.52,23,7,0.0816,430.41,596.64,0.277,0,unstable
driver,1464.53,23,26,0.0514,1158.87,1600.0,0.612,1,moderate
shopkeeper,1797.73,26,44,0.2415,1454.97,2000.0,0.448,0,stable
street_vendor,765.92,20,11,0.1421,664.83,867.01,0.275,0,moderate
street_vendor,767.57,26,18,0.0288,623.72,900.0,0.336,0,moderate
street_vendor,605.09,23,21,0.0598,466.31,743.87,0.189,0,unstable
street_vendor,304.37,27,22,0.0675,215.62,393.11,0.107,0,unstable
street_vendor,216.77,30,23,0.07,200.0,271.58,0.238,0,moderate
laborer,506.07,17,6,0.0172,399.87,612.27,0.045,0,unstable
laborer,508.24,20,9,0.0824,438.46,578.02,0.093,0,unstable
shopkeeper,1973.29,28,59,0.1826,1461.32,2000.0,0.629,1,stable
delivery_worker,1111.86,25,34,0.2348,959.33,1264.4,0.948,1,stable
driver,1020.34,20,35,0.2022,754.63,1286.05,0.474,0,moderate
driver,1154.47,23,28,0.1199,814.14,1494.79,0.607,1,moderate
driver,801.59,28,27,0.0938,703.23,899.96,0.681,0,moderate
laborer,251.29,22,10,0.0105,200.0,319.25,0.105,0,unstable
driver,531.09,23,26,0.1107,500.0,585.78,0.515,0,moderate
delivery_worker,765.63,20,47,0.1043,600.0,945.31,0.67,0,moderate
driver,1101.96,20,39,0.0398,940.82,1263.11,0.73,0,moderate
laborer,476.7,24,8,0.1001,394.49,558.91,0.027,0,unstable
laborer,442.39,25,12,0.037,388.79,495.99,0.119,0,unstable
driver,579.95,24,42,0.0,500.0,720.78,0.597,1,moderate
shopkeeper,1923.64,26,44,0.0701,1504.75,2000.0,0.653,1,stable
delivery_worker,951.4,28,33,0.2054,726.97,1175.84,0.531,1,moderate
street_vendor,828.76,21,11,0.046,649.52,900.0,0.235,0,unstable
shopkeeper,1989.08,24,74,0.3804,1399.03,2000.0,0.301,1,stable
laborer,237.64,19,9,0.0,210.39,264.89,0.161,0,unstable
shopkeeper,1136.12,22,54,0.2412,1003.8,1268.44,0.306,1,moderate
delivery_worker,1167.71,25,43,0.195,824.73,1510.7,0.65,0,moderate
laborer,251.42,25,12,0.0577,223.61,279.22,0.164,0,unstable
street_vendor,420.18,30,24,0.0868,331.01,509.35,0.345,0,moderate
driver,1339.73,20,40,0.142,1179.03,1500.43,0.605,1,moderate
laborer,662.02,18,10,0.0655,585.53,700.0,0.079,0,unstable
delivery_worker,1488.97,21,55,0.1999,1160.96,1800.0,0.596,1,stable
driver,821.01,21,23,0.2194,613.27,1028.74,0.341,1,moderate
street_vendor,499.22,23,19,0.1042,408.32,590.11,0.197,0,unstable
shopkeeper,824.37,25,51,0.2692,700.0,969.94,0.422,0,moderate
shopkeeper,1883.53,27,50,0.2634,1591.97,2000.0,0.557,0,stable
laborer,375.61,15,5,0.0771,314.47,436.75,0.096,1,unstable
street_vendor,205.81,25,17,0.0929,200.0,266.32,0.11,0,unstable
driver,1362.07,18,30,0.1517,1195.19,1528.96,0.741,0,moderate
street_vendor,439.82,24,11,0.0569,386.55,493.09,0.248,0,unstable
shopkeeper,1143.56,26,66,0.2085,877.82,1409.31,0.328,0,moderate
street_vendor,244.96,27,20,0.0393,210.96,278.97,0.211,1,unstable
laborer,605.58,14,9,0.0037,451.32,700.0,0.159,0,unstable
driver,1196.42,18,32,0.118,1064.76,1328.07,0.441,0,moderate
laborer,225.07,25,4,0.0157,200.0,265.43,0.184,0,unstable
delivery_worker,676.71,27,40,0.2292,600.0,841.11,0.725,1,moderate
shopkeeper,1292.94,22,46,0.347,1110.47,1475.4,0.729,1,stable
street_vendor,677.92,27,19,0.0571,482.58,873.26,0.23,1,moderate
street_vendor,574.87,28,18,0.1638,490.89,658.85,0.173,1,moderate
street_vendor,899.09,27,19,0.089,796.29,900.0,0.284,0,moderate
shopkeeper,1971.26,24,48,0.1254,1602.87,2000.0,0.59,0,stable
shopkeeper,1296.4,27,34,0.2326,1012.85,1579.95,0.376,0,stable
laborer,441.68,24,7,0.0219,368.21,515.14,0.17,0,unstable
laborer,656.62,20,10,0.0064,560.5,700.0,0.178,0,unstable
delivery_worker,618.5,28,31,0.1479,600.0,781.39,0.602,1,moderate
street_vendor,497.41,26,14,0.0291,418.93,575.89,0.115,1,unstable
shopkeeper,1416.73,24,62,0.3135,1103.52,1729.94,0.396,1,stable
driver,1249.67,20,19,0.1198,1037.36,1461.97,0.715,0,moderate
driver,741.73,21,23,0.198,657.94,825.51,0.497,1,moderate
laborer,313.13,17,12,0.0157,232.16,394.11,0.033,0,unstable
street_vendor,658.92,22,21,0.1036,521.59,796.25,0.292,1,moderate
street_vendor,330.77,24,17,0.0961,254.36,407.17,0.11,0,unstable
delivery_worker,985.62,25,40,0.0941,691.99,1279.25,0.857,1,moderate
street_vendor,527.66,30,11,0.0245,370.8,684.52,0.055,0,unstable
laborer,206.33,28,5,0.0679,200.0,227.01,0.055,0,unstable
driver,559.07,22,21,0.2376,500.0,650.02,0.428,1,moderate
driver,586.55,24,26,0.1311,500.0,695.2,0.603,0,moderate
driver,1207.22,18,29,0.2179,878.59,1535.86,0.607,0,moderate
driver,1251.26,18,31,0.2178,966.63,1535.9,0.689,1,moderate
delivery_worker,1413.82,28,34,0.1669,1017.33,1800.0,0.762,1,moderate
driver,1564.05,22,16,0.2233,1153.83,1600.0,0.317,0,moderate
laborer,393.92,23,12,0.0218,346.57,441.28,0.058,0,unstable
laborer,673.96,15,11,0.0843,509.94,700.0,0.09,0,unstable
delivery_worker,690.39,23,58,0.3216,617.0,763.77,0.625,1,moderate
shopkeeper,1311.99,29,47,0.3241,1078.87,1545.11,0.552,0,stable
delivery_worker,1639.48,22,30,0.1978,1183.57,1800.0,0.537,1,moderate
street_vendor,308.97,26,21,0.1013,239.12,378.83,0.332,1,moderate
street_vendor,416.84,26,16,0.1595,355.12,478.56,0.197,1,moderate
driver,570.62,23,22,0.1991,500.0,689.07,0.661,0,moderate
laborer,405.95,28,6,0.0095,304.75,507.15,0.05,1,unstable
street_vendor,685.38,16,12,0.0604,491.13,879.62,0.136,0,unstable
laborer,345.33,27,10,0.0765,294.66,395.99,0.14,0,unstable
laborer,422.92,12,11,0.0758,351.32,494.53,0.078,1,unstable
driver,578.99,20,30,0.2338,510.17,647.8,0.447,0,moderate
delivery_worker,1494.56,22,49,0.2396,1271.62,1717.5,0.679,1,stable
street_vendor,564.89,19,20,0.0443,404.3,725.48,0.227,0,unstable
street_vendor,560.46,30,21,0.1539,413.18,707.75,0.095,0,moderate
delivery_worker,1723.09,19,39,0.2376,1503.58,1800.0,0.563,0,stable
laborer,290.49,24,2,0.0302,215.12,365.85,0.048,1,unstable
delivery_worker,1394.27,25,37,0.1619,1101.35,1687.19,0.752,1,moderate
laborer,651.87,20,11,0.0584,468.42,700.0,0.166,0,unstable
driver,1126.68,19,21,0.0727,945.04,1308.31,0.429,0,moderate
delivery_worker,879.66,26,41,0.1967,688.13,1071.19,0.8,0,moderate
delivery_worker,1185.54,24,44,0.1951,1022.75,1348.33,0.579,1,stable
delivery_worker,633.94,23,49,0.2121,600.0,714.71,0.668,0,moderate
driver,734.68,23,21,0.2794,613.4,855.96,0.681,0,moderate
laborer,513.82,13,6,0.0,366.32,661.31,0.149,0,unstable
driver,696.39,14,22,0.142,574.36,818.41,0.64,0,unstable
street_vendor,295.32,30,25,0.09,251.0,339.64,0.061,0,moderate
shopkeeper,1291.38,24,43,0.265,1069.46,1513.3,0.662,1,stable
street_vendor,671.82,23,14,0.0845,546.19,797.45,0.259,1,unstable
shopkeeper,1762.21,24,36,0.4,1295.24,2000.0,0.394,0,stable
laborer,348.89,17,11,0.0,310.13,387.65,0.046,0,unstable
street_vendor,301.26,20,16,0.0274,234.31,368.21,0.162,0,unstable
laborer,350.3,17,9,0.0801,269.26,431.33,0.055,0,unstable
shopkeeper,1810.2,23,48,0.0814,1422.22,2000.0,0.722,0,moderate
delivery_worker,700.68,23,35,0.0814,600.0,843.15,0.895,0,moderate
delivery_worker,1001.06,26,52,0.0755,859.33,1142.79,0.65,0,moderate
delivery_worker,1224.11,24,55,0.1882,1003.6,1444.62,0.653,1,moderate
delivery_worker,1301.92,26,43,0.1337,998.52,1605.32,0.931,1,stable
shopkeeper,1510.23,25,32,0.2379,1157.96,1862.51,0.628,0,stable
driver,1108.27,18,21,0.1664,889.15,1327.39,0.384,0,moderate
laborer,387.52,30,14,0.0493,340.48,434.56,0.18,1,unstable
driver,1474.93,22,38,0.2404,1247.35,1600.0,0.693,0,stable
shopkeeper,1418.57,26,49,0.3157,1002.18,1834.96,0.444,0,stable
shopkeeper,772.76,25,54,0.2736,700.0,928.3,0.464,1,moderate
street_vendor,508.38,23,23,0.1061,404.72,612.03,0.186,0,unstable
delivery_worker,1240.46,28,49,0.1336,1032.44,1448.49,0.576,1,stable
shopkeeper,1067.41,26,39,0.1317,816.91,1317.92,0.514,1,moderate
street_vendor,819.13,28,17,0.0047,723.23,900.0,0.176,0,moderate
laborer,686.63,24,8,0.0706,495.32,700.0,0.031,1,unstable
shopkeeper,1253.93,23,57,0.2839,945.32,1562.54,0.658,1,moderate
street_vendor,887.59,24,20,0.0416,673.03,900.0,0.105,0,moderate
delivery_worker,711.91,27,37,0.1495,600.0,914.22,0.909,0,moderate
driver,582.44,21,34,0.1391,511.35,653.53,0.646,0,moderate
shopkeeper,1176.39,25,56,0.1906,1048.59,1304.2,0.533,0,moderate
shopkeeper,1661.24,25,51,0.2513,1434.97,1887.52,0.674,1,stable
shopkeeper,1238.56,28,52,0.2297,872.64,1604.48,0.524,1,stable
laborer,220.01,21,7,0.02,200.0,250.85,0.075,0,unstable
shopkeeper,1246.7,26,46,0.0315,1097.38,1396.02,0.567,0,moderate
shopkeeper,1256.0,29,72,0.1428,969.35,1542.65,0.339,0,moderate
driver,1579.46,21,35,0.1569,1257.78,1600.0,0.437,1,moderate
shopkeeper,1767.11,24,42,0.2932,1492.95,2000.0,0.347,0,stable
street_vendor,453.15,28,28,0.0926,353.33,552.97,0.171,0,moderate
laborer,290.53,22,10,0.0699,229.85,351.21,0.167,0,unstable
driver,1423.31,19,25,0.2827,1012.12,1600.0,0.414,1,moderate
street_vendor,440.05,23,13,0.1612,310.78,569.33,0.108,0,unstable
street_vendor,318.89,22,7,0.0474,280.22,357.56,0.11,0,unstable
delivery_worker,1455.09,22,47,0.1649,1124.8,1785.39,0.936,1,stable
driver,745.31,21,23,0.1986,592.43,898.2,0.465,0,moderate
delivery_worker,1750.56,30,36,0.1886,1503.38,1800.0,0.53,0,stable
street_vendor,273.46,24,11,0.0328,244.89,302.03,0.25,1,unstable
driver,1174.8,23,23,0.1343,960.53,1389.08,0.356,0,moderate
laborer,672.17,24,13,0.0431,522.84,700.0,0.185,1,unstable
delivery_worker,1245.18,24,30,0.187,972.96,1517.4,0.643,1,stable
driver,935.24,27,34,0.0,806.44,1064.04,0.494,0,moderate
delivery_worker,863.24,28,35,0.2849,650.16,1076.33,0.634,1,moderate
shopkeeper,821.18,25,49,0.3159,731.52,910.84,0.368,0,stable
laborer,677.45,20,8,0.0918,479.79,700.0,0.033,0,unstable
driver,1114.55,22,31,0.0751,813.63,1415.47,0.302,0,moderate
street_vendor,588.86,21,22,0.0805,432.82,744.9,0.238,0,unstable
shopkeeper,892.79,24,56,0.2168,700.0,1134.8,0.407,0,moderate
street_vendor,787.74,21,19,0.0776,652.19,900.0,0.285,0,moderate
shopkeeper,1270.39,29,42,0.1945,1083.88,1456.9,0.273,1,moderate
laborer,613.72,17,11,0.0579,549.32,678.12,0.063,0,unstable
shopkeeper,1967.63,25,47,0.2565,1392.19,2000.0,0.613,0,stable
delivery_worker,1003.29,22,34,0.3643,868.9,1137.69,0.828,1,stable
shopkeeper,1140.23,24,39,0.1986,959.28,1321.18,0.268,1,moderate
driver,1321.45,19,39,0.2165,1103.28,1539.61,0.591,0,moderate
delivery_worker,625.73,23,30,0.2054,600.0,780.74,0.82,1,moderate
driver,1093.46,18,38,0.1328,833.01,1353.9,0.686,1,moderate
laborer,510.56,22,10,0.0403,435.48,585.65,0.072,1,unstable
delivery_worker,1239.02,27,29,0.1321,1086.8,1391.23,0.937,0,stable
shopkeeper,1154.55,23,51,0.3198,1017.66,1291.44,0.558,0,stable
shopkeeper,1403.34,26,50,0.2811,1002.75,1803.93,0.403,1,stable
delivery_worker,823.87,22,40,0.1733,636.63,1011.11,0.899,0,moderate
driver,1249.69,17,17,0.2982,1039.98,1459.39,0.63,1,moderate
laborer,446.65,21,9,0.0275,375.54,517.76,0.112,0,unstable
delivery_worker,1100.0,22,35,0.2371,826.35,1373.66,0.677,1,moderate
driver,1416.14,25,20,0.0227,1261.97,1570.32,0.57,1,moderate
street_vendor,501.5,30,16,0.1024,401.03,601.97,0.31,0,moderate
driver,522.37,20,35,0.1017,500.0,650.32,0.478,1,moderate
driver,850.1,17,32,0.1314,659.49,1040.72,0.706,0,moderate
driver,1438.0,22,28,0.311,1223.12,1600.0,0.75,0,stable
driver,1197.9,17,26,0.2641,895.06,1500.74,0.523,1,moderate
street_vendor,625.15,19,20,0.0707,539.48,710.82,0.119,0,unstable
street_vendor,238.47,22,12,0.2201,206.2,270.74,0.064,1,unstable
shopkeeper,1984.49,25,23,0.1526,1524.55,2000.0,0.575,0,stable
laborer,292.07,13,8,0.0352,213.77,370.36,0.027,1,unstable
driver,1509.03,23,34,0.185,1219.47,1600.0,0.735,0,moderate
delivery_worker,1015.79,27,31,0.097,756.89,1274.7,0.549,0,moderate
street_vendor,403.7,25,17,0.1367,321.3,486.11,0.307,0,moderate
shopkeeper,1191.62,24,52,0.2436,894.25,1488.99,0.364,0,moderate
delivery_worker,1065.1,23,44,0.212,835.84,1294.36,0.902,1,moderate
street_vendor,494.48,29,24,0.0443,362.67,626.29,0.247,0,unstable
driver,1082.89,21,17,0.1717,791.93,1373.85,0.425,1,moderate
shopkeeper,1312.63,23,53,0.172,1174.34,1450.92,0.464,0,moderate
shopkeeper,1603.07,24,52,0.3771,1440.17,1765.98,0.369,1,stable
laborer,628.05,21,8,0.0,544.21,700.0,0.148,0,unstable
laborer,663.87,27,6,0.0769,584.94,700.0,0.05,1,moderate
street_vendor,284.71,19,25,0.0923,203.28,366.14,0.15,0,unstable
shopkeeper,1343.44,27,60,0.2253,954.99,1731.89,0.483,0,stable
driver,783.08,20,18,0.1143,662.51,903.64,0.365,0,moderate
shopkeeper,1425.76,24,59,0.1534,1037.56,1813.95,0.708,1,stable
delivery_worker,1072.41,25,23,0.1618,900.23,1244.59,0.669,0,moderate
laborer,617.13,25,9,0.0774,517.87,700.0,0.125,0,moderate
laborer,629.68,14,12,0.0,553.92,700.0,0.166,1,unstable
driver,1383.22,23,24,0.1523,1134.34,1600.0,0.332,1,moderate
street_vendor,620.75,20,10,0.0,489.64,751.87,0.118,0,unstable
driver,1548.58,22,35,0.2546,1130.32,1600.0,0.457,0,stable
street_vendor,878.06,24,21,0.0446,672.22,900.0,0.139,1,moderate
delivery_worker,1733.01,23,25,0.0196,1500.89,1800.0,0.75,1,moderate
driver,557.4,18,25,0.1123,500.0,717.85,0.536,0,unstable
street_vendor,212.9,30,12,0.0594,200.0,240.49,0.217,0,moderate
shopkeeper,1123.89,23,70,0.2142,981.48,1266.3,0.305,1,moderate
shopkeeper,723.12,22,48,0.246,700.0,800.29,0.477,1,moderate
shopkeeper,1346.42,28,48,0.2103,1200.89,1491.95,0.322,0,stable
shopkeeper,1559.87,25,69,0.3445,1139.35,1980.39,0.506,1,stable
street_vendor,651.57,27,24,0.1589,513.76,789.37,0.266,0,moderate
driver,1071.72,17,27,0.1773,818.41,1325.03,0.481,1,moderate
delivery_worker,842.16,25,32,0.2365,746.06,938.26,0.774,0,stable
delivery_worker,1165.48,19,35,0.1619,844.66,1486.31,0.938,0,moderate
street_vendor,461.28,22,8,0.0559,333.16,589.4,0.332,0,unstable
delivery_worker,1612.4,23,45,0.2003,1285.96,1800.0,0.631,0,stable
driver,1039.53,22,24,0.1856,927.3,1151.75,0.616,1,moderate
driver,1541.55,20,27,0.1567,1297.46,1600.0,0.671,0,moderate
laborer,437.36,21,3,0.0649,384.0,490.72,0.196,0,unstable
laborer,406.5,18,11,0.0279,353.54,459.45,0.12,0,unstable
laborer,357.16,17,16,0.0406,315.39,398.92,0.06,1,unstable
street_vendor,863.06,21,15,0.016,612.05,900.0,0.337,0,unstable
shopkeeper,1641.21,23,45,0.2034,1416.05,1866.37,0.578,0,stable
driver,604.43,19,35,0.1357,505.44,703.41,0.424,1,moderate
street_vendor,334.93,22,22,0.0533,262.93,406.92,0.105,0,unstable
shopkeeper,717.76,25,67,0.2342,700.0,858.68,0.629,1,moderate
shopkeeper,1438.67,24,58,0.2688,1060.53,1816.81,0.69,0,stable
shopkeeper,1227.18,27,61,0.1129,964.86,1489.49,0.381,1,moderate
delivery_worker,1450.95,22,48,0.2557,1281.26,1620.64,0.613,1,stable
delivery_worker,1354.63,25,44,0.1779,1012.68,1696.59,0.859,1,stable
laborer,397.97,22,7,0.035,336.57,459.37,0.165,1,unstable
street_vendor,418.75,17,20,0.0759,362.27,475.24,0.246,1,unstable
driver,693.06,16,29,0.1741,589.49,796.63,0.599,1,moderate
driver,1039.51,21,25,0.0783,920.15,1158.87,0.644,0,moderate
driver,935.21,21,43,0.1318,724.87,1145.55,0.364,0,moderate
delivery_worker,934.87,21,37,0.1515,811.25,1058.49,0.739,1,moderate
laborer,269.89,29,12,0.0341,211.41,328.37,0.033,0,unstable
street_vendor,567.0,19,12,0.1144,464.0,670.0,0.267,0,unstable
driver,1378.62,20,23,0.3063,1169.87,1587.38,0.691,1,moderate
delivery_worker,1371.81,22,38,0.0292,992.59,1751.04,0.803,0,moderate
street_vendor,539.93,24,14,0.0946,435.59,644.26,0.126,0,moderate
shopkeeper,1570.93,27,37,0.2688,1409.61,1732.24,0.396,0,stable
laborer,476.47,22,6,0.0599,362.45,590.5,0.193,1,unstable
laborer,327.44,25,11,0.0,241.41,413.47,0.186,1,unstable
laborer,628.07,21,13,0.0578,536.26,700.0,0.105,0,unstable
shopkeeper,1746.07,25,59,0.1724,1314.27,2000.0,0.529,1,stable
driver,542.83,20,32,0.2325,500.0,601.02,0.479,0,moderate
delivery_worker,684.24,21,44,0.2578,600.0,886.81,0.693,0,moderate
laborer,275.37,23,9,0.0469,232.47,318.26,0.063,0,unstable
driver,585.92,24,30,0.1378,500.0,694.6,0.623,1,moderate
shopkeeper,1055.4,24,59,0.2938,827.98,1282.82,0.732,0,moderate
delivery_worker,1514.68,25,25,0.2056,1205.56,1800.0,0.855,1,stable
delivery_worker,1319.62,25,31,0.1111,1099.99,1539.25,0.932,1,moderate
shopkeeper,712.46,26,41,0.1795,700.0,824.15,0.681,1,moderate
shopkeeper,1890.4,23,67,0.173,1513.1,2000.0,0.287,1,stable
delivery_worker,1382.37,29,23,0.2071,1109.51,1655.23,0.874,0,stable
shopkeeper,1030.64,26,39,0.1659,768.34,1292.95,0.722,1,moderate
delivery_worker,1758.47,23,48,0.0973,1530.13,1800.0,0.763,1,stable
delivery_worker,1388.87,23,52,0.1571,1245.64,1532.11,0.9,1,stable
laborer,487.18,16,3,0.0054,363.6,610.77,0.025,1,unstable
delivery_worker,1352.22,25,34,0.1059,1197.09,1507.36,0.535,1,moderate
street_vendor,837.89,19,25,0.1244,750.87,900.0,0.117,0,moderate
shopkeeper,1339.52,29,52,0.2166,985.21,1693.84,0.635,0,moderate
shopkeeper,1368.62,26,53,0.2151,1102.1,1635.15,0.649,1,stable
street_vendor,581.9,24,20,0.0701,502.78,661.02,0.094,0,unstable
shopkeeper,1470.84,27,27,0.2618,1288.24,1653.44,0.736,1,stable
street_vendor,330.84,21,13,0.1283,267.65,394.02,0.056,0,unstable
driver,1552.26,23,29,0.2265,1275.56,1600.0,0.581,0,stable
delivery_worker,1426.64,27,50,0.243,1028.6,1800.0,0.631,1,stable
street_vendor,748.09,17,19,0.0981,628.89,867.29,0.106,0,unstable
delivery_worker,939.0,28,34,0.1672,784.35,1093.65,0.944,1,moderate
shopkeeper,1561.25,23,66,0.3148,1289.21,1833.29,0.595,1,stable
laborer,528.45,24,9,0.0336,446.01,610.88,0.098,0,unstable
street_vendor,693.38,22,17,0.1128,581.21,805.54,0.155,0,moderate
driver,1091.09,27,48,0.1632,879.59,1302.6,0.63,1,moderate
laborer,270.37,24,11,0.0026,234.86,305.88,0.156,0,unstable
shopkeeper,1844.76,25,45,0.2343,1436.39,2000.0,0.498,1,stable
delivery_worker,972.84,23,29,0.2502,706.21,1239.48,0.92,0,moderate
driver,851.32,23,28,0.1304,666.35,1036.29,0.347,1,moderate
delivery_worker,1650.22,19,57,0.2139,1370.62,1800.0,0.633,0,stable
laborer,410.03,19,15,0.0481,364.01,456.05,0.038,1,unstable
delivery_worker,784.36,26,56,0.2497,600.0,982.71,0.845,0,moderate
street_vendor,769.28,23,23,0.0736,593.47,900.0,0.328,1,moderate
delivery_worker,661.87,26,36,0.1154,600.0,854.96,0.536,1,moderate
laborer,324.95,18,13,0.0,260.7,389.19,0.114,0,unstable
shopkeeper,1373.06,26,42,0.2354,1233.35,1512.78,0.714,0,stable
driver,1532.99,21,19,0.1528,1296.33,1600.0,0.703,0,moderate
delivery_worker,1621.55,23,42,0.2708,1318.85,1800.0,0.868,0,stable
shopkeeper,1087.21,25,64,0.1994,771.96,1402.45,0.487,0,moderate
street_vendor,710.78,22,21,0.0,609.93,811.63,0.102,0,unstable
shopkeeper,950.81,26,49,0.1106,816.96,1084.67,0.649,0,moderate
delivery_worker,1671.85,28,52,0.3109,1291.82,1800.0,0.531,0,stable
street_vendor,744.47,22,21,0.1188,633.51,855.43,0.294,1,moderate
driver,1051.36,23,22,0.2995,798.01,1304.7,0.373,1,moderate
delivery_worker,845.34,23,34,0.0844,720.45,970.23,0.794,1,moderate
street_vendor,743.18,28,27,0.0,561.95,900.0,0.139,1,unstable
laborer,269.04,13,8,0.0321,235.02,303.06,0.075,0,unstable
driver,1136.32,19,12,0.0805,798.24,1474.4,0.372,0,moderate
delivery_worker,1784.17,23,37,0.1009,1589.73,1800.0,0.584,1,stable
street_vendor,290.37,20,11,0.0723,234.82,345.92,0.345,0,unstable
shopkeeper,1839.36,24,60,0.2525,1345.23,2000.0,0.288,1,stable
shopkeeper,1986.03,26,58,0.2314,1481.74,2000.0,0.712,0,stable
shopkeeper,1797.05,29,51,0.2741,1375.46,2000.0,0.399,1,stable
delivery_worker,1595.43,26,51,0.0803,1168.96,1800.0,0.504,0,stable
street_vendor,261.2,20,34,0.1058,202.13,320.27,0.328,1,unstable
delivery_worker,1528.07,24,34,0.1464,1359.36,1696.79,0.518,0,stable
street_vendor,764.28,24,24,0.0926,620.93,900.0,0.233,1,moderate
street_vendor,629.14,26,25,0.0827,487.17,771.1,0.252,1,moderate
driver,918.63,23,23,0.1568,685.41,1151.85,0.798,0,moderate
laborer,210.54,18,12,0.0319,200.0,267.75,0.138,0,unstable
delivery_worker,987.07,30,42,0.1622,804.57,1169.57,0.657,1,moderate
delivery_worker,1672.87,26,40,0.2135,1339.42,1800.0,0.668,1,stable
laborer,297.52,19,13,0.0803,260.96,334.07,0.194,0,unstable
driver,767.69,23,27,0.0534,684.76,850.62,0.745,0,moderate
shopkeeper,812.68,26,56,0.0289,700.0,1034.1,0.707,0,moderate
laborer,331.08,20,6,0.0485,283.88,378.28,0.033,0,unstable
laborer,219.97,18,7,0.0068,200.0,278.71,0.177,0,unstable
street_vendor,353.33,20,25,0.0643,312.91,393.74,0.154,0,unstable
delivery_worker,1498.27,29,40,0.135,1078.09,1800.0,0.515,1,moderate
delivery_worker,1662.34,25,46,0.1638,1375.89,1800.0,0.677,1,stable
driver,1044.4,20,29,0.1895,841.5,1247.3,0.693,0,moderate
street_vendor,813.89,15,17,0.0,698.54,900.0,0.298,0,unstable
delivery_worker,1228.43,21,39,0.13,864.22,1592.65,0.848,1,moderate
delivery_worker,1333.84,23,48,0.2473,1136.57,1531.1,0.583,1,stable
driver,958.3,16,49,0.1927,794.69,1121.9,0.583,0,moderate
shopkeeper,1100.07,27,55,0.1738,962.25,1237.9,0.499,1,moderate
street_vendor,661.64,17,16,0.0861,589.97,733.31,0.19,0,unstable
laborer,425.61,17,15,0.0968,370.36,480.86,0.082,0,unstable
shopkeeper,1981.2,26,45,0.1816,1576.31,2000.0,0.491,1,stable
driver,1008.79,20,39,0.093,823.38,1194.19,0.667,0,moderate
delivery_worker,1582.97,25,52,0.176,1248.74,1800.0,0.921,0,stable
driver,936.19,20,24,0.1331,657.04,1215.35,0.684,0,moderate
driver,1356.78,20,44,0.1587,1049.86,1600.0,0.495,0,moderate
shopkeeper,1580.35,28,51,0.1665,1201.76,1958.94,0.639,1,stable
driver,1478.14,17,36,0.1301,1227.92,1600.0,0.532,0,moderate
shopkeeper,1132.59,24,54,0.2432,956.66,1308.52,0.345,0,stable
driver,1162.9,23,24,0.0401,1003.69,1322.1,0.65,0,moderate
street_vendor,572.56,26,24,0.0479,427.32,717.81,0.314,0,unstable
street_vendor,775.65,28,19,0.0058,613.34,900.0,0.161,0,unstable
delivery_worker,1170.95,28,51,0.2101,858.05,1483.86,0.649,0,moderate
driver,650.81,23,31,0.07,515.64,785.98,0.624,1,moderate
shopkeeper,1348.11,26,47,0.2656,977.2,1719.01,0.453,0,stable
laborer,462.35,16,7,0.0631,414.06,510.65,0.162,1,unstable
shopkeeper,1149.08,25,55,0.1851,859.22,1438.94,0.654,0,moderate
street_vendor,334.92,25,16,0.0316,281.17,388.68,0.111,0,unstable
shopkeeper,1992.86,30,65,0.221,1788.78,2000.0,0.522,1,stable
delivery_worker,922.69,27,34,0.1716,820.08,1025.29,0.748,1,stable
delivery_worker,1240.32,23,29,0.1237,1082.98,1397.67,0.66,1,moderate
shopkeeper,1890.17,26,57,0.4,1378.88,2000.0,0.715,0,stable
delivery_worker,1763.2,26,30,0.1543,1542.66,1800.0,0.528,0,stable
delivery_worker,1642.64,25,42,0.2435,1361.01,1800.0,0.863,1,stable
street_vendor,279.38,30,8,0.0431,227.21,331.55,0.208,0,unstable
street_vendor,507.87,21,30,0.0984,378.68,637.07,0.267,1,unstable
shopkeeper,1441.84,25,46,0.2032,1042.68,1840.99,0.479,0,stable
laborer,299.66,23,16,0.0,265.78,333.54,0.17,0,unstable
delivery_worker,918.18,28,39,0.1946,823.26,1013.1,0.7,0,stable
laborer,569.91,24,1,0.0224,451.58,688.24,0.133,0,unstable
street_vendor,347.48,20,15,0.1574,254.57,440.39,0.34,0,unstable
street_vendor,858.24,21,18,0.0423,748.28,900.0,0.137,0,moderate
delivery_worker,1406.39,24,23,0.0671,992.7,1800.0,0.766,1,moderate
laborer,423.36,20,10,0.0354,350.31,496.41,0.08,1,unstable
street_vendor,415.56,20,16,0.1776,350.85,480.27,0.239,0,moderate
laborer,426.0,20,8,0.1023,339.18,512.83,0.146,0,unstable
street_vendor,492.42,21,12,0.0485,368.31,616.52,0.119,0,unstable
laborer,599.09,13,3,0.112,444.93,700.0,0.17,0,unstable
driver,1324.2,25,29,0.2901,1139.84,1508.57,0.594,0,stable
delivery_worker,941.47,25,43,0.1286,738.97,1143.98,0.829,1,moderate
driver,1243.37,21,21,0.1249,1015.91,1470.83,0.492,0,moderate
laborer,587.11,13,7,0.0713,457.12,700.0,0.124,0,unstable
street_vendor,493.89,20,17,0.063,356.61,631.16,0.078,0,unstable
street_vendor,252.83,30,11,0.0867,224.08,281.59,0.052,0,unstable
driver,650.94,24,34,0.1793,564.95,736.93,0.316,1,moderate
laborer,328.78,10,12,0.109,260.14,397.43,0.091,1,unstable
laborer,590.39,20,16,0.0666,488.39,692.38,0.186,0,unstable
driver,1062.66,22,29,0.2008,899.93,1225.39,0.364,1,moderate
delivery_worker,752.46,19,47,0.2205,601.59,903.34,0.665,0,moderate
shopkeeper,1330.98,26,45,0.1526,1144.36,1517.61,0.319,0,moderate
delivery_worker,659.03,19,35,0.1005,600.0,783.07,0.853,1,moderate
street_vendor,613.94,24,10,0.1553,464.67,763.21,0.201,0,moderate
laborer,638.77,26,7,0.0,561.64,700.0,0.094,0,moderate
street_vendor,899.86,20,15,0.0578,721.15,900.0,0.063,0,unstable
driver,1099.03,25,36,0.0933,944.01,1254.04,0.795,1,moderate
shopkeeper,1689.04,23,57,0.2763,1367.2,2000.0,0.584,0,stable
street_vendor,857.45,21,10,0.1161,672.25,900.0,0.103,1,unstable
laborer,541.48,26,16,0.0499,460.14,622.82,0.121,1,unstable
laborer,292.79,22,3,0.0,250.67,334.91,0.032,1,unstable
delivery_worker,1781.26,25,58,0.1873,1436.21,1800.0,0.587,0,stable
laborer,336.19,20,9,0.0913,246.63,425.76,0.108,0,unstable
street_vendor,651.81,18,24,0.1019,463.11,840.51,0.165,0,unstable
driver,1455.74,20,30,0.1795,1189.38,1600.0,0.658,0,moderate
laborer,271.66,14,9,0.0,220.29,323.02,0.177,0,unstable
street_vendor,258.79,30,17,0.1004,200.0,330.75,0.121,0,unstable
driver,518.55,19,28,0.1286,500.0,586.13,0.35,0,moderate
street_vendor,220.33,22,18,0.082,200.0,269.58,0.063,0,unstable
street_vendor,253.79,27,16,0.1816,208.47,299.12,0.165,1,moderate
driver,769.43,21,32,0.0303,677.08,861.79,0.413,0,moderate
street_vendor,519.9,28,16,0.209,426.3,613.5,0.141,0,moderate
laborer,534.75,16,9,0.0601,478.42,591.08,0.176,0,unstable
delivery_worker,683.93,21,28,0.1982,600.0,809.65,0.844,0,moderate
delivery_worker,1684.01,26,35,0.23,1512.75,1800.0,0.526,0,stable
street_vendor,598.33,25,30,0.0951,534.23,662.43,0.107,1,moderate
street_vendor,648.24,22,22,0.0612,522.7,773.78,0.058,1,unstable
street_vendor,388.54,25,14,0.1629,286.02,491.06,0.26,0,moderate
delivery_worker,1452.17,27,44,0.3212,1085.74,1800.0,0.611,0,stable
delivery_worker,909.09,25,52,0.0013,757.56,1060.63,0.702,1,moderate
street_vendor,409.01,29,19,0.0383,355.11,462.92,0.335,0,unstable
shopkeeper,1124.78,28,40,0.2237,947.17,1302.4,0.309,1,stable
street_vendor,742.31,25,4,0.0931,591.79,892.83,0.344,1,moderate
laborer,341.96,12,7,0.0,291.14,392.77,0.167,0,unstable
delivery_worker,842.66,26,62,0.0869,666.89,1018.43,0.72,1,moderate
shopkeeper,1734.23,25,50,0.2911,1295.96,2000.0,0.679,1,stable
delivery_worker,1231.82,23,25,0.1516,975.74,1487.9,0.873,0,moderate
delivery_worker,824.2,22,39,0.2387,639.64,1008.77,0.547,1,moderate
driver,913.37,21,29,0.1511,716.51,1110.24,0.537,0,moderate
delivery_worker,787.03,25,33,0.2351,678.54,895.52,0.86,1,moderate
street_vendor,223.23,26,14,0.1119,200.0,268.64,0.285,1,unstable
shopkeeper,1740.21,26,61,0.2593,1342.83,2000.0,0.537,1,stable
laborer,518.32,22,5,0.045,435.6,601.04,0.02,0,unstable
delivery_worker,1034.58,24,37,0.0165,775.46,1293.7,0.683,0,moderate
laborer,378.07,19,13,0.1169,267.39,488.75,0.145,0,unstable
delivery_worker,1459.6,25,50,0.1476,1022.34,1800.0,0.814,0,stable
laborer,362.92,19,10,0.0,269.6,456.23,0.198,0,unstable
delivery_worker,873.98,29,33,0.1953,719.84,1028.13,0.772,0,moderate
street_vendor,795.25,25,16,0.1048,704.97,885.54,0.285,0,moderate
street_vendor,235.42,29,19,0.0048,200.0,300.99,0.243,1,unstable
driver,1573.85,27,35,0.2381,1262.81,1600.0,0.317,1,stable
street_vendor,528.75,24,13,0.1579,467.78,589.73,0.132,1,unstable
shopkeeper,1635.78,28,25,0.2671,1199.42,2000.0,0.256,1,stable
street_vendor,650.94,18,24,0.0499,466.31,835.58,0.229,0,unstable
shopkeeper,1217.89,25,63,0.2571,1018.38,1417.4,0.59,1,stable
driver,544.57,18,33,0.2034,500.0,670.49,0.715,1,moderate
street_vendor,822.22,24,20,0.042,687.02,900.0,0.19,0,moderate
delivery_worker,779.52,22,48,0.1375,600.0,986.24,0.914,1,moderate
delivery_worker,1038.06,30,43,0.107,767.7,1308.42,0.88,1,moderate
laborer,666.14,21,6,0.0896,566.14,700.0,0.077,0,moderate
laborer,573.95,18,12,0.0929,452.64,695.26,0.047,0,unstable
delivery_worker,1179.38,27,51,0.1013,977.54,1381.22,0.597,0,moderate
driver,1528.55,20,31,0.1209,1202.91,1600.0,0.608,0,moderate
shopkeeper,1474.15,27,41,0.2131,1113.07,1835.24,0.649,1,stable
shopkeeper,1610.86,25,50,0.4,1442.38,1779.33,0.479,1,stable
delivery_worker,1161.38,26,20,0.119,972.91,1349.85,0.755,1,moderate
street_vendor,892.06,23,11,0.1057,713.49,900.0,0.101,0,moderate
delivery_worker,1042.66,30,44,0.2551,877.13,1208.19,0.904,0,stable
street_vendor,718.57,21,18,0.0376,526.51,900.0,0.271,0,unstable
street_vendor,867.5,24,11,0.1041,748.98,900.0,0.234,0,moderate
driver,1294.53,25,21,0.053,954.05,1600.0,0.576,1,moderate
laborer,395.02,19,8,0.0471,291.54,498.49,0.03,0,unstable
shopkeeper,1948.78,27,47,0.2955,1485.59,2000.0,0.633,1,stable
delivery_worker,1174.44,26,49,0.1294,1013.28,1335.61,0.902,0,stable
delivery_worker,1158.21,24,34,0.3411,1022.35,1294.07,0.503,0,stable
laborer,381.97,16,5,0.0541,278.98,484.96,0.164,0,unstable
driver,1080.18,22,24,0.1817,861.0,1299.36,0.442,0,moderate
driver,1088.3,21,16,0.1004,849.67,1326.93,0.324,0,moderate
shopkeeper,1669.92,23,58,0.0642,1278.92,2000.0,0.301,1,moderate
street_vendor,444.21,23,10,0.0873,328.29,560.12,0.289,1,unstable
shopkeeper,1047.37,21,52,0.2071,893.77,1200.97,0.687,0,moderate
laborer,639.17,14,11,0.0018,550.21,700.0,0.103,0,unstable
laborer,597.31,19,12,0.0598,447.83,700.0,0.04,0,unstable
delivery_worker,849.47,20,51,0.2921,697.15,1001.79,0.819,0,moderate
laborer,257.15,16,12,0.0591,216.46,297.83,0.127,0,unstable
shopkeeper,1043.97,25,58,0.3033,895.71,1192.22,0.59,0,stable
shopkeeper,1432.65,24,34,0.189,1078.59,1786.72,0.523,0,stable
laborer,699.96,23,14,0.0402,569.03,700.0,0.165,0,unstable
driver,1009.55,24,32,0.0662,843.19,1175.91,0.789,0,moderate
laborer,403.62,10,6,0.0557,361.16,446.09,0.17,0,unstable
shopkeeper,1298.66,25,56,0.2591,1057.32,1540.01,0.348,1,moderate
street_vendor,218.22,25,14,0.1184,200.0,250.39,0.269,1,unstable
delivery_worker,1074.35,23,26,0.1347,755.66,1393.04,0.72,1,moderate
delivery_worker,1433.86,24,35,0.1833,1056.01,1800.0,0.779,1,moderate
delivery_worker,1339.63,26,35,0.2325,1022.13,1657.13,0.912,1,stable
street_vendor,774.02,17,21,0.1135,695.15,852.89,0.329,1,unstable
delivery_worker,878.38,26,30,0.1209,631.78,1124.98,0.628,0,moderate
shopkeeper,1808.06,26,49,0.4,1371.4,2000.0,0.399,1,stable
street_vendor,486.35,22,10,0.0527,434.94,537.76,0.227,0,unstable
driver,585.91,21,40,0.0957,500.0,755.03,0.501,1,moderate
shopkeeper,1697.76,29,48,0.1138,1503.79,1891.73,0.63,0,stable
street_vendor,845.89,21,6,0.0852,697.66,900.0,0.127,0,moderate
shopkeeper,1141.55,29,41,0.2393,929.64,1353.45,0.486,0,stable
laborer,520.49,23,15,0.0432,462.13,578.84,0.076,0,unstable
driver,1500.42,18,36,0.1276,1099.24,1600.0,0.576,1,moderate
shopkeeper,877.1,24,66,0.343,757.62,996.57,0.525,1,stable
laborer,385.56,21,9,0.0592,339.55,431.57,0.026,0,unstable
laborer,249.48,23,7,0.0,200.0,308.48,0.136,0,unstable
driver,775.6,22,29,0.1363,646.16,905.04,0.4,0,moderate
laborer,278.59,27,13,0.0377,239.01,318.18,0.044,1,unstable
street_vendor,545.78,17,28,0.0317,461.03,630.53,0.092,0,unstable
driver,1474.47,21,42,0.2037,1257.82,1600.0,0.486,0,moderate
shopkeeper,1626.85,26,66,0.2023,1159.83,2000.0,0.399,0,moderate
driver,783.85,20,22,0.224,694.03,873.67,0.526,1,moderate
delivery_worker,1563.06,24,49,0.229,1229.96,1800.0,0.645,1,stable
driver,550.03,22,37,0.2022,500.0,669.84,0.375,1,moderate
delivery_worker,812.24,22,30,0.1703,623.45,1001.02,0.511,1,moderate
street_vendor,259.18,28,10,0.1076,200.0,336.17,0.219,1,unstable
shopkeeper,1739.86,25,60,0.2074,1243.88,2000.0,0.576,1,stable
laborer,429.67,19,10,0.029,308.71,550.64,0.077,1,unstable
driver,1325.09,18,40,0.2026,1138.4,1511.79,0.319,0,moderate
street_vendor,798.1,24,14,0.0033,624.43,900.0,0.254,0,moderate
street_vendor,228.75,19,14,0.037,202.6,254.89,0.109,1,unstable
laborer,666.98,16,7,0.0197,581.05,700.0,0.188,0,unstable
driver,1368.67,21,39,0.1856,1203.13,1534.21,0.711,0,moderate
shopkeeper,1857.0,22,44,0.1004,1326.59,2000.0,0.257,0,stable
laborer,277.29,14,4,0.0465,201.78,352.79,0.18,1,unstable
driver,946.96,21,21,0.1196,846.32,1047.6,0.426,0,moderate
laborer,418.02,14,11,0.0628,353.33,482.72,0.063,0,unstable
delivery_worker,1189.79,20,27,0.1001,887.11,1492.47,0.568,0,moderate
street_vendor,731.92,21,18,0.151,587.81,876.02,0.222,1,moderate
street_vendor,667.28,25,13,0.2285,552.31,782.26,0.164,0,moderate
street_vendor,818.71,24,21,0.1192,735.99,900.0,0.19,0,moderate
delivery_worker,813.14,26,48,0.2056,705.94,920.34,0.902,0,stable
delivery_worker,1230.59,25,56,0.073,1025.97,1435.21,0.934,0,moderate
laborer,668.89,27,16,0.0724,600.99,700.0,0.154,0,moderate
shopkeeper,705.72,25,49,0.1628,700.0,776.34,0.511,1,moderate
delivery_worker,653.59,24,42,0.0797,600.0,762.76,0.944,0,moderate
laborer,696.68,29,9,0.0442,492.1,700.0,0.166,0,moderate
shopkeeper,1613.51,24,56,0.1913,1211.5,2000.0,0.48,1,stable
street_vendor,805.79,25,26,0.1399,657.88,900.0,0.225,0,moderate
street_vendor,276.72,22,24,0.0117,200.0,353.95,0.327,1,unstable
driver,1123.65,22,42,0.2441,839.49,1407.8,0.721,0,moderate
street_vendor,447.8,26,15,0.0772,313.76,581.85,0.159,1,unstable
laborer,260.72,20,8,0.0701,219.97,301.47,0.194,0,unstable
shopkeeper,1838.71,22,46,0.2062,1590.1,2000.0,0.639,1,stable
street_vendor,589.69,26,20,0.1319,501.48,677.89,0.244,0,moderate
street_vendor,396.94,24,13,0.1593,309.98,483.89,0.314,0,unstable
laborer,446.88,25,9,0.0338,367.28,526.49,0.118,1,unstable
shopkeeper,1712.1,26,67,0.2093,1428.47,1995.73,0.273,1,stable
driver,937.76,21,34,0.0794,800.86,1074.65,0.715,0,moderate
laborer,318.09,16,23,0.0813,262.29,373.88,0.18,0,unstable
street_vendor,835.97,24,18,0.0743,678.58,900.0,0.179,0,moderate
street_vendor,861.3,18,11,0.0694,755.8,900.0,0.318,0,unstable
shopkeeper,1322.31,27,61,0.2852,1162.57,1482.05,0.738,0,stable
shopkeeper,1435.45,25,32,0.3832,1206.49,1664.4,0.401,1,stable
street_vendor,376.9,30,22,0.0025,324.29,429.5,0.176,0,unstable
shopkeeper,1319.1,29,73,0.1563,926.6,1711.61,0.275,0,stable
delivery_worker,1621.71,20,61,0.0973,1153.86,1800.0,0.885,0,stable
shopkeeper,1284.56,26,55,0.154,1084.06,1485.06,0.406,0,moderate
laborer,535.51,17,10,0.0573,412.8,658.21,0.199,0,unstable
laborer,555.06,23,15,0.0758,493.31,616.8,0.16,0,unstable
laborer,313.14,19,11,0.0066,220.74,405.54,0.194,1,unstable
delivery_worker,1197.3,28,51,0.0845,975.07,1419.53,0.559,0,moderate
street_vendor,886.41,22,22,0.0899,655.14,900.0,0.064,0,unstable
street_vendor,300.65,15,13,0.1288,216.29,385.01,0.264,0,unstable
driver,619.69,27,27,0.3252,500.0,797.18,0.451,1,moderate
delivery_worker,1251.08,25,55,0.1089,1015.83,1486.34,0.811,1,moderate
street_vendor,437.12,23,16,0.0606,357.41,516.83,0.056,0,unstable
delivery_worker,1127.03,25,41,0.2309,836.98,1417.08,0.584,0,moderate
shopkeeper,1942.56,23,65,0.3345,1522.87,2000.0,0.714,0,stable
street_vendor,752.89,21,18,0.0066,651.76,854.03,0.103,0,unstable
delivery_worker,949.98,24,53,0.2147,704.6,1195.37,0.947,0,moderate
laborer,217.89,14,5,0.026,200.0,240.43,0.166,0,unstable
shopkeeper,1036.2,26,47,0.3926,865.1,1207.31,0.458,0,moderate
street_vendor,470.1,24,23,0.1678,391.15,549.05,0.138,1,moderate
delivery_worker,1042.29,27,42,0.1807,851.51,1233.07,0.693,0,moderate
shopkeeper,1015.14,23,47,0.2433,792.93,1237.35,0.349,1,moderate
shopkeeper,1618.9,26,36,0.2358,1153.48,2000.0,0.573,0,stable
delivery_worker,1013.61,25,17,0.2372,841.31,1185.91,0.501,0,moderate
laborer,575.86,21,1,0.0089,432.24,700.0,0.034,0,unstable
laborer,204.75,20,11,0.0505,200.0,264.5,0.03,0,unstable
shopkeeper,1154.13,23,40,0.1921,844.02,1464.23,0.258,1,moderate
laborer,527.26,24,7,0.046,447.71,606.81,0.126,0,moderate
street_vendor,489.32,23,11,0.1124,399.26,579.38,0.072,0,unstable
shopkeeper,1384.45,26,46,0.2482,1103.06,1665.83,0.27,0,moderate
delivery_worker,1014.19,22,29,0.1005,909.2,1119.18,0.686,1,moderate
delivery_worker,1151.08,26,53,0.2061,811.76,1490.41,0.694,1,stable
street_vendor,815.53,21,14,0.1272,587.84,900.0,0.147,0,moderate
delivery_worker,1449.78,24,19,0.2726,1079.02,1800.0,0.935,0,stable
driver,1301.42,18,36,0.2074,1081.49,1521.36,0.561,0,moderate
delivery_worker,923.33,22,61,0.0943,720.43,1126.22,0.631,0,moderate
street_vendor,764.15,28,11,0.1345,648.01,880.29,0.255,0,moderate
delivery_worker,1073.82,28,44,0.1203,911.72,1235.93,0.542,0,moderate
shopkeeper,1774.69,25,59,0.2017,1292.86,2000.0,0.261,0,stable
street_vendor,252.36,24,23,0.1195,200.0,327.49,0.124,0,unstable
shopkeeper,756.19,27,39,0.1175,700.0,958.51,0.615,1,moderate
driver,876.72,21,23,0.0478,689.55,1063.89,0.708,1,moderate
shopkeeper,806.86,28,22,0.3189,700.0,940.54,0.27,1,moderate
delivery_worker,1058.71,23,40,0.2169,815.72,1301.7,0.944,1,moderate
laborer,215.43,11,6,0.0441,200.0,244.12,0.081,1,unstable
delivery_worker,955.34,22,50,0.1102,690.44,1220.24,0.775,1,moderate
shopkeeper,1010.73,22,62,0.1927,835.06,1186.4,0.69,1,moderate
driver,1187.73,21,31,0.2243,952.46,1423.0,0.54,0,moderate
driver,1291.66,23,25,0.1616,1133.68,1449.64,0.577,0,moderate
delivery_worker,1126.94,28,47,0.2737,860.94,1392.94,0.642,1,stable
delivery_worker,1091.21,20,55,0.2638,837.71,1344.72,0.512,1,moderate
delivery_worker,1510.27,26,42,0.3317,1194.27,1800.0,0.946,1,stable
delivery_worker,1189.25,23,29,0.1693,1048.58,1329.92,0.788,0,moderate
laborer,607.79,22,10,0.1171,470.74,700.0,0.183,0,moderate
delivery_worker,1228.69,22,34,0.1997,956.42,1500.97,0.548,0,moderate
street_vendor,711.67,25,18,0.0482,519.45,900.0,0.26,0,unstable
laborer,533.32,25,8,0.0297,392.75,673.89,0.028,0,unstable
street_vendor,465.94,21,13,0.1771,344.3,587.57,0.246,1,moderate
driver,698.3,25,35,0.2591,540.91,855.69,0.642,0,moderate
driver,736.64,19,30,0.0501,581.7,891.59,0.473,0,moderate
driver,755.34,16,36,0.1117,672.61,838.07,0.325,0,unstable
delivery_worker,1297.38,22,48,0.1684,956.23,1638.53,0.717,0,moderate
driver,1040.97,17,33,0.172,784.21,1297.74,0.545,1,moderate
laborer,397.81,14,14,0.0302,317.07,478.55,0.137,0,unstable
driver,1429.87,23,29,0.1393,1145.81,1600.0,0.37,1,moderate
driver,533.53,23,34,0.1399,500.0,589.1,0.736,0,moderate
driver,1121.75,20,33,0.1745,1008.24,1235.26,0.415,1,moderate
street_vendor,639.34,27,13,0.1453,460.22,818.46,0.226,0,moderate
laborer,699.57,13,17,0.0,524.84,700.0,0.025,0,unstable
delivery_worker,1716.58,28,30,0.1229,1329.9,1800.0,0.634,0,stable
laborer,472.34,15,14,0.0266,378.69,566.0,0.161,0,unstable
laborer,541.6,22,7,0.0594,435.28,647.93,0.173,1,unstable
driver,663.62,21,31,0.1198,520.7,806.53,0.671,1,moderate
shopkeeper,1341.24,30,39,0.1585,961.36,1721.12,0.399,1,stable
laborer,357.08,26,12,0.0814,294.65,419.52,0.026,1,unstable
laborer,594.69,22,7,0.0543,471.82,700.0,0.066,0,unstable
street_vendor,801.43,30,18,0.0871,574.31,900.0,0.205,0,moderate
driver,1368.93,25,31,0.0447,983.14,1600.0,0.721,1,moderate
driver,1374.13,23,39,0.1416,1186.43,1561.83,0.641,0,moderate
driver,969.97,17,38,0.39,698.5,1241.44,0.331,0,moderate
laborer,288.56,17,12,0.0,229.21,347.91,0.157,0,unstable
laborer,627.99,20,15,0.0846,452.83,700.0,0.119,0,unstable
laborer,524.06,11,6,0.0033,376.45,671.66,0.033,0,unstable
delivery_worker,1193.18,18,52,0.0702,933.44,1452.92,0.895,0,moderate
delivery_worker,1300.33,22,35,0.1647,1159.22,1441.44,0.521,0,stable
delivery_worker,1248.92,24,44,0.2178,949.19,1548.65,0.897,0,stable
shopkeeper,1270.79,25,52,0.3125,902.18,1639.41,0.703,1,stable
street_vendor,609.44,28,15,0.0709,547.01,671.87,0.207,0,moderate
street_vendor,344.51,22,16,0.0385,273.72,415.3,0.226,1,unstable
street_vendor,274.7,24,16,0.0839,217.01,332.39,0.222,0,unstable
delivery_worker,1466.78,30,49,0.2183,1281.62,1651.94,0.785,0,stable
shopkeeper,1748.31,27,37,0.0998,1341.83,2000.0,0.699,1,stable
driver,1268.7,20,36,0.0196,899.57,1600.0,0.434,1,moderate
shopkeeper,1192.38,24,42,0.2926,922.1,1462.65,0.357,0,moderate
street_vendor,669.22,30,20,0.0729,481.69,856.76,0.118,1,moderate
shopkeeper,1355.32,24,56,0.3411,999.56,1711.08,0.52,1,stable
driver,1569.98,19,23,0.1842,1237.08,1600.0,0.304,0,moderate
street_vendor,692.89,30,17,0.05,531.88,853.89,0.331,0,moderate
laborer,342.77,10,7,0.0276,297.73,387.82,0.182,1,unstable
driver,1548.04,21,29,0.1093,1187.48,1600.0,0.525,1,moderate
driver,1553.42,19,33,0.2137,1142.52,1600.0,0.513,0,moderate
driver,683.68,24,17,0.2194,578.75,788.6,0.382,1,moderate
delivery_worker,800.09,22,31,0.183,647.55,952.64,0.828,1,moderate
laborer,382.58,25,9,0.0438,307.66,457.5,0.177,0,unstable
driver,586.69,22,30,0.1483,500.0,686.31,0.381,1,moderate
laborer,644.8,22,15,0.0724,462.75,700.0,0.153,0,unstable
delivery_worker,1592.73,20,42,0.1672,1215.13,1800.0,0.633,0,moderate
driver,1266.38,27,33,0.0787,902.34,1600.0,0.422,0,moderate
driver,609.45,20,39,0.0764,500.0,750.37,0.745,0,moderate
street_vendor,249.31,20,13,0.0853,200.88,297.74,0.163,0,unstable
street_vendor,575.24,21,20,0.1084,441.65,708.83,0.317,0,moderate
delivery_worker,1672.67,27,19,0.1061,1215.77,1800.0,0.92,0,stable
street_vendor,849.77,20,19,0.0488,629.35,900.0,0.262,0,moderate
laborer,342.73,18,8,0.0489,288.05,397.41,0.162,0,unstable
delivery_worker,1624.52,21,51,0.0,1201.29,1800.0,0.652,0,moderate
street_vendor,538.45,27,18,0.097,394.93,681.98,0.203,0,moderate
laborer,307.63,20,6,0.0829,232.65,382.62,0.115,1,unstable
driver,1130.03,22,23,0.1519,996.39,1263.67,0.535,0,moderate
shopkeeper,1635.69,27,36,0.2409,1446.8,1824.58,0.523,0,stable
laborer,573.82,26,13,0.0,418.88,700.0,0.131,0,unstable
delivery_worker,1284.3,23,30,0.2045,1095.08,1473.51,0.706,0,moderate
laborer,251.52,21,15,0.0641,200.0,322.17,0.163,0,unstable
street_vendor,570.42,25,15,0.0387,403.8,737.04,0.15,1,unstable
delivery_worker,1597.74,27,25,0.27,1166.48,1800.0,0.535,0,stable
shopkeeper,1644.48,27,56,0.2774,1179.88,2000.0,0.463,0,stable
laborer,525.48,26,9,0.0311,431.07,619.9,0.118,0,unstable
delivery_worker,865.48,26,35,0.3683,687.64,1043.32,0.566,1,moderate
shopkeeper,1233.12,24,41,0.2766,910.48,1555.75,0.558,1,stable
driver,1587.07,27,34,0.1947,1126.15,1600.0,0.65,0,stable
street_vendor,617.52,27,20,0.1252,477.18,757.86,0.27,1,moderate
laborer,385.63,10,11,0.0242,335.71,435.56,0.17,0,unstable
driver,1266.69,25,46,0.2035,1065.43,1467.95,0.595,0,moderate
shopkeeper,1867.75,24,59,0.0995,1318.27,2000.0,0.252,1,moderate
shopkeeper,705.28,25,28,0.1637,700.0,877.34,0.631,0,moderate
driver,1572.83,16,27,0.1023,1213.59,1600.0,0.505,0,moderate
driver,500.94,20,34,0.0898,500.0,570.79,0.476,0,moderate
delivery_worker,778.35,25,30,0.1873,637.47,919.23,0.755,0,moderate
driver,960.37,21,30,0.0849,791.06,1129.68,0.557,0,moderate
shopkeeper,1662.67,24,55,0.1637,1219.57,2000.0,0.597,1,stable
laborer,266.25,21,3,0.0993,200.0,338.78,0.026,0,unstable
delivery_worker,1707.87,29,43,0.1177,1333.38,1800.0,0.762,0,stable
street_vendor,710.1,24,21,0.1379,530.98,889.21,0.115,0,moderate
delivery_worker,1531.36,25,31,0.1061,1086.21,1800.0,0.728,0,moderate
laborer,204.89,16,11,0.0011,200.0,257.35,0.097,0,unstable
laborer,482.82,22,12,0.0263,358.99,606.65,0.155,0,unstable
street_vendor,829.09,29,20,0.0,716.8,900.0,0.146,0,moderate
delivery_worker,1190.91,18,43,0.1424,867.85,1513.97,0.732,0,moderate
shopkeeper,857.36,23,31,0.1156,733.63,981.1,0.446,0,moderate
street_vendor,426.91,18,21,0.0989,341.36,512.45,0.184,0,unstable
street_vendor,370.45,30,28,0.1375,267.97,472.93,0.313,0,moderate
street_vendor,621.09,30,7,0.1031,465.42,776.76,0.05,1,moderate
delivery_worker,1300.85,23,40,0.2875,1015.84,1585.85,0.729,0,stable
laborer,449.31,18,13,0.0358,349.7,548.92,0.111,0,unstable
laborer,474.96,20,7,0.0846,401.85,548.07,0.152,0,unstable
driver,687.0,24,38,0.1032,500.0,880.06,0.522,0,moderate
driver,983.75,24,23,0.1707,748.17,1219.32,0.691,0,moderate
laborer,527.92,16,4,0.0129,458.75,597.08,0.165,0,unstable
laborer,482.74,16,5,0.0752,412.65,552.82,0.057,0,unstable
shopkeeper,709.27,27,42,0.1947,700.0,876.9,0.733,1,moderate
street_vendor,704.88,15,18,0.0036,527.94,881.82,0.155,0,unstable
delivery_worker,1346.98,22,47,0.2193,1084.05,1609.91,0.895,0,stable
driver,948.82,23,42,0.0581,667.62,1230.01,0.381,0,moderate
laborer,551.99,23,14,0.0463,413.62,690.36,0.04,0,unstable
delivery_worker,892.59,19,35,0.1382,741.01,1044.17,0.534,0,moderate
delivery_worker,1236.49,30,46,0.1658,1014.73,1458.26,0.566,1,stable
shopkeeper,1986.9,25,44,0.2272,1677.39,2000.0,0.291,1,stable
street_vendor,484.32,26,17,0.175,377.17,591.47,0.319,1,moderate
street_vendor,360.81,25,18,0.0229,316.99,404.64,0.146,0,unstable
delivery_worker,1778.99,22,40,0.201,1545.33,1800.0,0.926,1,stable
laborer,232.45,10,8,0.0284,200.0,273.74,0.131,1,unstable
driver,1011.2,21,29,0.1019,786.82,1235.57,0.538,1,moderate
street_vendor,439.78,28,22,0.0653,393.88,485.68,0.257,1,moderate
street_vendor,613.81,20,20,0.0599,442.9,784.72,0.186,0,unstable
shopkeeper,1805.66,27,51,0.0811,1288.66,2000.0,0.49,0,stable
street_vendor,535.61,20,13,0.1593,381.96,689.27,0.202,0,unstable
driver,690.03,24,27,0.0771,503.36,876.7,0.338,0,moderate
driver,1236.72,22,43,0.1474,880.24,1593.2,0.581,0,moderate
driver,950.98,24,31,0.0577,696.4,1205.55,0.661,0,moderate
street_vendor,818.74,19,26,0.1251,653.56,900.0,0.329,0,unstable
laborer,269.19,19,9,0.0692,200.0,341.87,0.113,0,unstable
street_vendor,593.45,30,16,0.0785,416.19,770.72,0.307,0,moderate
delivery_worker,1093.98,29,54,0.1327,960.99,1226.97,0.915,1,stable
driver,890.76,22,30,0.2396,774.25,1007.26,0.577,1,moderate
laborer,564.75,27,12,0.0616,440.27,689.23,0.161,0,moderate
shopkeeper,1905.34,24,52,0.3367,1337.57,2000.0,0.264,1,stable
delivery_worker,680.59,24,16,0.1814,600.0,848.16,0.548,0,moderate
laborer,360.51,23,17,0.1053,305.33,415.69,0.069,0,unstable
driver,752.25,17,35,0.2171,653.13,851.37,0.391,1,moderate
driver,1422.24,25,19,0.1514,1059.11,1600.0,0.309,1,moderate
delivery_worker,689.81,21,25,0.0334,600.0,824.34,0.52,1,unstable
shopkeeper,1683.43,24,67,0.3499,1390.88,1975.98,0.725,1,stable
delivery_worker,639.5,19,10,0.0789,600.0,781.2,0.79,0,moderate
laborer,517.04,19,16,0.1359,374.96,659.13,0.102,0,unstable
delivery_worker,619.57,23,53,0.1767,600.0,703.09,0.625,0,moderate
laborer,372.48,21,8,0.0085,327.43,417.54,0.122,0,unstable
street_vendor,334.76,20,3,0.0538,253.79,415.74,0.342,0,unstable
laborer,525.09,30,12,0.1594,459.23,590.95,0.023,0,moderate
shopkeeper,1626.11,27,71,0.3664,1425.95,1826.28,0.591,1,stable
street_vendor,638.55,30,18,0.0466,538.84,738.26,0.227,0,moderate
delivery_worker,788.12,26,49,0.2315,600.0,1001.37,0.627,1,moderate
street_vendor,834.21,24,14,0.0931,690.76,900.0,0.243,0,moderate
laborer,592.42,18,15,0.0272,519.89,664.94,0.095,0,unstable
street_vendor,715.02,25,14,0.0855,641.3,788.74,0.137,0,unstable
laborer,371.44,25,12,0.0,310.03,432.86,0.182,0,unstable
delivery_worker,824.03,25,41,0.1643,603.43,1044.64,0.744,0,moderate
driver,1028.19,21,29,0.0568,802.2,1254.18,0.629,1,moderate
delivery_worker,1415.34,21,29,0.1561,1146.09,1684.59,0.801,0,moderate
delivery_worker,1025.55,24,36,0.116,913.56,1137.55,0.832,1,moderate
shopkeeper,1447.11,25,40,0.2792,1182.13,1712.1,0.31,1,stable
driver,1204.81,26,38,0.0298,888.32,1521.29,0.385,1,moderate
driver,522.3,25,26,0.2092,500.0,654.78,0.443,1,moderate
street_vendor,880.33,26,24,0.0412,666.0,900.0,0.073,0,moderate
shopkeeper,1257.79,24,38,0.2429,1127.58,1388.01,0.371,1,stable
shopkeeper,1867.71,24,68,0.1619,1506.45,2000.0,0.705,1,stable
laborer,424.12,25,7,0.0152,329.9,518.34,0.192,0,unstable
shopkeeper,970.79,24,38,0.1467,736.44,1205.13,0.69,1,moderate
laborer,232.2,15,11,0.1405,200.0,267.92,0.173,1,unstable
delivery_worker,1580.82,23,32,0.3082,1348.47,1800.0,0.552,0,stable
street_vendor,352.43,29,11,0.0466,304.74,400.13,0.053,0,unstable
delivery_worker,1114.37,23,39,0.136,950.81,1277.94,0.855,0,moderate
street_vendor,802.56,23,19,0.0,720.76,884.35,0.157,0,moderate
shopkeeper,1670.34,25,41,0.4,1171.86,2000.0,0.295,0,stable
delivery_worker,1261.84,28,17,0.1249,958.88,1564.8,0.856,1,moderate
delivery_worker,697.96,23,14,0.207,600.0,809.42,0.52,0,moderate
street_vendor,867.01,26,26,0.0406,731.87,900.0,0.197,0,moderate
driver,820.35,19,47,0.132,605.83,1034.88,0.395,0,moderate
driver,849.77,24,35,0.2452,675.33,1024.22,0.771,0,moderate
driver,663.25,18,10,0.1743,506.76,819.74,0.329,1,unstable
street_vendor,832.24,27,17,0.014,745.53,900.0,0.224,0,moderate
shopkeeper,919.18,22,58,0.2351,823.85,1014.51,0.303,1,moderate
laborer,385.11,22,8,0.1276,284.31,485.92,0.086,0,unstable
driver,683.22,24,38,0.1281,608.22,758.23,0.677,0,moderate
driver,1129.35,23,34,0.1184,987.08,1271.63,0.782,0,moderate
laborer,522.22,30,14,0.126,431.16,613.27,0.091,0,moderate
laborer,403.51,11,8,0.0577,316.84,490.17,0.032,0,unstable
laborer,642.46,27,11,0.0429,481.17,700.0,0.034,0,unstable
shopkeeper,1019.42,22,38,0.3336,915.62,1123.21,0.671,1,stable
laborer,414.92,20,10,0.0323,361.13,468.71,0.032,0,unstable
shopkeeper,1400.82,23,51,0.3299,1205.1,1596.53,0.481,1,stable
shopkeeper,1640.98,25,48,0.3568,1415.58,1866.37,0.477,0,stable
street_vendor,696.02,26,16,0.0817,621.84,770.21,0.268,0,moderate
shopkeeper,1688.69,25,61,0.2641,1274.73,2000.0,0.573,1,stable
street_vendor,530.34,22,21,0.1075,401.28,659.39,0.224,1,unstable
delivery_worker,1396.43,24,45,0.2308,980.08,1800.0,0.594,0,stable
driver,1078.37,20,28,0.0278,778.73,1378.0,0.658,0,moderate
shopkeeper,1598.27,25,68,0.199,1154.93,2000.0,0.672,0,stable
shopkeeper,1360.11,23,60,0.3693,1053.85,1666.37,0.619,0,stable
delivery_worker,1256.54,24,33,0.1743,909.32,1603.76,0.88,0,moderate
delivery_worker,1619.11,26,36,0.2189,1412.33,1800.0,0.559,0,stable
driver,1478.0,24,18,0.0035,1204.41,1600.0,0.341,0,moderate
street_vendor,808.43,30,20,0.1103,566.24,900.0,0.245,0,moderate
driver,1413.87,18,17,0.2497,1007.11,1600.0,0.328,0,moderate
street_vendor,429.74,26,19,0.0703,346.56,512.92,0.166,1,unstable
delivery_worker,1046.91,28,40,0.2101,918.97,1174.85,0.558,1,stable
driver,1101.74,22,23,0.2533,874.15,1329.34,0.356,1,moderate
shopkeeper,1243.09,23,39,0.221,1079.14,1407.04,0.273,1,moderate
delivery_worker,897.48,27,38,0.2377,790.61,1004.34,0.892,0,moderate
shopkeeper,1692.22,27,36,0.1821,1317.09,2000.0,0.593,0,stable
street_vendor,527.15,12,16,0.0867,398.14,656.16,0.16,0,unstable
shopkeeper,1836.55,20,53,0.2019,1328.61,2000.0,0.421,1,stable
shopkeeper,1644.78,25,43,0.1452,1380.07,1909.49,0.565,0,stable
laborer,566.87,25,5,0.0402,408.47,700.0,0.077,0,unstable
laborer,556.95,25,7,0.0978,499.79,614.1,0.166,0,moderate
delivery_worker,1418.62,27,40,0.2011,1152.02,1685.22,0.591,1,moderate
street_vendor,685.49,20,10,0.0165,490.16,880.82,0.313,1,unstable
laborer,218.99,25,7,0.0364,200.0,250.02,0.032,0,unstable
driver,680.7,26,21,0.0991,500.0,873.2,0.587,0,moderate
street_vendor,738.11,20,15,0.1774,552.43,900.0,0.317,0,moderate
driver,1589.22,21,27,0.2664,1169.86,1600.0,0.575,0,stable
street_vendor,397.86,26,18,0.0487,343.44,452.28,0.257,0,moderate
street_vendor,629.51,25,15,0.1525,559.99,699.03,0.3,0,moderate
street_vendor,320.52,19,22,0.1172,257.29,383.74,0.285,1,unstable
shopkeeper,950.3,24,63,0.2448,743.13,1157.46,0.4,1,moderate
laborer,273.86,17,3,0.0956,229.23,318.5,0.024,1,unstable
shopkeeper,1077.65,26,39,0.1991,827.7,1327.61,0.336,1,moderate
laborer,535.66,18,8,0.0177,432.45,638.88,0.158,0,unstable
driver,949.26,26,31,0.1634,797.07,1101.45,0.345,0,moderate
laborer,277.69,30,15,0.073,226.9,328.47,0.143,0,unstable
laborer,274.52,19,6,0.0566,228.07,320.98,0.028,0,unstable
street_vendor,780.05,28,17,0.1201,681.52,878.59,0.162,0,moderate
delivery_worker,1601.49,26,33,0.1005,1230.11,1800.0,0.577,0,stable
street_vendor,493.79,25,26,0.0816,379.76,607.81,0.194,1,unstable
laborer,381.69,12,9,0.0157,277.94,485.44,0.063,0,unstable
delivery_worker,1535.71,26,31,0.1042,1308.72,1762.7,0.769,1,moderate
street_vendor,272.97,24,25,0.0313,208.61,337.33,0.167,0,unstable
street_vendor,737.66,16,22,0.0,633.2,842.13,0.234,0,unstable
delivery_worker,1572.15,28,40,0.2358,1173.58,1800.0,0.93,1,stable
laborer,333.82,23,10,0.0265,241.09,426.56,0.046,0,unstable
street_vendor,309.02,20,16,0.0328,270.2,347.84,0.333,0,unstable
shopkeeper,1134.14,24,66,0.2951,830.22,1438.06,0.568,0,moderate
street_vendor,344.9,25,23,0.1412,242.19,447.61,0.068,1,moderate
delivery_worker,1753.77,29,53,0.1363,1390.96,1800.0,0.736,1,stable
shopkeeper,1657.11,25,31,0.2397,1248.73,2000.0,0.438,1,stable
driver,1409.67,19,32,0.2453,1266.01,1553.34,0.793,0,stable
street_vendor,238.77,28,10,0.106,212.47,265.06,0.335,0,moderate
street_vendor,806.51,23,20,0.0558,579.15,900.0,0.263,0,unstable
driver,1128.39,26,36,0.1145,996.33,1260.45,0.599,1,moderate
street_vendor,462.46,18,24,0.0,403.91,521.02,0.186,0,unstable
delivery_worker,1110.55,22,44,0.1346,965.32,1255.78,0.587,1,moderate
street_vendor,310.01,16,15,0.0891,244.35,375.68,0.311,1,unstable
laborer,312.68,19,1,0.0599,240.05,385.31,0.131,1,unstable
shopkeeper,1186.2,25,38,0.2332,875.32,1497.08,0.436,1,moderate
delivery_worker,1220.96,19,22,0.1913,892.92,1549.0,0.755,1,moderate
laborer,503.86,24,11,0.0703,395.44,612.28,0.117,0,unstable
driver,703.39,21,42,0.3046,590.04,816.74,0.558,0,moderate
delivery_worker,1787.48,25,29,0.2834,1567.32,1800.0,0.83,1,stable
laborer,513.8,29,18,0.043,383.31,644.29,0.118,0,moderate
laborer,650.39,15,8,0.0954,467.43,700.0,0.149,0,unstable
street_vendor,362.82,23,15,0.1098,301.65,423.98,0.144,0,moderate
shopkeeper,997.52,25,74,0.238,859.67,1135.37,0.272,1,stable
laborer,427.84,20,17,0.0911,356.73,498.95,0.16,0,unstable
street_vendor,548.96,20,24,0.0222,426.45,671.46,0.189,0,unstable
driver,1441.01,12,46,0.165,1282.45,1599.57,0.641,0,moderate
driver,1358.22,19,27,0.0884,1047.5,1600.0,0.369,0,moderate
shopkeeper,1674.51,26,76,0.185,1253.36,2000.0,0.318,0,stable
delivery_worker,792.27,22,35,0.3124,601.79,982.76,0.561,1,moderate
delivery_worker,984.11,22,45,0.2457,747.85,1220.37,0.837,1,moderate
street_vendor,310.31,28,24,0.0525,264.61,356.02,0.271,0,moderate
driver,564.49,18,37,0.1892,506.74,622.25,0.351,0,moderate
laborer,362.57,10,8,0.0645,280.44,444.71,0.188,0,unstable
street_vendor,846.05,17,26,0.1063,726.29,900.0,0.198,0,unstable
driver,914.83,26,42,0.247,783.1,1046.56,0.52,0,moderate
delivery_worker,1751.46,24,37,0.1625,1319.66,1800.0,0.834,0,stable
street_vendor,406.28,26,16,0.1952,320.9,491.67,0.298,0,moderate
laborer,625.3,10,9,0.0485,462.29,700.0,0.064,0,unstable
street_vendor,299.29,29,11,0.0383,227.97,370.62,0.337,0,unstable
street_vendor,750.95,25,21,0.1037,582.18,900.0,0.107,0,moderate
driver,941.58,22,30,0.0769,747.92,1135.25,0.606,0,moderate
shopkeeper,1967.75,28,48,0.2225,1390.65,2000.0,0.733,0,stable
delivery_worker,1420.48,20,45,0.1231,1051.78,1789.19,0.778,1,moderate
shopkeeper,847.11,24,55,0.0471,744.02,950.19,0.525,0,moderate
laborer,542.36,17,1,0.0174,432.21,652.52,0.175,0,unstable
street_vendor,381.56,27,15,0.1406,286.68,476.43,0.064,0,moderate
laborer,371.62,14,9,0.0703,273.76,469.47,0.168,0,unstable
laborer,683.69,21,8,0.036,504.41,700.0,0.065,0,unstable
shopkeeper,1903.88,26,50,0.0986,1409.31,2000.0,0.674,0,stable
street_vendor,631.34,28,18,0.0,451.01,811.67,0.325,0,unstable
laborer,451.7,18,12,0.0235,376.82,526.58,0.029,0,unstable
street_vendor,406.45,21,21,0.0433,354.94,457.96,0.226,0,unstable
driver,519.36,19,15,0.0965,500.0,596.42,0.742,0,unstable
delivery_worker,1351.07,27,44,0.275,1124.62,1577.52,0.837,0,stable
laborer,356.09,22,12,0.0234,267.37,444.81,0.165,0,unstable
driver,1020.21,22,26,0.172,878.91,1161.5,0.372,0,moderate
driver,1588.01,24,41,0.1831,1291.57,1600.0,0.668,0,stable
laborer,257.44,23,11,0.1013,201.8,313.09,0.097,0,unstable
delivery_worker,904.02,25,44,0.188,665.68,1142.36,0.614,1,moderate
shopkeeper,1340.17,24,45,0.1941,1183.25,1497.1,0.727,1,moderate
shopkeeper,1277.07,25,62,0.343,919.84,1634.29,0.603,0,stable
delivery_worker,1653.2,25,49,0.223,1275.4,1800.0,0.744,0,stable
driver,544.18,20,31,0.2198,500.0,641.87,0.623,0,moderate
delivery_worker,1531.08,24,28,0.2711,1185.02,1800.0,0.572,0,stable
laborer,357.53,17,12,0.0,291.11,423.96,0.031,1,unstable
driver,1320.38,24,24,0.1406,1139.09,1501.67,0.312,1,moderate
shopkeeper,1608.68,24,43,0.2005,1418.82,1798.53,0.253,1,moderate
street_vendor,640.87,26,21,0.1445,534.2,747.53,0.332,1,moderate
shopkeeper,1097.94,24,87,0.208,886.4,1309.47,0.4,0,moderate
laborer,522.54,19,5,0.0444,409.9,635.18,0.186,0,unstable
delivery_worker,616.78,18,45,0.2223,600.0,732.59,0.731,1,moderate
delivery_worker,1158.11,24,59,0.2573,911.73,1404.48,0.723,0,stable
shopkeeper,1294.26,24,46,0.229,1147.23,1441.28,0.375,1,moderate
delivery_worker,1487.38,25,36,0.2328,1191.62,1783.14,0.725,0,stable
laborer,309.43,19,12,0.061,231.4,387.47,0.026,0,unstable
street_vendor,675.41,26,17,0.0944,595.01,755.8,0.067,0,moderate
laborer,490.51,19,11,0.0758,392.35,588.66,0.067,0,unstable
street_vendor,500.51,28,16,0.032,368.95,632.06,0.245,1,moderate
delivery_worker,1094.31,26,25,0.3777,947.61,1241.01,0.726,1,stable
laborer,542.58,24,8,0.104,411.9,673.26,0.07,1,unstable
delivery_worker,1638.45,27,36,0.1163,1205.11,1800.0,0.798,0,stable
street_vendor,802.25,20,17,0.0728,699.51,900.0,0.319,0,unstable
street_vendor,794.86,23,14,0.0377,705.85,883.87,0.166,0,unstable
delivery_worker,1063.87,24,55,0.2447,913.94,1213.8,0.561,1,stable
street_vendor,728.74,28,14,0.0701,550.74,900.0,0.054,1,unstable
street_vendor,206.46,20,16,0.1142,200.0,236.6,0.154,0,unstable
street_vendor,343.28,24,18,0.117,266.5,420.07,0.328,0,unstable
shopkeeper,1126.12,27,70,0.1403,923.27,1328.97,0.34,1,stable
delivery_worker,1206.08,28,35,0.0881,1052.42,1359.73,0.684,1,moderate
driver,663.4,22,29,0.1149,596.48,730.32,0.359,0,moderate
driver,1193.06,22,29,0.215,872.56,1513.56,0.324,1,moderate
driver,573.23,19,28,0.1359,500.0,652.19,0.47,0,moderate
delivery_worker,1115.01,21,55,0.1827,859.79,1370.23,0.597,0,moderate
delivery_worker,1708.62,26,47,0.1542,1320.6,1800.0,0.76,1,stable
street_vendor,662.94,22,19,0.0417,516.03,809.86,0.327,1,moderate
street_vendor,617.94,16,16,0.0688,513.9,721.99,0.344,0,unstable
street_vendor,550.49,23,6,0.1166,453.2,647.79,0.158,0,unstable
delivery_worker,931.18,28,41,0.2041,804.53,1057.83,0.918,1,stable
delivery_worker,1779.94,28,46,0.0899,1496.46,1800.0,0.67,0,stable
driver,835.5,23,44,0.1351,648.69,1022.3,0.445,0,moderate
street_vendor,321.08,22,27,0.0896,229.71,412.45,0.083,1,unstable
street_vendor,870.96,20,14,0.0625,737.51,900.0,0.243,0,unstable
shopkeeper,1419.88,25,57,0.2704,1243.15,1596.62,0.261,1,stable
driver,575.65,23,32,0.1319,500.0,724.41,0.392,1,moderate
delivery_worker,1226.69,20,43,0.3046,1090.94,1362.45,0.873,1,stable
delivery_worker,1683.99,25,52,0.2203,1179.23,1800.0,0.821,0,stable
driver,1095.43,18,25,0.0814,926.44,1264.43,0.571,1,moderate
street_vendor,215.55,30,15,0.1095,200.0,251.64,0.061,0,moderate
street_vendor,649.92,23,12,0.0811,552.5,747.35,0.311,0,moderate
laborer,513.02,15,7,0.0,445.43,580.62,0.051,0,unstable
delivery_worker,1034.13,30,47,0.0476,892.17,1176.09,0.827,1,moderate
delivery_worker,1230.71,30,46,0.1888,1073.44,1387.99,0.86,1,stable
laborer,359.83,22,8,0.0113,290.51,429.16,0.174,1,unstable
street_vendor,305.61,22,16,0.1399,267.41,343.82,0.198,0,unstable
shopkeeper,757.0,27,37,0.0455,700.0,868.19,0.711,0,moderate
delivery_worker,654.13,26,39,0.298,600.0,772.91,0.821,0,moderate
driver,1198.56,25,33,0.1924,1021.84,1375.27,0.671,0,moderate
shopkeeper,1743.28,30,49,0.2949,1279.87,2000.0,0.631,0,stable
laborer,698.57,17,11,0.1168,592.48,700.0,0.076,1,unstable
laborer,647.94,20,15,0.0235,505.98,700.0,0.089,0,unstable
delivery_worker,606.76,21,45,0.1781,600.0,787.05,0.678,1,moderate
delivery_worker,869.22,25,36,0.1658,617.96,1120.47,0.54,0,moderate
delivery_worker,1309.28,23,62,0.1912,942.13,1676.44,0.759,1,stable
street_vendor,792.17,26,21,0.1068,610.84,900.0,0.11,0,moderate
driver,1245.18,18,28,0.0992,872.31,1600.0,0.711,0,moderate
shopkeeper,1658.07,24,46,0.2936,1194.85,2000.0,0.42,1,stable
driver,1553.92,25,24,0.2232,1378.7,1600.0,0.32,0,stable
driver,864.0,22,44,0.1791,652.82,1075.19,0.443,0,moderate
laborer,494.57,27,10,0.0867,443.85,545.29,0.176,0,unstable
laborer,422.48,13,1,0.057,337.34,507.63,0.043,0,unstable
laborer,697.95,21,12,0.0787,545.02,700.0,0.083,0,unstable
shopkeeper,1641.3,29,56,0.1616,1313.04,1969.55,0.323,1,stable
driver,1058.29,24,24,0.1568,880.05,1236.54,0.555,1,moderate
street_vendor,574.27,26,16,0.1081,468.31,680.22,0.327,0,moderate
street_vendor,813.49,20,2,0.0576,711.82,900.0,0.052,0,unstable
shopkeeper,1179.74,24,27,0.3408,903.73,1455.75,0.472,1,moderate
delivery_worker,1452.12,24,66,0.2118,1049.94,1800.0,0.573,1,stable
driver,758.69,22,36,0.1071,617.46,899.92,0.492,0,moderate
delivery_worker,1128.04,22,24,0.207,926.7,1329.38,0.536,1,moderate
shopkeeper,1026.64,28,41,0.282,905.17,1148.11,0.676,1,stable
shopkeeper,1850.57,29,31,0.0884,1517.75,2000.0,0.299,0,stable
shopkeeper,880.06,24,47,0.2776,732.05,1028.06,0.42,1,moderate
driver,1210.26,20,23,0.0846,848.01,1572.52,0.786,1,moderate
delivery_worker,1213.46,23,49,0.0787,1033.95,1392.96,0.901,0,moderate
laborer,409.44,17,9,0.0014,314.73,504.14,0.134,0,unstable
shopkeeper,1164.88,26,51,0.0843,1048.16,1281.6,0.75,0,moderate
delivery_worker,1417.38,26,46,0.1009,1082.2,1752.57,0.903,0,stable
delivery_worker,1096.19,27,48,0.0716,907.3,1285.08,0.916,0,moderate
delivery_worker,1548.59,27,48,0.1554,1327.36,1769.83,0.523,0,stable
street_vendor,537.19,20,14,0.0863,402.76,671.62,0.081,1,unstable
laborer,699.41,23,4,0.1239,602.11,700.0,0.179,0,unstable
shopkeeper,1476.04,25,62,0.2194,1325.26,1626.81,0.597,1,stable
shopkeeper,1668.7,27,39,0.194,1389.02,1948.37,0.323,1,stable
street_vendor,429.74,29,13,0.0885,310.11,549.38,0.195,0,moderate
street_vendor,792.35,20,14,0.1093,641.03,900.0,0.219,1,moderate
street_vendor,443.66,23,27,0.085,379.25,508.07,0.076,0,unstable
delivery_worker,1599.88,29,55,0.2106,1150.78,1800.0,0.838,1,stable
delivery_worker,797.06,24,20,0.2455,706.06,888.07,0.592,1,moderate
street_vendor,582.2,28,16,0.1217,442.44,721.97,0.257,0,moderate
laborer,226.49,19,9,0.0214,200.29,252.69,0.129,0,unstable
shopkeeper,1736.09,27,51,0.3426,1285.26,2000.0,0.392,0,stable
delivery_worker,823.32,26,29,0.2558,693.28,953.37,0.687,1,moderate
laborer,655.58,26,16,0.0,523.45,700.0,0.055,1,moderate
laborer,402.76,22,8,0.0,344.18,461.34,0.144,0,unstable
laborer,256.1,30,5,0.0604,200.0,324.4,0.073,0,unstable
driver,1260.29,27,32,0.2272,1073.11,1447.48,0.735,0,stable
laborer,686.46,19,16,0.102,607.44,700.0,0.106,1,unstable
delivery_worker,804.6,26,48,0.2502,600.0,1022.18,0.591,1,moderate
shopkeeper,1604.66,29,44,0.2749,1271.77,1937.55,0.558,0,stable
delivery_worker,715.21,18,28,0.1527,600.0,858.69,0.529,1,moderate
delivery_worker,651.29,28,31,0.226,600.0,769.72,0.791,0,moderate
street_vendor,378.64,22,27,0.1361,295.3,461.98,0.343,0,unstable
laborer,395.87,12,10,0.0185,319.52,472.21,0.079,1,unstable
street_vendor,526.38,20,16,0.0,473.39,579.37,0.198,0,unstable
driver,795.96,22,35,0.2309,604.86,987.05,0.549,0,moderate
delivery_worker,1196.89,24,15,0.3147,972.59,1421.2,0.82,1,stable
shopkeeper,1237.6,26,22,0.3641,1021.34,1453.86,0.695,0,stable
street_vendor,829.06,24,19,0.0854,628.57,900.0,0.345,0,moderate
driver,733.25,20,19,0.2258,583.44,883.06,0.657,0,moderate
delivery_worker,1676.36,21,25,0.1209,1410.96,1800.0,0.843,1,moderate
street_vendor,815.87,23,18,0.1724,583.03,900.0,0.167,0,moderate
laborer,362.31,21,6,0.1357,280.96,443.67,0.097,1,unstable
delivery_worker,1672.01,29,40,0.1083,1300.35,1800.0,0.724,1,stable
laborer,503.43,16,12,0.0345,371.7,635.16,0.19,1,unstable
street_vendor,540.35,27,22,0.0427,421.78,658.91,0.238,1,unstable
driver,1169.21,21,34,0.0149,937.36,1401.05,0.688,0,moderate
delivery_worker,1030.59,26,14,0.1773,761.49,1299.7,0.922,0,stable
laborer,433.71,15,5,0.0579,332.01,535.4,0.169,0,unstable
street_vendor,580.65,25,13,0.0559,409.78,751.53,0.203,0,unstable
delivery_worker,791.49,25,41,0.2153,600.0,1011.3,0.815,1,moderate
street_vendor,310.34,25,10,0.0508,274.9,345.78,0.069,0,unstable
delivery_worker,927.98,25,41,0.2322,687.44,1168.52,0.662,0,moderate
street_vendor,657.74,27,15,0.0918,510.36,805.12,0.157,0,unstable
shopkeeper,1038.82,25,38,0.1613,899.07,1178.57,0.723,0,moderate
driver,1303.94,21,35,0.3166,1128.46,1479.41,0.791,0,stable
driver,1133.34,20,32,0.1729,827.15,1439.52,0.435,0,moderate
street_vendor,842.18,21,16,0.0697,704.66,900.0,0.089,1,unstable
driver,596.41,25,21,0.1723,500.0,707.58,0.565,1,moderate
shopkeeper,1622.7,26,36,0.1677,1342.68,1902.72,0.686,0,stable
shopkeeper,1140.66,29,56,0.2312,945.65,1335.67,0.726,1,stable
driver,1499.71,20,37,0.0923,1064.74,1600.0,0.419,0,moderate
laborer,598.71,24,12,0.008,509.24,688.18,0.037,0,unstable
delivery_worker,1773.72,23,53,0.0119,1304.41,1800.0,0.626,1,moderate
shopkeeper,1326.71,27,50,0.3459,1071.05,1582.36,0.314,0,stable
laborer,586.42,27,10,0.0,424.9,700.0,0.114,1,unstable
driver,1258.44,19,37,0.2538,905.33,1600.0,0.461,0,moderate
driver,1104.99,24,34,0.1756,802.44,1407.53,0.31,1,moderate
delivery_worker,708.01,24,49,0.1491,600.0,841.41,0.653,0,moderate
street_vendor,498.07,27,25,0.1017,369.59,626.55,0.077,0,unstable
laborer,650.52,19,9,0.0,471.36,700.0,0.151,1,unstable
driver,881.3,21,43,0.141,676.26,1086.34,0.781,1,moderate
delivery_worker,1451.48,23,39,0.1517,1239.47,1663.5,0.654,0,moderate
street_vendor,719.27,20,10,0.1076,507.49,900.0,0.148,0,unstable
laborer,363.25,10,12,0.0378,278.03,448.46,0.161,1,unstable
laborer,562.11,18,4,0.0678,462.55,661.68,0.181,1,unstable
delivery_worker,842.18,21,50,0.1106,631.29,1053.07,0.732,0,moderate
street_vendor,230.48,21,9,0.1674,200.0,288.83,0.273,0,unstable
laborer,314.6,21,12,0.1284,274.1,355.1,0.154,0,moderate
laborer,659.95,11,13,0.0,537.61,700.0,0.095,0,unstable
laborer,409.99,29,8,0.0487,356.45,463.54,0.05,0,unstable
laborer,593.15,27,10,0.1272,484.86,700.0,0.063,0,moderate
delivery_worker,701.06,22,84,0.2513,600.0,844.76,0.828,1,moderate
delivery_worker,1358.03,27,58,0.0765,1065.52,1650.53,0.926,1,stable
driver,1496.35,18,21,0.0839,1330.72,1600.0,0.741,0,moderate
shopkeeper,1547.69,26,72,0.2195,1251.02,1844.35,0.533,0,stable
laborer,365.49,18,7,0.0583,295.16,435.81,0.193,0,unstable
street_vendor,624.64,24,15,0.09,538.97,710.3,0.135,0,moderate
street_vendor,417.22,21,22,0.044,371.34,463.1,0.282,0,unstable
driver,1385.17,20,45,0.1448,1198.49,1571.84,0.626,0,moderate
delivery_worker,1709.79,28,39,0.2249,1460.66,1800.0,0.617,1,stable
delivery_worker,1150.56,21,31,0.1069,894.31,1406.82,0.776,0,moderate
delivery_worker,1409.69,20,31,0.2756,1047.99,1771.39,0.705,0,moderate
laborer,694.39,18,6,0.0379,614.94,700.0,0.177,1,unstable
laborer,357.9,21,12,0.0,308.89,406.91,0.055,1,unstable
street_vendor,696.02,23,18,0.0525,620.78,771.25,0.243,0,moderate
driver,909.07,19,30,0.1395,671.63,1146.51,0.544,1,moderate
laborer,633.85,16,12,0.094,534.45,700.0,0.128,1,unstable
street_vendor,354.49,21,11,0.0586,315.69,393.3,0.276,0,unstable
driver,1363.36,25,34,0.1224,960.82,1600.0,0.611,0,moderate
laborer,525.79,21,10,0.0158,428.63,622.95,0.169,0,unstable
delivery_worker,937.96,28,34,0.2384,841.48,1034.44,0.628,0,stable
shopkeeper,1919.06,23,56,0.0941,1428.11,2000.0,0.654,1,stable
shopkeeper,1783.81,26,43,0.3,1469.28,2000.0,0.47,0,stable
delivery_worker,684.35,25,67,0.1847,600.0,882.56,0.735,0,moderate
laborer,232.37,20,3,0.0953,203.87,260.87,0.104,0,unstable
delivery_worker,1085.67,22,48,0.1204,798.48,1372.86,0.879,1,moderate
delivery_worker,876.22,21,27,0.2246,630.01,1122.42,0.599,0,moderate
street_vendor,825.63,28,16,0.1127,700.77,900.0,0.206,0,moderate
driver,858.55,23,32,0.2773,745.79,971.3,0.727,1,moderate
shopkeeper,1796.8,25,51,0.3412,1511.72,2000.0,0.434,1,stable
driver,1091.39,24,20,0.0927,800.39,1382.4,0.439,0,moderate
laborer,379.64,23,13,0.0507,341.4,417.88,0.089,0,unstable
laborer,321.98,30,11,0.0304,271.38,372.58,0.127,0,unstable
street_vendor,352.93,21,24,0.0518,271.67,434.19,0.277,1,unstable
driver,1106.28,25,24,0.1434,781.14,1431.42,0.737,0,moderate
driver,923.61,22,35,0.0864,810.42,1036.8,0.435,0,moderate
street_vendor,850.97,18,24,0.0722,620.07,900.0,0.177,1,moderate
street_vendor,888.39,25,15,0.081,745.56,900.0,0.051,0,moderate
shopkeeper,845.04,27,46,0.3332,700.0,999.88,0.466,0,stable
driver,1139.86,24,25,0.0262,830.66,1449.06,0.448,1,moderate
laborer,511.35,22,10,0.0813,436.61,586.09,0.186,1,unstable
driver,876.87,24,26,0.1451,785.19,968.56,0.359,1,moderate
shopkeeper,1790.51,24,40,0.3225,1388.33,2000.0,0.722,0,stable
driver,963.98,22,36,0.103,785.36,1142.6,0.412,0,moderate
laborer,503.91,28,5,0.0711,402.99,604.83,0.163,0,unstable
shopkeeper,1858.43,28,45,0.3095,1553.12,2000.0,0.713,1,stable
shopkeeper,1369.42,30,47,0.2838,1220.97,1517.87,0.484,0,stable
street_vendor,626.47,27,15,0.0494,487.46,765.49,0.135,0,unstable
delivery_worker,861.39,22,48,0.1812,658.68,1064.1,0.887,0,moderate
laborer,525.24,27,15,0.0557,401.72,648.76,0.089,0,unstable
laborer,461.8,14,7,0.0428,403.76,519.84,0.196,1,unstable
street_vendor,380.97,19,17,0.0351,274.96,486.97,0.11,1,unstable
street_vendor,506.76,22,26,0.1516,374.33,639.19,0.11,0,unstable
delivery_worker,1614.29,24,51,0.1457,1424.5,1800.0,0.652,0,stable
laborer,592.5,24,10,0.0226,506.04,678.96,0.15,0,unstable
laborer,402.47,12,13,0.0309,360.19,444.76,0.032,0,unstable
delivery_worker,1111.58,16,29,0.2156,842.01,1381.15,0.593,1,moderate
delivery_worker,814.74,20,57,0.2206,626.17,1003.31,0.936,1,moderate
street_vendor,403.14,22,19,0.0547,300.73,505.55,0.296,1,unstable
laborer,688.43,19,12,0.0695,483.9,700.0,0.096,1,unstable
street_vendor,496.57,17,16,0.0532,380.98,612.16,0.055,0,unstable
delivery_worker,1368.83,29,44,0.1238,1214.79,1522.87,0.52,0,stable
delivery_worker,1091.25,30,56,0.1191,813.46,1369.05,0.546,1,moderate
shopkeeper,881.62,28,52,0.3233,785.43,977.81,0.59,1,stable
street_vendor,453.37,30,13,0.1052,379.54,527.2,0.054,0,unstable
street_vendor,859.67,26,23,0.171,668.92,900.0,0.297,1,moderate
driver,869.74,21,37,0.1413,743.85,995.63,0.473,1,moderate
driver,1446.4,25,30,0.2906,1152.68,1600.0,0.343,1,stable
driver,944.81,21,26,0.2096,756.83,1132.8,0.782,0,moderate
shopkeeper,1210.82,26,62,0.2209,919.82,1501.83,0.703,0,stable
driver,937.96,15,20,0.0,821.6,1054.33,0.549,0,unstable
driver,1164.32,20,29,0.1896,886.36,1442.29,0.722,0,moderate
delivery_worker,761.24,27,39,0.1944,625.56,896.93,0.891,1,stable
laborer,367.09,22,8,0.0434,304.62,429.57,0.022,0,unstable
delivery_worker,1344.36,23,27,0.1427,1036.51,1652.22,0.824,0,moderate
street_vendor,297.02,21,15,0.0938,238.4,355.64,0.115,0,unstable
laborer,683.33,28,9,0.0913,499.01,700.0,0.132,0,moderate
street_vendor,254.4,17,21,0.0714,208.55,300.24,0.16,1,unstable
street_vendor,483.38,24,14,0.0033,431.21,535.56,0.193,0,unstable
shopkeeper,1057.49,22,51,0.2339,841.12,1273.86,0.416,0,moderate
street_vendor,791.58,29,13,0.155,556.86,900.0,0.134,0,moderate
laborer,690.41,18,13,0.0833,534.83,700.0,0.156,0,unstable
driver,1352.24,21,37,0.1551,1095.72,1600.0,0.576,1,moderate
driver,979.18,22,26,0.1345,780.15,1178.21,0.702,0,moderate
shopkeeper,1794.62,24,40,0.2807,1492.45,2000.0,0.742,1,stable
street_vendor,865.75,13,10,0.1009,691.73,900.0,0.186,1,unstable
delivery_worker,912.52,18,42,0.2507,782.37,1042.67,0.844,0,moderate
shopkeeper,1537.25,24,43,0.1615,1081.42,1993.08,0.698,0,moderate
laborer,346.09,10,4,0.0509,260.08,432.1,0.124,0,unstable
shopkeeper,1795.41,24,47,0.3508,1405.16,2000.0,0.43,1,stable
street_vendor,851.97,23,13,0.0979,626.78,900.0,0.093,1,moderate
driver,1177.93,19,13,0.1715,1032.91,1322.94,0.747,1,moderate
driver,685.98,22,23,0.1781,513.85,858.1,0.551,0,moderate
delivery_worker,862.54,20,49,0.2436,625.98,1099.09,0.92,1,moderate
shopkeeper,1591.82,27,61,0.2251,1240.79,1942.86,0.252,1,stable
driver,1092.1,22,35,0.2448,943.95,1240.26,0.525,0,moderate
delivery_worker,603.3,24,44,0.1241,600.0,707.76,0.716,1,moderate
street_vendor,527.48,24,23,0.0046,452.62,602.35,0.34,1,moderate
laborer,494.44,24,10,0.0912,346.76,642.12,0.198,0,unstable
laborer,304.35,13,4,0.0691,249.23,359.47,0.027,0,unstable
shopkeeper,1085.83,28,43,0.2703,760.72,1410.95,0.516,1,stable
laborer,329.84,18,12,0.0,256.55,403.12,0.179,0,unstable
driver,805.92,26,34,0.1442,653.31,958.54,0.388,1,moderate
street_vendor,816.43,24,23,0.1181,588.37,900.0,0.071,0,moderate
street_vendor,209.53,30,17,0.1008,200.0,244.1,0.332,1,moderate
driver,846.02,22,42,0.1332,655.09,1036.95,0.716,0,moderate
driver,693.54,24,23,0.0936,500.0,890.23,0.707,1,moderate
shopkeeper,988.65,25,53,0.3628,790.19,1187.1,0.68,0,stable
laborer,592.32,22,6,0.0434,455.75,700.0,0.148,0,unstable
laborer,568.38,30,9,0.0947,509.64,627.12,0.12,1,moderate
street_vendor,859.54,27,14,0.0242,653.82,900.0,0.327,0,moderate
shopkeeper,1226.69,28,71,0.3317,1094.62,1358.76,0.26,1,stable
delivery_worker,1031.38,27,42,0.1357,896.3,1166.46,0.867,0,stable
street_vendor,771.93,20,22,0.0452,591.94,900.0,0.343,0,unstable
delivery_worker,1553.87,22,44,0.1815,1202.99,1800.0,0.813,0,stable
laborer,358.28,19,10,0.0505,298.53,418.02,0.187,0,unstable
street_vendor,701.17,26,18,0.197,563.34,839.0,0.34,0,moderate
laborer,325.66,15,4,0.0103,233.84,417.47,0.186,0,unstable
laborer,270.54,15,10,0.1013,201.86,339.22,0.14,0,unstable
street_vendor,688.46,19,17,0.053,614.92,762.0,0.186,0,unstable
shopkeeper,1704.25,27,52,0.1119,1369.83,2000.0,0.724,1,stable
shopkeeper,756.01,23,70,0.1703,700.0,855.28,0.563,0,moderate
delivery_worker,749.04,22,52,0.1135,600.0,965.34,0.736,1,moderate
laborer,623.11,27,3,0.0844,458.83,700.0,0.076,0,unstable
driver,739.12,18,23,0.1073,663.02,815.22,0.554,1,moderate
delivery_worker,1515.83,26,56,0.2056,1291.07,1740.59,0.674,0,stable
laborer,678.34,22,4,0.058,607.33,700.0,0.12,0,unstable
street_vendor,603.04,24,20,0.057,476.28,729.79,0.181,0,unstable
laborer,339.36,24,15,0.1226,279.65,399.08,0.135,0,unstable
delivery_worker,979.0,23,34,0.2324,761.34,1196.65,0.527,1,moderate
laborer,656.55,13,11,0.0413,486.99,700.0,0.079,1,unstable
street_vendor,895.84,30,15,0.0279,650.38,900.0,0.11,0,moderate
delivery_worker,1693.89,26,62,0.1553,1521.11,1800.0,0.809,1,stable
street_vendor,493.02,25,28,0.0864,386.15,599.89,0.324,1,moderate
driver,1206.9,18,40,0.1262,1068.43,1345.36,0.441,0,moderate
street_vendor,487.81,29,18,0.0945,416.17,559.45,0.152,0,moderate
driver,733.4,22,45,0.094,551.75,915.05,0.651,1,moderate
delivery_worker,1766.62,25,29,0.2929,1372.57,1800.0,0.677,0,stable
laborer,687.18,24,11,0.0579,581.2,700.0,0.144,0,moderate
street_vendor,356.64,30,20,0.0496,282.81,430.47,0.237,0,moderate
shopkeeper,1294.52,26,52,0.3031,1109.23,1479.8,0.722,0,stable
shopkeeper,861.08,26,47,0.0851,745.55,976.62,0.327,0,moderate
shopkeeper,782.99,24,39,0.1806,700.0,906.68,0.504,1,moderate
driver,831.07,18,18,0.3318,592.78,1069.36,0.704,1,moderate
laborer,635.87,14,8,0.0595,475.94,700.0,0.024,0,unstable
shopkeeper,1822.07,25,49,0.3055,1426.89,2000.0,0.336,1,stable
delivery_worker,1089.94,27,49,0.2221,853.92,1325.96,0.775,1,moderate
street_vendor,677.81,28,13,0.1021,476.61,879.0,0.125,0,moderate
street_vendor,515.57,27,19,0.0402,450.63,580.52,0.181,1,unstable
laborer,570.18,15,12,0.0166,422.01,700.0,0.17,0,unstable
shopkeeper,714.65,22,57,0.2199,700.0,836.48,0.721,1,moderate
laborer,292.57,20,5,0.0361,253.76,331.39,0.085,0,unstable
laborer,455.55,18,8,0.0135,320.78,590.33,0.188,0,unstable
street_vendor,475.99,25,15,0.0818,361.85,590.13,0.2,1,moderate
delivery_worker,1360.55,26,38,0.1829,1063.83,1657.26,0.747,0,stable
shopkeeper,969.79,27,37,0.307,832.4,1107.18,0.398,0,moderate
driver,1318.08,23,28,0.1212,1082.14,1554.02,0.778,1,moderate
delivery_worker,995.88,23,48,0.118,858.53,1133.23,0.695,1,moderate
shopkeeper,1354.87,22,56,0.2629,998.67,1711.06,0.301,0,moderate
street_vendor,284.18,28,18,0.15,248.67,319.68,0.12,1,moderate
laborer,579.79,23,8,0.0181,481.82,677.76,0.085,0,unstable
driver,1267.76,24,30,0.0514,1006.38,1529.13,0.416,0,moderate
delivery_worker,1201.28,23,40,0.1333,922.84,1479.73,0.586,0,moderate
laborer,476.09,24,4,0.0582,372.71,579.48,0.055,0,unstable
delivery_worker,1725.18,28,33,0.1484,1479.56,1800.0,0.832,1,stable
delivery_worker,675.23,19,46,0.0895,600.0,860.92,0.705,1,moderate
driver,1102.74,19,20,0.2212,821.87,1383.61,0.564,0,moderate
shopkeeper,788.67,30,59,0.2746,700.0,879.89,0.573,0,stable
laborer,284.48,15,10,0.0173,213.28,355.67,0.119,0,unstable
street_vendor,791.2,17,18,0.0967,711.39,871.01,0.3,1,unstable
delivery_worker,1356.49,25,44,0.2314,1216.94,1496.03,0.739,0,stable
delivery_worker,713.19,26,46,0.1665,600.0,859.91,0.905,1,moderate
driver,1306.08,23,30,0.0772,983.11,1600.0,0.695,1,moderate
shopkeeper,1330.57,26,43,0.1421,1035.87,1625.27,0.529,1,moderate
shopkeeper,1896.37,24,23,0.1989,1372.95,2000.0,0.413,1,stable
driver,1099.0,19,25,0.0964,812.17,1385.84,0.651,0,moderate
shopkeeper,1345.29,25,46,0.2957,1129.92,1560.65,0.69,0,stable
street_vendor,272.92,25,13,0.1406,200.24,345.6,0.266,0,unstable
street_vendor,736.37,27,19,0.069,578.04,894.7,0.055,0,unstable
street_vendor,710.21,25,18,0.0994,578.51,841.9,0.145,1,moderate
shopkeeper,727.28,30,33,0.2014,700.0,839.71,0.294,0,moderate
delivery_worker,1673.54,23,41,0.1449,1192.64,1800.0,0.801,0,stable
street_vendor,708.11,25,22,0.1343,502.49,900.0,0.129,0,moderate
laborer,289.77,16,8,0.0291,208.35,371.19,0.179,0,unstable
laborer,533.09,23,8,0.006,440.83,625.35,0.128,0,unstable
street_vendor,339.06,23,17,0.0409,295.62,382.5,0.231,0,unstable
shopkeeper,762.27,26,36,0.1925,700.0,960.44,0.338,0,moderate
delivery_worker,732.73,23,40,0.2731,600.0,933.02,0.827,1,moderate
laborer,630.02,19,13,0.073,551.86,700.0,0.118,0,unstable
shopkeeper,1428.78,22,55,0.0829,1184.33,1673.22,0.311,1,moderate
driver,1437.19,20,24,0.1882,1183.93,1600.0,0.512,1,moderate
shopkeeper,880.21,23,55,0.3098,700.0,1076.92,0.337,1,moderate
delivery_worker,1382.39,24,40,0.197,1229.36,1535.42,0.712,1,stable
delivery_worker,1287.68,25,46,0.198,1135.58,1439.79,0.56,1,stable
street_vendor,641.36,18,11,0.0966,494.04,788.68,0.231,1,unstable
shopkeeper,1492.01,27,53,0.1928,1177.49,1806.53,0.275,0,stable
laborer,444.83,20,6,0.0,327.87,561.78,0.146,0,unstable
street_vendor,261.43,21,23,0.0589,200.0,332.62,0.055,0,unstable
street_vendor,266.88,23,19,0.1376,229.84,303.92,0.24,1,unstable
laborer,614.33,24,10,0.0692,446.25,700.0,0.152,1,unstable
laborer,335.42,23,8,0.0688,297.39,373.44,0.195,0,unstable
delivery_worker,884.71,25,40,0.197,708.28,1061.14,0.791,1,moderate
shopkeeper,1685.98,24,46,0.2195,1488.02,1883.94,0.734,0,stable
street_vendor,311.2,25,14,0.0882,258.81,363.58,0.114,0,unstable
delivery_worker,1172.69,26,46,0.3158,913.61,1431.76,0.658,0,stable
street_vendor,256.97,27,20,0.0543,207.31,306.64,0.12,0,unstable
shopkeeper,1547.07,23,51,0.2372,1300.48,1793.67,0.392,1,stable
delivery_worker,839.31,27,40,0.2435,600.0,1086.25,0.524,0,moderate
laborer,656.02,18,12,0.0819,542.76,700.0,0.182,0,unstable
delivery_worker,1158.62,23,53,0.1342,842.32,1474.93,0.629,1,moderate
driver,994.71,23,14,0.1869,791.67,1197.74,0.388,0,moderate
laborer,399.99,23,10,0.0482,319.52,480.45,0.171,0,unstable
shopkeeper,1314.23,26,27,0.3957,927.95,1700.51,0.416,0,stable
laborer,314.91,25,1,0.03,276.81,353.01,0.039,0,unstable
driver,553.17,16,23,0.1934,500.0,670.38,0.484,1,moderate
laborer,619.76,19,7,0.0452,461.11,700.0,0.115,0,unstable
shopkeeper,1474.97,27,48,0.0147,1038.92,1911.02,0.428,0,moderate
driver,1278.54,22,27,0.1512,1035.89,1521.19,0.391,1,moderate
street_vendor,448.29,25,20,0.1638,321.14,575.45,0.227,0,moderate
delivery_worker,1448.46,22,43,0.2313,1182.27,1714.65,0.907,0,stable
shopkeeper,741.13,24,41,0.3536,700.0,952.64,0.549,1,moderate
street_vendor,525.74,22,15,0.0732,379.92,671.56,0.232,0,unstable
driver,606.74,21,25,0.1372,500.0,739.62,0.448,1,moderate
street_vendor,566.27,20,22,0.0211,434.77,697.77,0.159,0,unstable
driver,1355.74,18,23,0.2658,955.8,1600.0,0.495,0,stable
laborer,408.43,10,8,0.0708,299.93,516.94,0.096,0,unstable
delivery_worker,670.57,26,24,0.242,600.0,808.63,0.834,0,moderate
delivery_worker,767.27,21,40,0.2613,600.0,955.18,0.732,0,moderate
delivery_worker,1225.3,29,29,0.1817,860.03,1590.56,0.712,1,stable
driver,1156.85,19,29,0.0916,880.79,1432.9,0.641,0,moderate
shopkeeper,1951.09,25,79,0.3154,1697.92,2000.0,0.711,0,stable
laborer,272.75,26,14,0.0404,221.68,323.83,0.191,1,unstable
shopkeeper,1978.89,26,64,0.2877,1441.52,2000.0,0.286,1,stable
delivery_worker,722.12,20,42,0.1683,637.29,806.95,0.813,0,moderate
street_vendor,423.9,28,23,0.0504,360.89,486.9,0.226,1,moderate
delivery_worker,1581.42,23,57,0.2007,1405.95,1756.88,0.838,1,stable
driver,666.07,22,23,0.1449,500.0,840.1,0.66,1,moderate
delivery_worker,658.67,19,38,0.2227,600.0,843.45,0.5,0,moderate
street_vendor,736.91,25,13,0.0789,632.28,841.54,0.274,0,moderate
street_vendor,275.73,21,23,0.0843,203.13,348.33,0.236,0,unstable
shopkeeper,1429.78,27,59,0.2371,1041.81,1817.75,0.541,1,stable
driver,1504.92,21,23,0.196,1149.27,1600.0,0.703,0,stable
shopkeeper,1290.97,23,52,0.2647,958.88,1623.07,0.371,0,moderate
driver,1566.95,24,32,0.1055,1100.76,1600.0,0.776,1,moderate
delivery_worker,829.33,22,57,0.284,676.64,982.02,0.631,0,moderate
delivery_worker,1698.12,30,34,0.1018,1395.15,1800.0,0.686,1,stable
laborer,317.69,27,14,0.0843,256.81,378.57,0.16,0,unstable
driver,1341.1,26,29,0.1185,1205.24,1476.96,0.622,0,moderate
street_vendor,596.47,30,15,0.084,441.41,751.52,0.162,0,moderate
street_vendor,758.04,21,25,0.1507,615.82,900.0,0.139,1,moderate
driver,1072.28,21,31,0.1074,851.65,1292.91,0.641,0,moderate
delivery_worker,1731.11,21,40,0.2726,1311.33,1800.0,0.826,0,stable
shopkeeper,1628.36,22,41,0.2553,1325.76,1930.96,0.331,1,stable
shopkeeper,1858.12,24,58,0.2879,1644.06,2000.0,0.543,1,stable
delivery_worker,940.91,24,58,0.0705,673.61,1208.21,0.707,1,moderate
delivery_worker,867.93,22,49,0.2124,662.03,1073.84,0.914,1,moderate
delivery_worker,964.71,26,36,0.2367,702.24,1227.18,0.687,1,moderate
driver,1433.1,22,36,0.0089,1192.95,1600.0,0.422,0,moderate
shopkeeper,1280.96,26,86,0.0458,919.6,1642.33,0.458,0,stable
delivery_worker,1109.81,25,50,0.3005,939.04,1280.57,0.823,1,stable
laborer,216.92,27,11,0.0238,200.0,273.78,0.035,0,unstable
street_vendor,244.12,19,20,0.1114,200.0,294.03,0.183,0,unstable
laborer,663.59,19,8,0.0764,467.92,700.0,0.193,0,unstable
laborer,618.59,19,10,0.0,554.85,682.32,0.171,1,unstable
shopkeeper,1242.02,26,33,0.1366,1024.5,1459.55,0.355,1,moderate
laborer,520.2,10,10,0.0627,372.53,667.88,0.195,0,unstable
driver,820.05,21,28,0.2556,639.39,1000.7,0.615,0,moderate
shopkeeper,1948.77,27,69,0.3734,1689.57,2000.0,0.448,1,stable
street_vendor,542.23,23,15,0.0094,431.4,653.05,0.096,0,unstable
laborer,353.82,23,14,0.0346,283.81,423.82,0.176,1,unstable
street_vendor,851.52,23,24,0.0393,684.86,900.0,0.313,0,moderate
delivery_worker,1088.81,25,44,0.1294,885.61,1292.02,0.604,1,moderate
shopkeeper,999.24,24,46,0.1476,767.71,1230.76,0.563,1,moderate
driver,571.8,20,31,0.0444,505.26,638.34,0.589,0,moderate
shopkeeper,1325.46,24,54,0.1707,1109.54,1541.38,0.69,0,stable
driver,564.48,24,23,0.1608,500.0,704.46,0.475,0,moderate
shopkeeper,1822.3,24,37,0.2255,1507.1,2000.0,0.458,1,stable
delivery_worker,819.75,26,30,0.1419,600.0,1048.37,0.868,1,moderate
delivery_worker,1706.88,26,52,0.2024,1294.13,1800.0,0.888,1,stable
street_vendor,857.41,30,22,0.0538,764.24,900.0,0.082,0,moderate
shopkeeper,1803.91,28,55,0.3658,1411.6,2000.0,0.575,0,stable
delivery_worker,1121.07,25,46,0.2246,981.05,1261.1,0.919,0,stable
driver,827.37,22,23,0.2687,579.64,1075.11,0.58,1,moderate
shopkeeper,1854.8,26,54,0.2643,1490.33,2000.0,0.677,1,stable
driver,626.13,24,21,0.1496,500.0,794.24,0.358,1,moderate
shopkeeper,1676.27,26,45,0.2917,1270.32,2000.0,0.494,0,stable
street_vendor,466.97,21,18,0.087,387.85,546.09,0.18,0,unstable
delivery_worker,747.29,23,56,0.1005,600.0,898.85,0.712,0,moderate
laborer,297.64,22,16,0.127,229.99,365.29,0.131,0,unstable
street_vendor,211.85,22,20,0.1516,200.0,271.17,0.344,0,moderate
driver,1489.3,20,18,0.0372,1293.19,1600.0,0.53,0,moderate
street_vendor,382.58,23,12,0.1274,342.57,422.6,0.082,0,unstable
laborer,647.66,16,8,0.062,465.18,700.0,0.099,1,unstable
driver,1586.47,26,33,0.1591,1322.15,1600.0,0.637,0,stable
laborer,502.7,21,10,0.0904,442.96,562.44,0.027,0,unstable
driver,1038.23,22,32,0.0,754.05,1322.41,0.388,0,unstable
driver,734.45,17,20,0.2025,632.96,835.94,0.769,1,moderate
delivery_worker,606.9,21,39,0.0,600.0,728.88,0.901,1,moderate
street_vendor,883.39,23,10,0.0912,684.73,900.0,0.14,1,moderate
shopkeeper,1545.22,26,40,0.2351,1219.64,1870.81,0.725,1,stable
shopkeeper,1991.63,27,57,0.4,1535.84,2000.0,0.262,0,stable
delivery_worker,1372.79,29,54,0.0435,1210.36,1535.23,0.739,0,moderate
laborer,209.71,19,12,0.0353,200.0,242.53,0.129,0,unstable
shopkeeper,989.35,25,53,0.2635,744.31,1234.38,0.738,0,moderate
street_vendor,399.21,20,23,0.0629,325.76,472.66,0.281,0,unstable
street_vendor,392.47,24,18,0.1423,279.6,505.35,0.294,0,moderate
driver,1560.42,22,39,0.0563,1397.53,1600.0,0.581,0,moderate
delivery_worker,1639.41,23,49,0.1536,1277.74,1800.0,0.805,1,moderate
street_vendor,676.25,18,23,0.1467,555.32,797.17,0.332,0,moderate
laborer,598.15,14,13,0.0652,430.12,700.0,0.096,0,unstable
shopkeeper,1828.0,27,48,0.2461,1288.5,2000.0,0.461,1,stable
shopkeeper,1021.81,28,31,0.3098,739.29,1304.32,0.341,1,stable
laborer,424.17,23,14,0.0478,350.8,497.54,0.083,0,unstable
street_vendor,356.57,20,17,0.0468,265.84,447.31,0.275,1,unstable
shopkeeper,1557.41,22,64,0.2776,1178.64,1936.18,0.339,0,stable
laborer,670.57,27,12,0.0996,521.6,700.0,0.185,1,moderate
street_vendor,809.08,19,23,0.0727,692.8,900.0,0.297,0,moderate
street_vendor,858.29,19,26,0.036,695.7,900.0,0.273,0,unstable
shopkeeper,1758.28,22,50,0.2078,1320.39,2000.0,0.468,1,stable
delivery_worker,1582.05,26,46,0.2909,1250.57,1800.0,0.517,1,stable
shopkeeper,808.35,26,74,0.2621,700.0,959.93,0.389,1,moderate
shopkeeper,1136.1,29,16,0.3338,863.72,1408.48,0.295,0,stable
laborer,481.62,22,6,0.0,369.01,594.23,0.062,0,unstable
laborer,448.5,12,9,0.027,314.3,582.7,0.183,0,unstable
laborer,562.91,20,13,0.0211,437.96,687.86,0.125,0,unstable
driver,1410.58,18,33,0.28,987.82,1600.0,0.687,1,moderate
laborer,452.51,20,5,0.0845,385.97,519.05,0.084,0,unstable
delivery_worker,888.54,25,32,0.0829,782.8,994.27,0.811,1,moderate
laborer,628.67,25,5,0.0,463.13,700.0,0.154,1,unstable
shopkeeper,1108.22,30,27,0.1596,971.12,1245.31,0.28,1,moderate
laborer,458.38,29,8,0.0577,334.19,582.57,0.058,0,moderate
laborer,258.2,20,11,0.0841,208.79,307.62,0.173,1,unstable
delivery_worker,1504.59,28,35,0.108,1088.92,1800.0,0.937,0,stable
laborer,341.3,18,1,0.0,268.67,413.92,0.141,0,unstable
delivery_worker,1648.75,22,34,0.2311,1432.65,1800.0,0.692,0,stable
driver,999.95,21,20,0.1757,860.55,1139.36,0.674,0,moderate
laborer,238.15,21,12,0.0428,200.0,306.25,0.034,0,unstable
street_vendor,714.98,21,24,0.0,500.93,900.0,0.109,1,unstable
driver,744.21,24,23,0.0906,588.1,900.32,0.347,1,moderate
laborer,493.86,10,12,0.0843,387.37,600.36,0.082,1,unstable
delivery_worker,955.6,26,27,0.172,833.78,1077.41,0.708,1,moderate
shopkeeper,1660.35,23,52,0.1656,1485.16,1835.54,0.582,0,stable
laborer,436.68,21,8,0.0684,356.39,516.96,0.092,0,unstable
delivery_worker,1525.44,26,44,0.2037,1093.29,1800.0,0.898,0,stable
laborer,672.9,20,1,0.1118,533.29,700.0,0.101,0,unstable
delivery_worker,1701.27,16,39,0.2355,1408.93,1800.0,0.648,1,moderate
street_vendor,385.4,27,12,0.0355,336.76,434.04,0.241,0,moderate
driver,1254.32,24,37,0.0281,896.42,1600.0,0.723,0,moderate
driver,997.07,19,24,0.2138,895.56,1098.59,0.305,0,moderate
laborer,458.71,20,13,0.0,349.97,567.44,0.075,0,unstable
street_vendor,514.32,24,17,0.0346,446.07,582.57,0.189,0,unstable
street_vendor,529.75,27,18,0.1043,461.57,597.92,0.228,0,moderate
driver,665.66,19,38,0.1756,500.0,857.58,0.423,0,moderate
shopkeeper,1715.34,29,36,0.24,1407.46,2000.0,0.271,1,stable
driver,1230.56,20,39,0.1816,1083.3,1377.81,0.744,1,moderate
laborer,624.71,26,1,0.0819,537.9,700.0,0.084,0,moderate
street_vendor,656.16,17,19,0.03,559.78,752.53,0.185,1,unstable
laborer,363.19,20,6,0.0671,304.86,421.52,0.169,1,unstable
driver,979.17,26,39,0.225,761.91,1196.43,0.664,0,moderate
street_vendor,265.96,28,23,0.1353,202.38,329.54,0.349,0,moderate
laborer,506.25,20,13,0.091,447.63,564.87,0.16,1,unstable
street_vendor,657.61,20,21,0.0225,552.96,762.27,0.053,0,unstable
street_vendor,279.29,28,21,0.0505,214.53,344.04,0.156,0,unstable
street_vendor,751.24,17,13,0.0585,665.01,837.47,0.255,0,unstable
street_vendor,882.95,29,26,0.0533,629.05,900.0,0.299,0,moderate
street_vendor,247.69,21,8,0.0793,207.96,287.43,0.249,0,unstable
driver,1232.37,18,37,0.1696,1092.76,1371.99,0.366,0,moderate
delivery_worker,742.98,27,22,0.248,608.05,877.9,0.665,0,moderate
laborer,516.94,12,13,0.0325,442.99,590.9,0.09,0,unstable
laborer,524.47,18,2,0.022,435.54,613.4,0.031,0,unstable
driver,852.77,19,40,0.1797,603.45,1102.1,0.323,1,moderate
shopkeeper,1758.9,25,34,0.3166,1363.66,2000.0,0.28,0,stable
driver,1288.74,22,25,0.2093,907.82,1600.0,0.655,0,moderate
street_vendor,710.81,24,17,0.1405,523.14,898.49,0.088,0,unstable
laborer,201.81,18,7,0.0406,200.0,226.42,0.172,0,unstable
street_vendor,728.9,18,18,0.0866,620.66,837.14,0.271,1,unstable
driver,826.37,16,35,0.1423,590.58,1062.15,0.796,0,moderate
laborer,344.02,17,7,0.0367,255.21,432.83,0.056,0,unstable
shopkeeper,1652.59,28,39,0.162,1445.99,1859.19,0.44,0,stable
laborer,556.85,16,6,0.039,427.38,686.33,0.034,0,unstable
delivery_worker,1545.26,21,48,0.2142,1213.26,1800.0,0.743,1,stable
shopkeeper,1322.13,27,48,0.152,1054.46,1589.8,0.543,0,moderate
street_vendor,298.11,27,18,0.1237,246.93,349.29,0.115,1,moderate
driver,1070.05,25,18,0.1005,845.83,1294.26,0.74,1,moderate
driver,1241.31,22,41,0.1127,1020.06,1462.56,0.55,0,moderate
laborer,452.6,22,15,0.1011,353.67,551.52,0.191,0,moderate
driver,1134.83,23,21,0.0253,1001.76,1267.89,0.718,0,moderate
shopkeeper,1650.39,27,49,0.3598,1479.07,1821.7,0.477,1,stable
delivery_worker,1403.77,23,33,0.2123,1191.97,1615.56,0.678,0,stable
laborer,614.18,15,15,0.0385,455.54,700.0,0.176,0,unstable
driver,1546.72,20,46,0.1866,1368.54,1600.0,0.655,0,moderate
shopkeeper,1701.01,24,43,0.1982,1408.62,1993.41,0.564,0,stable
shopkeeper,1791.49,24,46,0.1938,1521.81,2000.0,0.735,1,stable
shopkeeper,937.25,27,47,0.1676,700.0,1188.58,0.502,0,moderate
street_vendor,808.13,18,15,0.0113,634.49,900.0,0.343,0,unstable
delivery_worker,1537.32,17,51,0.2354,1245.27,1800.0,0.728,1,moderate
street_vendor,438.2,25,17,0.1004,378.86,497.54,0.29,0,unstable
driver,1370.01,24,32,0.1791,976.33,1600.0,0.686,1,stable
street_vendor,718.53,19,15,0.1255,534.8,900.0,0.254,0,unstable
laborer,569.52,12,17,0.0355,459.83,679.21,0.034,0,unstable
delivery_worker,1618.37,23,39,0.1284,1449.79,1786.95,0.832,1,moderate
street_vendor,390.16,18,15,0.1456,333.04,447.28,0.233,1,unstable
driver,1201.52,19,28,0.1735,966.72,1436.32,0.663,0,moderate
laborer,310.75,30,9,0.0323,223.54,397.96,0.125,0,unstable
driver,1049.66,20,28,0.3068,866.18,1233.14,0.302,0,moderate
street_vendor,495.49,23,17,0.0525,412.08,578.89,0.092,1,unstable
driver,1147.76,21,11,0.1482,990.14,1305.37,0.702,1,moderate
delivery_worker,1149.92,29,36,0.1124,869.04,1430.79,0.727,0,moderate
street_vendor,663.13,30,17,0.0137,476.79,849.47,0.323,0,moderate
street_vendor,877.36,23,22,0.0992,772.59,900.0,0.343,1,moderate
driver,1008.14,19,25,0.1735,870.91,1145.38,0.42,1,moderate
shopkeeper,1418.28,24,50,0.3303,1028.76,1807.79,0.316,1,stable
delivery_worker,825.37,25,50,0.3423,619.67,1031.07,0.612,1,moderate
delivery_worker,1759.06,25,48,0.1736,1498.5,1800.0,0.927,1,stable
driver,1449.73,18,39,0.1668,1230.4,1600.0,0.76,0,moderate
laborer,519.84,15,6,0.0393,467.55,572.14,0.078,0,unstable
street_vendor,668.02,22,28,0.0623,544.3,791.74,0.067,0,unstable
delivery_worker,719.84,28,53,0.0556,627.66,812.02,0.779,1,moderate
shopkeeper,889.04,26,47,0.1969,700.0,1100.56,0.659,0,moderate
laborer,515.5,28,6,0.0529,420.83,610.16,0.194,0,unstable
shopkeeper,1236.16,29,59,0.4,909.66,1562.66,0.277,0,stable
delivery_worker,1680.69,23,44,0.0922,1250.39,1800.0,0.642,0,stable
street_vendor,455.35,21,9,0.0551,358.75,551.95,0.079,0,unstable
shopkeeper,714.79,26,65,0.2246,700.0,786.5,0.261,0,moderate
street_vendor,328.37,23,18,0.02,248.86,407.88,0.074,0,unstable
laborer,492.46,20,14,0.0,434.73,550.19,0.159,0,unstable
street_vendor,709.05,23,14,0.1243,519.41,898.69,0.17,0,moderate
street_vendor,543.89,26,3,0.1461,471.3,616.49,0.205,1,moderate
laborer,531.56,20,14,0.0,393.64,669.49,0.046,0,unstable
driver,1500.15,27,35,0.3493,1076.71,1600.0,0.508,1,stable
laborer,411.4,17,10,0.0539,305.21,517.6,0.029,0,unstable
laborer,253.71,19,13,0.1204,218.15,289.27,0.044,0,unstable
street_vendor,245.18,20,19,0.1352,200.0,301.64,0.205,0,unstable
street_vendor,772.67,20,23,0.1257,667.26,878.07,0.124,0,moderate
laborer,602.18,22,6,0.1078,511.93,692.43,0.179,0,moderate
driver,998.56,22,38,0.2166,771.08,1226.03,0.455,1,moderate
delivery_worker,1134.05,24,40,0.1501,842.58,1425.52,0.768,0,moderate
delivery_worker,943.76,19,31,0.2356,796.75,1090.76,0.842,0,moderate
shopkeeper,1899.88,28,53,0.3644,1546.14,2000.0,0.658,1,stable
delivery_worker,1540.73,27,47,0.0392,1100.03,1800.0,0.52,1,moderate
laborer,449.46,24,10,0.0,385.5,513.41,0.125,1,unstable
delivery_worker,1304.87,28,39,0.1762,939.42,1670.32,0.765,1,moderate
driver,859.1,19,31,0.143,663.05,1055.14,0.355,1,moderate
driver,758.36,23,36,0.1782,531.44,985.29,0.747,1,moderate
delivery_worker,1287.99,24,39,0.2042,909.96,1666.03,0.881,1,stable
laborer,385.91,23,5,0.0,334.59,437.22,0.093,0,unstable
delivery_worker,1784.83,25,47,0.1657,1301.65,1800.0,0.654,0,stable
shopkeeper,1956.64,23,62,0.2609,1608.25,2000.0,0.74,1,stable
shopkeeper,1918.93,22,42,0.1016,1376.12,2000.0,0.572,1,stable
shopkeeper,824.75,25,68,0.1598,700.0,1071.13,0.498,0,moderate
laborer,648.3,21,17,0.062,539.73,700.0,0.081,1,unstable
driver,1055.99,20,20,0.0222,823.32,1288.65,0.438,0,moderate
laborer,272.53,21,10,0.0693,218.27,326.78,0.149,0,unstable
driver,521.93,19,32,0.2094,500.0,641.56,0.403,0,moderate
laborer,430.55,19,12,0.0769,317.68,543.42,0.086,1,unstable
delivery_worker,1019.38,30,32,0.0974,778.85,1259.91,0.708,0,moderate
delivery_worker,1740.9,25,40,0.2067,1439.19,1800.0,0.609,1,stable
driver,655.86,21,26,0.1171,530.87,780.86,0.537,1,moderate
street_vendor,825.87,25,29,0.0257,713.34,900.0,0.204,0,moderate
laborer,315.73,20,15,0.0344,260.32,371.13,0.156,0,unstable
street_vendor,634.2,23,10,0.0849,462.14,806.26,0.054,0,unstable
shopkeeper,1341.04,20,54,0.2041,997.17,1684.91,0.686,1,moderate
driver,1575.69,16,16,0.2183,1105.09,1600.0,0.412,1,moderate
street_vendor,235.07,24,16,0.02,200.0,280.92,0.213,0,unstable
street_vendor,686.59,21,21,0.1226,550.41,822.78,0.318,1,unstable
delivery_worker,1630.65,24,42,0.1912,1369.41,1800.0,0.72,0,stable
delivery_worker,1433.31,24,33,0.2286,1012.41,1800.0,0.636,1,stable
driver,1208.9,23,27,0.2,1044.31,1373.49,0.499,1,moderate
street_vendor,454.0,16,16,0.1147,371.55,536.46,0.164,0,unstable
driver,1334.85,25,27,0.0241,988.25,1600.0,0.451,1,moderate
driver,659.49,22,31,0.1992,569.21,749.78,0.72,1,moderate
delivery_worker,1682.01,24,39,0.1538,1343.47,1800.0,0.606,1,stable
laborer,697.18,19,13,0.0067,594.62,700.0,0.175,0,unstable
driver,1463.18,20,21,0.0384,1217.32,1600.0,0.636,1,moderate
street_vendor,690.7,29,29,0.0,573.63,807.76,0.256,1,unstable
shopkeeper,1786.73,24,73,0.2294,1350.11,2000.0,0.332,1,stable
laborer,404.36,13,11,0.0312,305.7,503.01,0.079,0,unstable
delivery_worker,1526.81,22,24,0.2362,1183.16,1800.0,0.65,0,stable
street_vendor,605.85,17,12,0.0446,527.61,684.09,0.167,0,unstable
laborer,453.38,13,5,0.0897,339.63,567.14,0.088,0,unstable
street_vendor,818.62,26,21,0.1364,611.21,900.0,0.278,0,moderate
laborer,415.56,16,9,0.0779,368.41,462.7,0.076,0,unstable
shopkeeper,1768.58,22,53,0.2472,1443.01,2000.0,0.411,1,stable
driver,835.6,20,37,0.0765,616.44,1054.77,0.534,0,moderate
street_vendor,311.19,25,15,0.051,221.09,401.28,0.055,0,unstable
street_vendor,650.87,21,22,0.0688,562.6,739.13,0.077,1,unstable
driver,908.47,18,27,0.2488,662.84,1154.09,0.662,0,moderate
street_vendor,438.59,27,25,0.1566,331.06,546.12,0.165,0,moderate
street_vendor,313.62,27,13,0.0624,226.81,400.42,0.23,0,unstable
delivery_worker,1578.6,21,50,0.1454,1284.73,1800.0,0.773,0,moderate
laborer,489.1,13,11,0.0578,343.54,634.67,0.041,1,unstable
driver,842.09,27,51,0.2594,734.88,949.31,0.786,0,stable
shopkeeper,853.88,26,41,0.1757,710.68,997.07,0.522,0,moderate
street_vendor,359.07,27,16,0.0,272.04,446.1,0.126,1,unstable
shopkeeper,829.7,26,46,0.1801,700.0,1048.28,0.273,0,moderate
driver,543.21,16,42,0.0812,500.0,631.03,0.699,0,unstable
shopkeeper,1152.45,24,67,0.2416,1028.19,1276.72,0.599,0,stable
laborer,642.91,10,9,0.0965,477.26,700.0,0.13,1,unstable
shopkeeper,1552.31,30,33,0.27,1255.32,1849.29,0.467,1,stable
shopkeeper,1837.9,23,57,0.2215,1474.74,2000.0,0.394,0,stable
driver,802.74,22,38,0.1734,590.77,1014.71,0.336,1,moderate
shopkeeper,1658.73,24,36,0.2755,1275.55,2000.0,0.422,1,stable
driver,728.12,17,14,0.0705,595.74,860.49,0.416,0,unstable
driver,1254.08,21,32,0.0838,1011.4,1496.76,0.461,1,moderate
driver,1001.67,28,30,0.1303,737.56,1265.79,0.74,1,moderate
laborer,291.63,16,7,0.0,217.42,365.83,0.177,0,unstable
street_vendor,484.17,17,16,0.0249,384.01,584.34,0.065,0,unstable
laborer,238.75,22,9,0.0,212.1,265.39,0.2,0,unstable
laborer,387.62,15,10,0.0,318.95,456.3,0.099,0,unstable
delivery_worker,792.65,22,40,0.1296,664.04,921.25,0.812,1,moderate
shopkeeper,1660.54,26,65,0.2871,1245.41,2000.0,0.294,0,stable
laborer,268.34,20,12,0.021,223.29,313.4,0.133,1,unstable
driver,692.9,21,24,0.1852,587.75,798.06,0.723,1,moderate
driver,538.77,22,26,0.2289,500.0,635.21,0.4,0,moderate
street_vendor,385.7,20,21,0.1183,312.3,459.1,0.205,0,unstable
street_vendor,384.65,30,25,0.0861,327.7,441.6,0.162,0,moderate
driver,1388.92,20,23,0.208,1096.65,1600.0,0.532,0,moderate
driver,827.93,22,18,0.1592,708.18,947.67,0.452,0,moderate
shopkeeper,1512.29,27,54,0.137,1180.52,1844.07,0.465,1,stable
laborer,469.88,21,9,0.0606,329.93,609.84,0.041,0,unstable
driver,1127.92,20,34,0.2428,881.41,1374.44,0.597,0,moderate
laborer,426.08,18,5,0.0,364.28,487.88,0.05,0,unstable
street_vendor,732.92,25,13,0.0885,610.94,854.9,0.331,0,moderate
laborer,698.75,15,10,0.0567,492.12,700.0,0.195,0,unstable
delivery_worker,1226.61,25,33,0.0177,976.63,1476.58,0.786,0,moderate
laborer,497.94,20,14,0.1008,362.79,633.1,0.1,1,unstable
driver,915.59,17,30,0.1342,642.0,1189.18,0.721,0,unstable
shopkeeper,1440.67,24,48,0.214,1092.73,1788.61,0.583,1,stable
shopkeeper,771.07,27,44,0.2508,700.0,995.11,0.741,0,moderate
delivery_worker,1166.79,25,30,0.1857,907.44,1426.13,0.749,0,moderate
laborer,562.53,16,10,0.0881,478.2,646.86,0.129,1,unstable
delivery_worker,1629.33,27,35,0.0919,1163.03,1800.0,0.801,0,stable
street_vendor,400.85,23,15,0.0158,358.56,443.14,0.1,1,unstable
driver,930.53,19,38,0.1598,658.48,1202.58,0.528,0,moderate
street_vendor,487.52,25,20,0.0,416.05,558.99,0.208,0,unstable
laborer,379.4,22,10,0.0827,287.07,471.73,0.168,0,unstable
laborer,527.26,18,2,0.0781,465.61,588.91,0.097,0,unstable
driver,1499.74,22,31,0.1226,1212.52,1600.0,0.658,1,stable
shopkeeper,1324.44,25,68,0.1865,1152.74,1496.15,0.479,1,moderate
shopkeeper,1027.5,26,41,0.17,849.22,1205.78,0.451,1,moderate
delivery_worker,1000.58,25,30,0.054,788.91,1212.25,0.859,1,moderate
laborer,509.56,25,6,0.0021,407.08,612.04,0.14,0,moderate
shopkeeper,1964.47,30,32,0.2326,1520.75,2000.0,0.297,1,stable
street_vendor,722.78,23,28,0.0,590.9,854.65,0.165,0,moderate
delivery_worker,1375.42,23,42,0.1324,1205.97,1544.88,0.746,1,moderate
street_vendor,306.71,25,19,0.0639,250.83,362.59,0.251,1,unstable
delivery_worker,978.3,25,46,0.2643,842.15,1114.46,0.775,0,moderate
driver,760.45,26,40,0.103,616.78,904.12,0.685,1,moderate
shopkeeper,1571.22,27,59,0.3638,1270.89,1871.55,0.336,1,stable
shopkeeper,1738.89,24,60,0.2919,1510.24,1967.53,0.672,0,stable
street_vendor,782.2,30,16,0.0858,670.9,893.51,0.071,0,moderate
laborer,212.21,18,14,0.057,200.0,258.04,0.124,1,unstable
shopkeeper,719.99,26,56,0.1881,700.0,892.02,0.483,1,moderate
laborer,576.97,22,10,0.072,429.33,700.0,0.139,1,unstable
shopkeeper,1052.93,27,47,0.1325,946.44,1159.42,0.323,0,moderate
laborer,602.85,23,7,0.0,533.93,671.77,0.157,0,unstable
driver,1387.04,20,24,0.2112,1100.21,1600.0,0.554,0,moderate
driver,1537.42,24,35,0.0505,1301.7,1600.0,0.395,0,moderate
street_vendor,707.6,26,13,0.1867,606.67,808.53,0.098,0,moderate
delivery_worker,937.82,30,31,0.1719,825.99,1049.66,0.616,1,moderate
driver,638.23,20,33,0.1135,556.66,719.8,0.52,1,moderate
laborer,250.15,17,14,0.0372,210.23,290.07,0.12,1,unstable
laborer,513.82,14,13,0.1072,421.84,605.81,0.082,0,unstable
laborer,393.58,16,10,0.1051,299.07,488.09,0.087,0,unstable
shopkeeper,1795.92,28,48,0.2911,1553.41,2000.0,0.612,0,stable
shopkeeper,1356.65,25,52,0.1597,1112.69,1600.6,0.68,0,moderate
driver,742.07,18,34,0.103,539.66,944.49,0.411,0,moderate
shopkeeper,1526.95,26,47,0.2882,1162.76,1891.13,0.728,1,stable
delivery_worker,715.9,26,42,0.253,600.0,902.53,0.665,0,moderate
laborer,352.83,12,9,0.074,300.73,404.94,0.171,0,unstable
shopkeeper,1748.23,25,51,0.2474,1449.37,2000.0,0.356,1,stable
street_vendor,303.04,28,17,0.183,214.22,391.86,0.057,1,unstable
street_vendor,505.39,22,20,0.0479,391.11,619.67,0.159,0,unstable
shopkeeper,827.36,27,42,0.3547,700.0,1022.58,0.717,1,stable
laborer,205.56,15,4,0.0881,200.0,257.78,0.109,1,unstable
shopkeeper,950.18,25,65,0.3003,774.49,1125.87,0.404,0,moderate
shopkeeper,1820.17,26,48,0.2003,1564.39,2000.0,0.449,1,stable
street_vendor,633.16,27,15,0.0444,455.94,810.39,0.168,0,moderate
shopkeeper,1013.93,26,48,0.2144,769.37,1258.48,0.528,0,moderate
laborer,404.73,20,10,0.0748,314.29,495.18,0.11,0,unstable
laborer,447.26,15,8,0.1613,391.09,503.43,0.113,0,unstable
delivery_worker,1673.8,27,10,0.225,1354.6,1800.0,0.792,1,stable
shopkeeper,1391.0,26,63,0.3643,1077.4,1704.59,0.339,1,stable
street_vendor,436.49,26,16,0.0113,355.52,517.46,0.331,1,unstable
laborer,406.31,19,6,0.0411,290.37,522.25,0.075,0,unstable
delivery_worker,822.18,26,24,0.2509,663.24,981.12,0.823,1,moderate
delivery_worker,1349.47,23,32,0.141,1184.02,1514.92,0.578,0,moderate
delivery_worker,1276.33,24,41,0.2029,1103.76,1448.89,0.757,0,moderate
street_vendor,510.89,24,27,0.08,415.27,606.52,0.16,0,unstable
driver,532.21,29,32,0.1126,500.0,632.24,0.542,0,moderate
driver,1350.9,17,26,0.1971,1016.46,1600.0,0.398,1,moderate
delivery_worker,1142.81,26,44,0.2247,834.07,1451.56,0.627,1,moderate
driver,1252.62,17,39,0.2442,1091.53,1413.7,0.705,1,moderate
street_vendor,748.44,25,21,0.0361,524.01,900.0,0.269,0,moderate
shopkeeper,1520.95,29,37,0.2089,1126.63,1915.26,0.53,1,stable
street_vendor,469.1,28,15,0.0674,420.56,517.65,0.191,1,moderate
shopkeeper,1320.82,26,60,0.2558,1081.83,1559.8,0.73,1,stable
delivery_worker,1237.57,21,39,0.3851,1103.02,1372.11,0.937,0,stable
shopkeeper,1074.19,29,54,0.178,915.04,1233.34,0.595,0,stable
driver,544.92,22,30,0.0323,500.0,682.55,0.491,1,unstable
street_vendor,706.04,26,15,0.0596,535.5,876.58,0.073,0,unstable
delivery_worker,879.68,23,23,0.2278,731.16,1028.2,0.582,0,moderate
shopkeeper,1158.33,26,35,0.2243,815.34,1501.32,0.272,0,moderate
delivery_worker,1478.71,26,59,0.2688,1194.59,1762.83,0.8,1,stable
street_vendor,388.09,30,25,0.0653,315.14,461.05,0.16,1,moderate
delivery_worker,901.76,24,57,0.1334,772.86,1030.66,0.9,0,moderate
delivery_worker,1403.81,29,47,0.181,1020.9,1786.72,0.874,0,stable
delivery_worker,1347.71,20,42,0.2349,1002.91,1692.51,0.525,0,moderate
delivery_worker,1046.98,24,24,0.2268,861.31,1232.65,0.714,1,moderate
shopkeeper,1159.7,22,54,0.1181,1019.89,1299.51,0.466,1,moderate
laborer,696.27,25,10,0.0329,555.96,700.0,0.177,0,unstable
street_vendor,690.63,28,21,0.1266,602.31,778.96,0.133,1,moderate
laborer,634.78,20,21,0.0893,491.91,700.0,0.08,1,unstable
street_vendor,770.66,30,16,0.0824,677.21,864.1,0.223,0,moderate
driver,758.32,19,32,0.1531,638.0,878.64,0.409,0,moderate
driver,1285.78,21,25,0.1388,944.77,1600.0,0.791,1,moderate
street_vendor,593.66,21,13,0.1115,533.57,653.75,0.089,0,moderate
driver,1348.15,22,33,0.2129,1184.59,1511.71,0.372,0,moderate
street_vendor,291.99,29,26,0.1794,239.36,344.62,0.086,1,unstable
delivery_worker,1557.88,25,43,0.0682,1175.91,1800.0,0.78,1,stable
shopkeeper,865.42,25,49,0.3757,766.43,964.4,0.559,0,stable
street_vendor,718.23,23,19,0.0821,580.08,856.38,0.143,0,moderate
shopkeeper,1426.33,25,68,0.2479,1215.2,1637.45,0.383,1,stable
laborer,334.12,23,11,0.0691,245.88,422.37,0.084,0,unstable
driver,542.02,22,24,0.0826,500.0,696.7,0.545,1,unstable
street_vendor,667.27,30,21,0.0914,470.45,864.09,0.186,0,moderate
laborer,394.11,16,7,0.0161,301.14,487.07,0.088,0,unstable
delivery_worker,904.65,25,32,0.0,805.2,1004.11,0.759,1,moderate
delivery_worker,1395.54,28,49,0.1447,1115.76,1675.32,0.827,1,stable
street_vendor,793.33,18,18,0.0734,567.99,900.0,0.268,0,unstable
street_vendor,646.1,22,20,0.0847,458.49,833.71,0.201,1,unstable
driver,743.34,20,29,0.1525,632.61,854.07,0.635,1,moderate
driver,559.53,24,30,0.2202,500.0,681.11,0.739,0,moderate
driver,583.44,19,45,0.1046,501.53,665.35,0.523,0,moderate
driver,613.8,16,44,0.1748,518.08,709.52,0.615,0,moderate
delivery_worker,1554.73,24,25,0.2408,1226.04,1800.0,0.932,0,stable
shopkeeper,1385.0,26,48,0.1727,1241.6,1528.4,0.418,0,moderate
driver,1089.23,16,28,0.1382,850.48,1327.98,0.556,1,moderate
shopkeeper,792.21,26,39,0.2935,700.0,939.49,0.531,1,moderate
driver,927.47,22,39,0.1007,666.59,1188.36,0.777,1,moderate
laborer,604.08,16,15,0.0,499.1,700.0,0.193,0,unstable
driver,1277.93,26,33,0.1469,957.27,1598.59,0.61,0,moderate
delivery_worker,1274.96,28,28,0.1393,920.51,1629.42,0.705,1,moderate
shopkeeper,1347.92,28,54,0.1878,969.56,1726.28,0.567,0,stable
laborer,239.58,20,8,0.1403,200.0,291.45,0.082,0,unstable
driver,557.97,14,30,0.2125,500.0,697.81,0.767,0,moderate
delivery_worker,1226.92,23,38,0.2329,887.27,1566.57,0.628,1,stable
street_vendor,535.36,30,21,0.1114,380.51,690.22,0.158,0,moderate
shopkeeper,856.38,25,62,0.2432,700.0,1047.69,0.252,1,moderate
laborer,309.84,29,19,0.0805,219.99,399.7,0.151,0,unstable
laborer,664.21,20,16,0.017,509.12,700.0,0.092,1,unstable
laborer,559.49,15,13,0.002,411.33,700.0,0.029,0,unstable
delivery_worker,1347.74,22,57,0.1627,975.07,1720.4,0.88,1,moderate
street_vendor,749.54,26,6,0.1389,602.23,896.85,0.157,0,moderate
delivery_worker,1691.85,27,33,0.1388,1192.31,1800.0,0.805,1,stable
driver,526.64,23,34,0.0,500.0,615.84,0.59,1,unstable
delivery_worker,1231.25,23,19,0.1583,1105.41,1357.1,0.804,0,moderate
shopkeeper,1195.09,27,33,0.3208,1073.84,1316.33,0.411,1,stable
delivery_worker,1734.85,27,49,0.1385,1233.29,1800.0,0.767,0,stable
laborer,438.81,19,16,0.0237,326.94,550.68,0.042,0,unstable
laborer,671.82,24,15,0.109,537.35,700.0,0.044,0,moderate
street_vendor,694.86,22,12,0.0691,490.29,899.42,0.163,0,unstable
delivery_worker,876.68,23,51,0.102,749.11,1004.25,0.616,0,moderate
driver,1240.19,22,25,0.0203,917.08,1563.31,0.431,0,moderate
laborer,553.24,21,5,0.0601,494.25,612.24,0.045,0,unstable
driver,841.96,26,19,0.188,683.52,1000.39,0.476,0,moderate
street_vendor,380.1,23,8,0.1098,303.42,456.79,0.192,1,unstable
delivery_worker,607.2,28,47,0.1335,600.0,694.11,0.517,1,moderate
street_vendor,745.45,17,14,0.0398,580.56,900.0,0.295,1,unstable
delivery_worker,1000.99,20,63,0.1676,767.89,1234.09,0.834,1,moderate
driver,1177.31,22,43,0.1271,854.58,1500.04,0.71,1,moderate
street_vendor,694.08,18,19,0.0613,496.98,891.18,0.081,0,unstable
laborer,234.85,17,5,0.0,200.87,268.83,0.122,0,unstable
street_vendor,233.06,23,14,0.0,206.0,260.12,0.284,0,unstable
driver,1168.04,19,40,0.127,832.78,1503.3,0.49,0,moderate
delivery_worker,911.37,21,46,0.128,767.51,1055.23,0.806,0,moderate
street_vendor,672.2,19,14,0.0838,493.69,850.71,0.08,0,unstable
shopkeeper,1126.14,30,45,0.3186,963.85,1288.43,0.619,0,stable
street_vendor,889.63,22,22,0.0994,748.14,900.0,0.224,0,moderate
driver,955.9,23,32,0.0844,747.42,1164.38,0.316,0,moderate
delivery_worker,1075.6,26,20,0.2891,911.27,1239.92,0.793,1,stable
driver,1266.96,20,21,0.1866,924.01,1600.0,0.483,1,moderate
street_vendor,657.43,23,29,0.0902,536.57,778.29,0.067,0,moderate
driver,1277.92,27,22,0.1442,1058.32,1497.52,0.709,1,moderate
driver,1163.48,20,35,0.14,998.3,1328.66,0.583,0,moderate
shopkeeper,1872.63,28,31,0.1921,1331.76,2000.0,0.488,1,stable
driver,1332.53,21,24,0.0927,1124.76,1540.31,0.452,0,moderate
delivery_worker,1165.83,20,25,0.2201,970.7,1360.97,0.503,0,moderate
shopkeeper,1683.37,27,64,0.0497,1285.27,2000.0,0.377,1,stable
laborer,618.01,22,7,0.0201,445.4,700.0,0.096,0,unstable
shopkeeper,1687.95,27,51,0.1496,1236.37,2000.0,0.631,0,stable
driver,662.79,20,36,0.2429,526.85,798.73,0.345,0,moderate
shopkeeper,1104.5,25,47,0.2071,993.73,1215.27,0.296,0,moderate
street_vendor,349.78,12,23,0.1697,249.41,450.15,0.186,1,unstable
delivery_worker,1656.21,23,40,0.1245,1348.68,1800.0,0.791,1,stable
laborer,600.17,15,17,0.0,459.76,700.0,0.154,1,unstable
driver,550.48,24,14,0.0947,500.0,694.8,0.604,0,moderate
delivery_worker,841.44,25,45,0.2676,726.09,956.79,0.736,1,moderate
delivery_worker,848.08,23,42,0.1651,695.96,1000.2,0.555,0,moderate
street_vendor,349.46,20,16,0.1671,272.17,426.75,0.254,0,unstable
street_vendor,550.16,27,25,0.1306,437.98,662.33,0.246,0,moderate
delivery_worker,787.01,25,38,0.2023,675.15,898.86,0.613,1,moderate
delivery_worker,1678.51,29,41,0.164,1210.99,1800.0,0.701,1,stable
shopkeeper,1660.84,23,36,0.2224,1290.69,2000.0,0.392,1,stable
delivery_worker,1041.33,18,56,0.2579,784.06,1298.6,0.595,1,moderate
shopkeeper,727.52,25,48,0.2477,700.0,816.04,0.572,0,moderate
delivery_worker,736.73,22,38,0.1228,616.58,856.89,0.91,0,moderate
driver,1295.19,21,38,0.1661,1027.6,1562.78,0.44,1,moderate
street_vendor,288.23,23,10,0.1127,224.29,352.16,0.268,0,unstable
delivery_worker,1704.6,27,47,0.1198,1334.73,1800.0,0.715,1,stable
delivery_worker,956.88,21,57,0.1608,770.5,1143.25,0.875,0,moderate
street_vendor,532.32,22,16,0.0713,438.18,626.47,0.287,0,unstable
driver,713.29,26,13,0.0429,569.16,857.41,0.571,0,moderate
shopkeeper,1756.77,25,45,0.3809,1263.57,2000.0,0.5,0,stable
laborer,669.93,15,9,0.0971,581.03,700.0,0.102,0,unstable
laborer,246.57,23,11,0.0503,200.0,314.75,0.037,1,unstable
laborer,361.81,21,7,0.0861,318.13,405.48,0.196,0,unstable
street_vendor,321.4,21,2,0.0553,258.66,384.14,0.256,0,unstable
driver,1370.06,22,16,0.1245,1009.64,1600.0,0.378,1,moderate
driver,860.71,18,36,0.14,701.67,1019.75,0.728,0,moderate
street_vendor,875.35,21,13,0.0491,699.64,900.0,0.258,0,unstable
delivery_worker,1324.8,25,54,0.2356,992.24,1657.36,0.776,1,stable
driver,959.16,15,24,0.1321,798.87,1119.45,0.38,1,unstable
shopkeeper,1185.19,25,33,0.3019,854.64,1515.74,0.275,1,moderate
shopkeeper,973.83,24,36,0.237,700.0,1264.61,0.386,1,moderate
street_vendor,287.22,30,17,0.1109,212.71,361.74,0.127,0,moderate
delivery_worker,1382.69,19,50,0.2041,1202.84,1562.53,0.554,0,stable
laborer,239.72,25,18,0.0554,200.0,280.42,0.188,1,unstable
shopkeeper,1729.63,27,54,0.2804,1535.99,1923.27,0.435,1,stable
street_vendor,771.57,20,7,0.0551,601.33,900.0,0.077,0,unstable
delivery_worker,1064.81,28,41,0.1719,884.14,1245.49,0.598,0,moderate
laborer,640.38,18,14,0.0023,571.87,700.0,0.145,0,unstable
driver,524.12,26,27,0.0699,500.0,675.89,0.711,1,moderate
street_vendor,806.0,29,12,0.0172,645.16,900.0,0.27,0,moderate
delivery_worker,840.93,21,39,0.2783,621.0,1060.85,0.737,0,moderate
delivery_worker,1211.13,27,42,0.2309,989.0,1433.26,0.651,1,stable
driver,1436.4,23,23,0.1819,1179.54,1600.0,0.678,0,moderate
delivery_worker,922.33,26,61,0.2299,738.88,1105.79,0.637,1,moderate
driver,1018.34,19,24,0.1389,778.8,1257.88,0.679,1,moderate
delivery_worker,1448.31,25,52,0.2908,1210.16,1686.47,0.77,1,stable
street_vendor,880.64,24,17,0.0,740.04,900.0,0.213,0,moderate
shopkeeper,1211.26,21,59,0.1705,983.55,1438.96,0.34,0,moderate
driver,1137.45,20,29,0.0399,806.2,1468.7,0.789,0,moderate
driver,1301.48,19,39,0.3142,1122.14,1480.81,0.605,0,stable
street_vendor,663.19,26,28,0.0538,587.8,738.58,0.139,0,moderate
street_vendor,287.2,30,19,0.1286,234.43,339.96,0.062,1,moderate
laborer,361.26,18,6,0.0639,300.18,422.35,0.168,0,unstable
driver,1049.91,18,33,0.1835,900.26,1199.57,0.796,0,moderate
shopkeeper,1471.04,23,60,0.207,1165.49,1776.59,0.367,1,stable
street_vendor,643.86,19,8,0.091,567.13,720.59,0.116,0,unstable
driver,645.46,22,28,0.2735,502.48,788.45,0.423,0,moderate
driver,1093.07,17,13,0.1873,946.34,1239.8,0.668,0,moderate
street_vendor,238.19,25,20,0.1565,200.0,283.73,0.103,0,moderate
street_vendor,422.44,24,7,0.102,358.12,486.77,0.301,0,unstable
driver,957.77,23,30,0.14,795.71,1119.82,0.489,0,moderate
laborer,409.8,15,5,0.0794,301.89,517.71,0.162,0,unstable
driver,979.56,22,21,0.0929,805.87,1153.24,0.794,1,moderate
laborer,621.78,25,8,0.0399,515.4,700.0,0.191,0,moderate
laborer,577.47,16,1,0.0439,432.24,700.0,0.094,0,unstable
street_vendor,210.28,28,16,0.0887,200.0,259.08,0.254,1,moderate
laborer,456.17,14,5,0.0518,327.4,584.93,0.133,0,unstable
shopkeeper,735.04,25,30,0.2872,700.0,821.86,0.556,0,moderate
laborer,463.52,18,15,0.044,408.84,518.2,0.055,1,unstable
delivery_worker,995.32,22,35,0.2374,818.37,1172.27,0.674,0,moderate
driver,1089.93,18,31,0.0347,861.25,1318.61,0.312,1,unstable
delivery_worker,1287.15,22,32,0.1657,1111.58,1462.71,0.941,1,moderate
delivery_worker,1152.64,23,44,0.1902,886.82,1418.46,0.886,0,moderate
laborer,675.81,24,11,0.059,577.04,700.0,0.038,0,unstable
shopkeeper,1970.57,26,54,0.2344,1623.92,2000.0,0.441,1,stable
street_vendor,219.54,21,19,0.0689,200.0,280.66,0.14,0,unstable
street_vendor,567.79,24,28,0.0692,402.38,733.19,0.203,0,unstable
delivery_worker,1078.39,27,35,0.0246,920.99,1235.79,0.745,1,moderate
delivery_worker,606.43,24,55,0.2339,600.0,701.11,0.872,0,moderate
street_vendor,488.48,23,12,0.0458,367.29,609.67,0.244,0,unstable
driver,1113.11,19,39,0.185,909.99,1316.23,0.47,1,moderate
street_vendor,771.33,24,12,0.1374,659.86,882.81,0.264,1,moderate
driver,971.02,27,34,0.1748,827.59,1114.46,0.441,1,moderate
delivery_worker,904.11,26,20,0.1748,794.9,1013.33,0.599,1,moderate
laborer,286.52,21,10,0.0552,246.83,326.21,0.118,0,unstable
driver,1259.28,18,23,0.1358,1014.61,1503.95,0.518,1,moderate
driver,594.8,23,34,0.0836,513.2,676.4,0.503,0,moderate
street_vendor,696.27,30,20,0.143,599.9,792.64,0.272,1,moderate
driver,1304.56,27,17,0.1797,1102.97,1506.16,0.719,0,stable
delivery_worker,1371.53,25,45,0.1843,1016.56,1726.5,0.778,0,moderate
shopkeeper,1897.74,25,50,0.0911,1613.52,2000.0,0.625,1,stable
shopkeeper,1524.06,28,54,0.2649,1233.72,1814.4,0.644,1,stable
street_vendor,426.26,20,14,0.1331,382.48,470.04,0.157,0,unstable
shopkeeper,1348.36,24,66,0.3197,1024.08,1672.64,0.398,1,stable
delivery_worker,1673.6,27,34,0.192,1279.59,1800.0,0.868,0,stable
delivery_worker,1617.46,27,24,0.165,1140.45,1800.0,0.868,0,stable
laborer,203.02,15,10,0.0393,200.0,239.69,0.194,0,unstable
driver,746.81,15,40,0.1847,619.07,874.55,0.47,0,moderate
driver,1103.95,23,32,0.0288,932.08,1275.83,0.377,0,moderate
street_vendor,248.3,20,16,0.0,218.78,277.83,0.267,0,unstable
driver,1328.91,20,28,0.1947,1148.33,1509.5,0.537,1,moderate
driver,808.6,24,15,0.2012,582.99,1034.21,0.687,1,moderate
laborer,540.78,16,18,0.1007,410.57,670.98,0.123,1,unstable
delivery_worker,1404.32,28,38,0.2415,1131.94,1676.69,0.553,0,stable
laborer,692.24,13,3,0.0814,582.61,700.0,0.141,0,unstable
street_vendor,319.95,19,13,0.0683,258.99,380.9,0.152,0,unstable
shopkeeper,985.22,28,19,0.2653,841.4,1129.04,0.397,1,moderate
shopkeeper,1377.01,25,56,0.3047,1014.41,1739.6,0.454,0,stable
delivery_worker,1683.57,25,32,0.1402,1445.14,1800.0,0.588,0,stable
shopkeeper,1910.48,28,74,0.3474,1699.6,2000.0,0.724,1,stable
laborer,260.21,13,4,0.0024,232.45,287.96,0.098,0,unstable
shopkeeper,1685.17,27,43,0.1853,1384.5,1985.84,0.407,0,stable
street_vendor,255.59,26,11,0.069,213.37,297.8,0.104,0,unstable
driver,1329.97,24,23,0.0111,973.48,1600.0,0.403,1,moderate
driver,972.22,23,42,0.1146,840.55,1103.89,0.636,1,moderate
street_vendor,437.35,26,28,0.0,348.73,525.97,0.199,0,unstable
street_vendor,578.93,19,24,0.1215,418.22,739.64,0.229,0,unstable
delivery_worker,1294.02,22,37,0.1843,1157.66,1430.37,0.692,0,moderate
delivery_worker,927.34,24,46,0.0818,787.04,1067.64,0.867,1,moderate
laborer,389.62,19,5,0.0157,274.8,504.45,0.068,1,unstable
street_vendor,813.87,23,18,0.1476,633.54,900.0,0.23,0,moderate
delivery_worker,1689.61,28,30,0.0996,1489.65,1800.0,0.554,0,stable
delivery_worker,1120.71,26,47,0.2789,964.98,1276.45,0.539,1,stable
driver,664.92,21,29,0.148,518.04,811.81,0.429,1,moderate
delivery_worker,790.58,25,32,0.0666,600.0,1027.62,0.892,0,moderate
driver,905.56,19,35,0.1947,652.31,1158.82,0.548,0,moderate
driver,1568.21,22,27,0.122,1194.85,1600.0,0.598,1,moderate
shopkeeper,1944.8,29,45,0.033,1592.66,2000.0,0.288,0,stable
driver,1454.34,23,22,0.1289,1109.44,1600.0,0.708,0,moderate
laborer,394.14,20,1,0.0,297.29,490.99,0.081,0,unstable
shopkeeper,735.4,26,61,0.1226,700.0,896.28,0.321,0,moderate
delivery_worker,1374.77,24,44,0.1831,970.24,1779.29,0.771,1,stable
street_vendor,285.87,23,16,0.0272,223.86,347.89,0.063,0,unstable
street_vendor,727.16,20,17,0.1119,539.56,900.0,0.119,0,unstable
street_vendor,722.78,23,16,0.1183,544.46,900.0,0.204,0,moderate
delivery_worker,1713.3,24,41,0.1576,1278.35,1800.0,0.511,1,stable
laborer,538.95,26,11,0.0749,444.96,632.95,0.024,0,unstable
street_vendor,334.65,27,19,0.1481,272.9,396.39,0.285,0,moderate
shopkeeper,1351.27,25,40,0.2848,1026.84,1675.71,0.741,1,stable
laborer,657.04,18,16,0.022,548.7,700.0,0.069,1,unstable
driver,1451.66,23,37,0.189,1220.47,1600.0,0.751,1,moderate
laborer,646.51,24,13,0.0,556.35,700.0,0.185,0,unstable
delivery_worker,1724.38,24,29,0.1982,1393.5,1800.0,0.634,0,stable
street_vendor,708.36,30,23,0.0801,631.97,784.75,0.264,1,moderate
driver,1336.29,19,26,0.1894,1048.61,1600.0,0.717,1,moderate
delivery_worker,1084.6,26,46,0.1273,932.86,1236.33,0.784,0,moderate
laborer,670.98,17,10,0.0,476.12,700.0,0.11,0,unstable
laborer,680.28,18,7,0.0651,491.81,700.0,0.07,0,unstable
laborer,536.02,21,10,0.0431,431.65,640.38,0.142,1,unstable
street_vendor,693.36,22,19,0.1636,521.21,865.51,0.176,0,moderate
street_vendor,823.64,28,12,0.0796,634.98,900.0,0.052,1,moderate
laborer,678.09,18,10,0.0282,506.66,700.0,0.037,0,unstable
street_vendor,396.08,29,24,0.1296,304.23,487.94,0.348,0,moderate
street_vendor,525.72,22,18,0.0758,388.55,662.89,0.126,1,unstable
shopkeeper,1556.32,24,49,0.1953,1330.31,1782.33,0.405,1,stable
shopkeeper,1278.85,27,51,0.0,979.88,1577.82,0.357,0,moderate
delivery_worker,768.93,30,58,0.1165,616.51,921.35,0.913,0,moderate
shopkeeper,918.14,26,66,0.3631,778.25,1058.03,0.551,0,stable
driver,1142.37,20,40,0.1632,921.67,1363.07,0.606,0,moderate
shopkeeper,1962.87,29,38,0.3539,1523.82,2000.0,0.5,0,stable
street_vendor,515.62,23,15,0.0665,362.65,668.58,0.179,0,unstable
shopkeeper,1153.82,23,68,0.3206,982.53,1325.11,0.631,1,stable
shopkeeper,1438.27,27,41,0.199,1165.1,1711.44,0.334,1,stable
delivery_worker,1277.1,28,27,0.1927,981.63,1572.57,0.571,0,stable
shopkeeper,1404.46,27,38,0.0716,1019.44,1789.48,0.549,1,moderate
laborer,559.51,14,10,0.0944,499.04,619.98,0.048,0,unstable
driver,1273.31,18,31,0.0911,980.24,1566.37,0.374,1,moderate
laborer,429.61,22,11,0.0497,377.25,481.96,0.177,0,unstable
laborer,286.45,20,10,0.0267,230.34,342.56,0.125,1,unstable
street_vendor,758.53,21,19,0.1224,677.02,840.04,0.134,0,unstable
delivery_worker,1698.3,22,55,0.0849,1511.61,1800.0,0.851,1,moderate
shopkeeper,910.36,27,58,0.1693,740.35,1080.37,0.71,1,moderate
street_vendor,714.32,21,15,0.0696,636.25,792.38,0.194,1,moderate
delivery_worker,1100.56,23,28,0.2229,844.14,1356.99,0.647,0,moderate
shopkeeper,1694.91,28,56,0.2583,1324.57,2000.0,0.599,1,stable
shopkeeper,1460.79,23,44,0.3167,1074.84,1846.74,0.274,0,stable
shopkeeper,1536.13,26,65,0.3354,1197.45,1874.8,0.315,1,stable
laborer,509.5,27,14,0.0715,456.74,562.25,0.116,0,moderate
shopkeeper,1301.87,23,72,0.1334,934.84,1668.89,0.268,1,moderate
delivery_worker,697.57,21,33,0.1308,600.0,875.9,0.611,1,moderate
street_vendor,432.01,26,12,0.0,338.23,525.79,0.309,0,unstable
laborer,613.86,29,13,0.1077,446.29,700.0,0.119,1,moderate
delivery_worker,1571.5,25,35,0.2142,1175.3,1800.0,0.622,1,stable
driver,1058.89,18,26,0.2132,924.65,1193.13,0.727,1,moderate
delivery_worker,1279.08,21,42,0.145,1141.94,1416.21,0.831,0,moderate
delivery_worker,1169.09,23,33,0.2015,851.14,1487.04,0.603,1,moderate
street_vendor,636.18,22,10,0.0952,562.75,709.6,0.12,0,unstable
laborer,450.91,12,8,0.0525,342.82,559.0,0.044,0,unstable
delivery_worker,995.2,26,34,0.1006,853.07,1137.34,0.843,1,moderate
laborer,495.78,26,13,0.0833,376.82,614.75,0.024,0,unstable
street_vendor,234.06,22,16,0.0834,200.0,287.95,0.264,0,unstable
street_vendor,662.78,25,21,0.0041,592.46,733.11,0.194,0,moderate
driver,777.27,18,27,0.1891,683.84,870.69,0.554,1,moderate
shopkeeper,1872.93,26,56,0.1742,1404.76,2000.0,0.493,0,stable
driver,1519.11,19,42,0.1119,1250.54,1600.0,0.447,1,moderate
delivery_worker,632.56,29,29,0.1781,600.0,818.71,0.699,1,moderate
driver,830.3,19,22,0.1016,586.67,1073.93,0.568,0,moderate
driver,1297.6,21,26,0.1674,972.1,1600.0,0.601,1,moderate
shopkeeper,1215.64,26,45,0.1185,1076.03,1355.25,0.481,1,moderate
delivery_worker,1156.08,27,18,0.1094,875.56,1436.6,0.776,1,moderate
street_vendor,706.13,18,16,0.1482,556.35,855.9,0.197,0,unstable
laborer,310.62,18,10,0.1312,255.58,365.66,0.194,0,unstable
street_vendor,396.52,18,15,0.0956,316.64,476.4,0.127,0,unstable
laborer,611.93,21,12,0.0518,455.05,700.0,0.1,0,unstable
delivery_worker,1600.85,21,38,0.1662,1292.16,1800.0,0.603,0,stable
street_vendor,653.21,30,18,0.0968,514.68,791.74,0.331,0,moderate
driver,1594.88,26,28,0.1975,1221.87,1600.0,0.73,0,stable
driver,1494.55,18,27,0.2309,1096.75,1600.0,0.416,0,moderate
shopkeeper,1435.02,24,52,0.2606,1118.21,1751.83,0.643,0,stable
shopkeeper,1783.65,28,64,0.0393,1511.23,2000.0,0.528,1,stable
street_vendor,518.3,21,28,0.1109,419.27,617.33,0.337,0,unstable
delivery_worker,1660.47,23,41,0.1959,1309.68,1800.0,0.678,0,stable
driver,1097.5,18,43,0.0771,794.08,1400.91,0.453,1,moderate
driver,1395.11,22,42,0.2615,982.05,1600.0,0.531,0,stable
delivery_worker,844.14,18,47,0.2583,607.15,1081.14,0.927,1,moderate
shopkeeper,805.51,26,40,0.2545,700.0,1019.15,0.476,0,moderate
shopkeeper,1088.81,25,27,0.325,895.57,1282.04,0.637,1,stable
laborer,418.61,16,9,0.0512,318.23,518.98,0.022,0,unstable
driver,1511.87,27,42,0.1935,1327.11,1600.0,0.335,1,stable
delivery_worker,1157.04,25,36,0.0897,858.25,1455.82,0.732,0,moderate
driver,738.08,25,22,0.1735,590.53,885.63,0.322,1,moderate
laborer,362.35,19,7,0.0113,320.75,403.94,0.189,0,unstable
driver,1045.91,17,32,0.0807,889.94,1201.87,0.8,1,moderate
delivery_worker,1108.73,24,38,0.056,824.8,1392.66,0.683,1,moderate
driver,1323.06,25,21,0.1187,1031.57,1600.0,0.597,0,moderate
street_vendor,418.68,26,12,0.061,374.64,462.71,0.145,0,unstable
shopkeeper,1897.12,25,43,0.3283,1676.84,2000.0,0.656,1,stable
street_vendor,227.5,24,14,0.1439,200.0,293.3,0.346,0,moderate
laborer,339.17,21,14,0.0928,257.8,420.54,0.174,1,unstable
driver,619.26,21,34,0.1664,500.0,760.53,0.456,0,unstable
street_vendor,541.86,26,16,0.1193,472.27,611.45,0.26,1,moderate
street_vendor,550.05,24,14,0.0529,405.25,694.85,0.267,1,unstable
street_vendor,539.67,22,11,0.0928,399.75,679.59,0.196,0,unstable
shopkeeper,1502.38,23,43,0.2381,1135.35,1869.4,0.39,1,moderate
driver,1278.57,17,34,0.1027,962.92,1594.22,0.636,1,moderate
shopkeeper,776.53,23,45,0.2759,700.0,954.55,0.56,0,moderate
laborer,341.33,20,8,0.0074,266.99,415.67,0.026,1,unstable
laborer,237.43,18,14,0.069,200.0,279.59,0.112,1,unstable
laborer,661.08,25,13,0.1103,587.8,700.0,0.099,1,moderate
laborer,415.35,15,3,0.0121,301.31,529.38,0.183,0,unstable
delivery_worker,1279.41,19,48,0.1798,1106.37,1452.45,0.751,1,moderate
driver,534.3,20,30,0.1857,500.0,623.67,0.692,1,moderate
driver,1358.93,29,32,0.143,1081.47,1600.0,0.38,0,stable
shopkeeper,1117.28,24,51,0.3155,887.68,1346.87,0.635,1,moderate
shopkeeper,1086.44,28,54,0.1538,836.53,1336.34,0.28,1,moderate
shopkeeper,1800.72,27,54,0.2337,1341.79,2000.0,0.74,0,stable
driver,1161.5,27,27,0.19,950.37,1372.64,0.305,1,moderate
delivery_worker,731.42,26,50,0.2131,611.62,851.23,0.727,0,moderate
laborer,381.06,17,7,0.0388,277.06,485.06,0.074,0,unstable
laborer,528.79,21,6,0.0064,456.03,601.55,0.172,0,unstable
street_vendor,343.95,29,11,0.0619,269.86,418.04,0.276,0,moderate
laborer,255.58,25,4,0.059,227.93,283.24,0.125,0,unstable
street_vendor,570.19,29,23,0.0822,443.48,696.9,0.121,1,unstable
driver,640.76,16,21,0.1277,500.0,809.85,0.306,1,moderate
shopkeeper,1361.96,27,65,0.2324,1196.28,1527.63,0.439,1,stable
street_vendor,437.17,23,14,0.1052,312.74,561.59,0.079,0,unstable
street_vendor,484.77,22,21,0.0203,350.16,619.38,0.09,0,unstable
street_vendor,615.11,16,13,0.1039,476.56,753.66,0.336,0,unstable
shopkeeper,1848.1,23,47,0.2631,1608.3,2000.0,0.44,1,stable
laborer,559.12,30,1,0.08,422.74,695.51,0.12,0,moderate
driver,1288.73,16,25,0.171,1099.23,1478.23,0.665,0,moderate
delivery_worker,1124.71,28,43,0.0811,856.88,1392.54,0.733,0,moderate
shopkeeper,1246.13,24,43,0.2222,903.02,1589.25,0.362,1,moderate
driver,1267.5,20,30,0.1664,1085.04,1449.95,0.398,0,moderate
delivery_worker,979.01,25,45,0.2329,745.58,1212.44,0.913,0,moderate
delivery_worker,1793.53,27,25,0.1978,1548.68,1800.0,0.533,0,stable
delivery_worker,1753.05,30,47,0.1082,1435.57,1800.0,0.91,1,stable
street_vendor,587.28,26,9,0.1197,446.86,727.7,0.186,0,moderate
shopkeeper,1092.32,27,43,0.1305,936.54,1248.09,0.268,1,moderate
laborer,526.11,19,8,0.0,405.32,646.9,0.095,0,unstable
driver,510.19,24,29,0.1804,500.0,589.42,0.564,0,moderate
laborer,223.72,20,10,0.0,200.0,256.88,0.156,0,unstable
street_vendor,281.97,18,15,0.0731,239.25,324.69,0.194,0,unstable
street_vendor,559.62,30,15,0.0209,495.61,623.63,0.33,0,moderate
delivery_worker,944.79,23,30,0.1574,717.14,1172.44,0.607,0,moderate
street_vendor,236.31,21,15,0.1271,200.0,272.83,0.265,0,unstable
driver,1508.1,23,27,0.0669,1339.67,1600.0,0.486,1,moderate
laborer,303.23,23,10,0.0304,263.84,342.62,0.147,0,unstable
street_vendor,371.57,23,22,0.1087,310.31,432.82,0.226,0,moderate
shopkeeper,1103.62,26,57,0.2556,965.82,1241.42,0.66,1,stable
driver,1292.12,21,34,0.0854,1037.43,1546.82,0.574,1,moderate
driver,1211.25,20,22,0.0757,936.3,1486.2,0.726,1,moderate
driver,613.12,22,48,0.1877,537.57,688.67,0.502,1,moderate
driver,1390.25,20,23,0.1228,1232.24,1548.26,0.69,0,moderate
street_vendor,428.51,25,12,0.0721,338.82,518.2,0.322,0,unstable
delivery_worker,1656.29,25,37,0.1861,1217.76,1800.0,0.547,1,stable
shopkeeper,1757.61,28,48,0.2176,1255.22,2000.0,0.664,1,stable
driver,1206.05,18,24,0.2021,986.19,1425.91,0.48,1,moderate
delivery_worker,601.49,28,42,0.3441,600.0,669.29,0.696,0,stable
delivery_worker,1204.68,26,36,0.1204,991.57,1417.78,0.792,1,moderate
shopkeeper,1754.8,26,68,0.2726,1256.82,2000.0,0.278,0,stable
laborer,577.67,24,10,0.087,462.51,692.83,0.173,0,unstable
driver,1416.53,23,31,0.1322,1076.38,1600.0,0.39,1,moderate
driver,934.12,19,25,0.2594,781.94,1086.3,0.731,0,moderate
delivery_worker,1099.75,24,37,0.1726,829.12,1370.38,0.804,0,moderate
delivery_worker,1561.96,25,38,0.2625,1213.29,1800.0,0.848,1,stable
street_vendor,252.19,25,16,0.0635,218.07,286.31,0.188,0,unstable
driver,1459.22,19,33,0.2445,1103.58,1600.0,0.374,0,moderate
shopkeeper,727.89,24,62,0.301,700.0,822.63,0.571,1,moderate
delivery_worker,1409.89,26,49,0.1103,1050.71,1769.07,0.575,0,moderate
shopkeeper,1744.31,26,44,0.2156,1355.52,2000.0,0.414,1,stable
delivery_worker,1182.98,25,30,0.167,844.81,1521.15,0.95,0,moderate
driver,683.83,25,34,0.0621,539.42,828.24,0.769,0,moderate
laborer,336.58,19,8,0.05,282.94,390.22,0.148,0,unstable
delivery_worker,671.44,22,34,0.1583,600.0,784.23,0.663,1,moderate
street_vendor,644.15,30,16,0.0619,465.94,822.36,0.082,0,moderate
laborer,476.21,17,7,0.1,334.49,617.92,0.124,0,unstable
delivery_worker,1587.27,30,47,0.139,1194.76,1800.0,0.59,0,stable
street_vendor,795.3,25,8,0.0175,650.67,900.0,0.329,1,moderate
delivery_worker,1164.95,28,40,0.2457,1004.83,1325.07,0.91,1,stable
laborer,578.21,17,11,0.0026,490.86,665.56,0.147,0,unstable
shopkeeper,750.93,24,61,0.1817,700.0,962.49,0.42,1,moderate
street_vendor,562.06,23,14,0.1298,482.45,641.66,0.224,1,moderate
driver,967.68,18,45,0.0562,830.75,1104.61,0.593,1,moderate
laborer,527.21,19,15,0.0559,374.07,680.35,0.156,0,unstable
driver,735.42,21,36,0.1694,540.19,930.65,0.614,1,moderate
delivery_worker,1550.19,24,41,0.0895,1300.78,1799.61,0.755,0,moderate
delivery_worker,1148.43,27,22,0.145,846.49,1450.38,0.886,1,moderate
street_vendor,767.17,18,13,0.1243,647.05,887.29,0.246,0,moderate
laborer,372.56,22,9,0.0109,299.92,445.2,0.086,0,unstable
laborer,548.68,17,8,0.0758,392.41,700.0,0.102,0,unstable
driver,1508.19,24,28,0.1286,1255.67,1600.0,0.752,0,stable
shopkeeper,1016.46,21,58,0.2005,848.79,1184.13,0.749,0,moderate
shopkeeper,1329.62,24,68,0.3239,1193.96,1465.29,0.49,0,stable
delivery_worker,627.78,29,56,0.1323,600.0,779.97,0.804,1,moderate
delivery_worker,942.41,26,32,0.1691,812.53,1072.29,0.611,0,moderate
laborer,560.29,11,14,0.065,467.16,653.41,0.037,0,unstable
shopkeeper,1120.09,22,53,0.2239,980.6,1259.57,0.544,0,stable
delivery_worker,911.11,22,39,0.2239,666.61,1155.61,0.842,0,moderate
delivery_worker,683.36,26,27,0.2447,600.0,796.27,0.595,0,moderate
shopkeeper,844.06,23,55,0.2926,700.0,1079.57,0.284,1,moderate
driver,1445.3,22,20,0.0872,1265.51,1600.0,0.588,1,moderate
delivery_worker,768.67,22,54,0.1309,609.58,927.76,0.546,0,moderate
street_vendor,505.55,22,22,0.0973,413.93,597.16,0.219,0,unstable
driver,795.1,22,39,0.2373,567.06,1023.14,0.513,0,moderate
driver,1285.04,17,45,0.152,1083.76,1486.32,0.468,1,moderate
shopkeeper,1320.57,23,35,0.1915,925.19,1715.96,0.557,1,moderate
shopkeeper,837.21,25,45,0.117,745.09,929.34,0.642,1,moderate
delivery_worker,1698.38,24,35,0.0498,1328.96,1800.0,0.628,0,stable
delivery_worker,1182.82,25,34,0.1423,1033.22,1332.41,0.725,0,moderate
laborer,339.39,18,8,0.0595,286.69,392.09,0.131,0,unstable
shopkeeper,1793.69,24,44,0.2787,1592.15,1995.24,0.671,1,stable
laborer,293.84,14,13,0.0423,263.8,323.88,0.183,1,unstable
driver,724.79,23,40,0.3296,593.16,856.42,0.348,0,moderate
street_vendor,894.44,25,8,0.0888,789.18,900.0,0.212,0,moderate
delivery_worker,1292.97,26,15,0.2334,943.3,1642.64,0.62,1,stable
delivery_worker,785.8,23,32,0.1574,600.0,1019.29,0.553,1,moderate
driver,541.41,22,18,0.135,500.0,650.94,0.599,1,moderate
street_vendor,479.12,19,20,0.0093,402.22,556.03,0.227,0,unstable
shopkeeper,906.55,26,32,0.0598,764.09,1049.0,0.643,1,moderate
street_vendor,882.43,22,14,0.1437,773.62,900.0,0.31,1,moderate
delivery_worker,1049.67,26,28,0.096,874.28,1225.05,0.576,0,moderate
shopkeeper,1288.55,26,41,0.1511,1127.27,1449.82,0.505,1,moderate
laborer,427.51,17,9,0.044,370.52,484.49,0.156,0,unstable
driver,1021.84,22,36,0.1834,860.13,1183.55,0.443,1,moderate
delivery_worker,1417.73,22,42,0.1985,1220.62,1614.84,0.551,0,moderate
delivery_worker,1135.87,30,38,0.0253,972.96,1298.78,0.541,0,moderate
laborer,532.78,17,13,0.0,468.58,596.98,0.152,0,unstable
shopkeeper,1417.66,27,41,0.1075,1207.58,1627.73,0.323,1,moderate
street_vendor,679.05,19,14,0.061,498.31,859.79,0.258,0,unstable
laborer,209.01,19,2,0.1017,200.0,254.79,0.155,0,unstable
delivery_worker,1412.13,26,25,0.137,1124.87,1699.39,0.945,0,moderate
shopkeeper,1930.39,25,39,0.1898,1697.26,2000.0,0.668,0,stable
street_vendor,550.92,24,12,0.177,475.27,626.57,0.142,0,moderate
delivery_worker,625.63,25,47,0.17,600.0,764.54,0.789,1,moderate
laborer,331.79,20,11,0.0,238.54,425.05,0.17,1,unstable
driver,773.08,22,43,0.2362,666.11,880.05,0.777,1,moderate
street_vendor,204.14,10,23,0.0763,200.0,249.01,0.136,1,unstable
shopkeeper,989.1,24,33,0.1368,824.41,1153.79,0.739,0,moderate
street_vendor,602.16,26,17,0.0147,423.79,780.52,0.257,1,unstable
driver,873.29,23,27,0.1972,746.22,1000.37,0.343,1,moderate
driver,1111.62,27,15,0.0773,779.71,1443.53,0.512,1,moderate
shopkeeper,1889.93,23,58,0.1727,1685.08,2000.0,0.667,1,stable
delivery_worker,1768.52,24,22,0.1242,1346.42,1800.0,0.631,0,stable
delivery_worker,1591.16,23,35,0.0319,1316.36,1800.0,0.79,0,moderate
driver,859.48,26,23,0.1143,672.74,1046.22,0.513,0,moderate
delivery_worker,1287.99,22,39,0.1137,910.51,1665.47,0.689,0,moderate
laborer,605.98,25,15,0.0445,443.4,700.0,0.17,0,unstable
shopkeeper,1339.0,27,37,0.1892,1009.85,1668.15,0.543,1,moderate
shopkeeper,1294.88,22,62,0.0779,939.34,1650.42,0.293,1,moderate
street_vendor,828.9,17,20,0.0767,709.9,900.0,0.298,1,unstable
delivery_worker,1210.22,28,47,0.0895,912.49,1507.96,0.709,0,moderate
street_vendor,626.01,23,15,0.0403,554.58,697.45,0.28,0,moderate
laborer,290.73,12,18,0.0411,234.49,346.97,0.139,1,unstable
driver,931.51,23,33,0.0516,700.31,1162.71,0.377,1,unstable
driver,1075.56,20,27,0.1143,822.8,1328.31,0.345,0,moderate
driver,1045.09,20,28,0.1842,859.37,1230.81,0.383,1,moderate
delivery_worker,886.76,25,21,0.2585,709.63,1063.89,0.82,1,moderate
driver,627.49,24,13,0.1722,500.0,758.32,0.678,1,moderate
delivery_worker,1774.46,25,33,0.3058,1327.82,1800.0,0.724,1,stable
driver,904.73,23,28,0.1748,765.14,1044.33,0.332,1,moderate
street_vendor,800.09,26,20,0.0901,626.21,900.0,0.103,1,moderate
delivery_worker,1288.78,28,39,0.3854,1065.43,1512.13,0.771,1,stable
driver,536.12,23,21,0.1751,500.0,667.1,0.718,1,moderate
laborer,508.21,20,15,0.0217,445.46,570.95,0.132,0,unstable
delivery_worker,811.83,27,34,0.0705,600.25,1023.42,0.518,1,moderate
driver,1477.98,26,21,0.3216,1088.39,1600.0,0.624,0,stable
street_vendor,651.01,25,22,0.1284,545.89,756.14,0.196,1,moderate
driver,585.48,20,32,0.1731,500.0,725.95,0.628,1,moderate
shopkeeper,822.26,27,40,0.1835,700.0,961.22,0.521,0,moderate
delivery_worker,931.35,25,39,0.1766,671.06,1191.63,0.572,0,moderate
delivery_worker,1100.77,19,67,0.1571,815.24,1386.29,0.861,1,moderate
delivery_worker,1363.57,28,38,0.2001,1035.61,1691.54,0.772,1,stable
street_vendor,467.94,24,17,0.0472,411.16,524.72,0.299,1,moderate
driver,1187.25,26,26,0.2245,862.38,1512.13,0.673,1,stable
delivery_worker,1608.17,24,40,0.2658,1276.64,1800.0,0.774,0,stable
street_vendor,842.68,30,20,0.0547,625.99,900.0,0.087,0,moderate
driver,1471.03,23,33,0.0127,1294.18,1600.0,0.503,0,moderate
driver,721.87,22,23,0.2224,566.0,877.73,0.793,0,moderate
laborer,458.27,10,13,0.1223,409.11,507.43,0.139,1,unstable
shopkeeper,1349.46,23,35,0.2033,1001.17,1697.75,0.407,1,moderate
street_vendor,288.07,20,18,0.0908,237.51,338.63,0.104,0,unstable
laborer,588.58,12,7,0.0746,440.76,700.0,0.151,0,unstable
street_vendor,666.79,23,12,0.125,583.84,749.74,0.192,0,moderate
shopkeeper,1632.15,24,65,0.1625,1350.78,1913.52,0.64,1,stable
street_vendor,300.65,18,13,0.1291,257.77,343.53,0.108,0,unstable
driver,904.6,23,36,0.1681,722.63,1086.56,0.396,1,moderate
delivery_worker,1352.65,19,45,0.2189,1110.76,1594.54,0.61,1,moderate
delivery_worker,1179.09,21,33,0.2251,954.23,1403.96,0.907,0,moderate
laborer,366.56,15,5,0.0263,316.66,416.46,0.185,1,unstable
driver,807.2,22,35,0.1149,708.84,905.56,0.608,1,moderate
driver,1458.93,23,33,0.152,1079.4,1600.0,0.487,1,moderate
driver,1113.15,29,36,0.1619,803.81,1422.5,0.478,0,moderate
street_vendor,654.07,19,21,0.0778,500.96,807.17,0.178,0,unstable
laborer,590.99,16,9,0.0827,443.79,700.0,0.122,0,unstable
driver,1593.23,19,33,0.1841,1125.05,1600.0,0.44,0,moderate
driver,847.87,24,35,0.1351,686.67,1009.08,0.417,0,moderate
delivery_worker,1033.18,27,41,0.1667,792.85,1273.51,0.845,1,moderate
shopkeeper,915.52,25,45,0.2303,731.81,1099.23,0.396,0,moderate
laborer,460.12,24,4,0.0702,410.85,509.39,0.142,0,moderate
street_vendor,840.94,22,21,0.021,690.95,900.0,0.222,0,moderate
street_vendor,440.57,28,12,0.0414,361.42,519.71,0.169,0,unstable
shopkeeper,1068.51,29,39,0.1273,943.34,1193.67,0.524,0,moderate
driver,935.27,22,37,0.0803,665.02,1205.52,0.661,0,moderate
street_vendor,554.85,25,23,0.0,422.43,687.27,0.17,0,unstable
laborer,638.31,18,11,0.0439,467.13,700.0,0.099,0,unstable
delivery_worker,1368.33,25,45,0.3146,1117.68,1618.99,0.624,0,stable
delivery_worker,845.1,25,39,0.0668,643.29,1046.9,0.732,0,moderate
driver,1561.84,19,28,0.2769,1145.44,1600.0,0.496,1,moderate
street_vendor,451.37,21,6,0.0332,329.65,573.09,0.069,0,unstable
shopkeeper,1282.49,24,66,0.2376,998.81,1566.17,0.626,0,stable
driver,1049.16,21,20,0.1822,869.99,1228.34,0.542,1,moderate
delivery_worker,1223.38,30,36,0.1376,1061.46,1385.31,0.819,0,moderate
delivery_worker,1176.15,19,45,0.2927,924.09,1428.2,0.709,0,moderate
laborer,492.25,24,8,0.0765,437.73,546.77,0.045,1,unstable
driver,1292.48,23,31,0.2056,981.26,1600.0,0.61,0,moderate
driver,843.58,16,33,0.1098,597.87,1089.29,0.616,0,unstable
laborer,214.34,20,7,0.0826,200.0,239.13,0.104,1,unstable
shopkeeper,972.39,26,57,0.2641,873.58,1071.2,0.749,1,stable
shopkeeper,725.09,26,51,0.3021,700.0,831.64,0.375,0,moderate
street_vendor,290.15,28,12,0.0528,207.41,372.88,0.208,0,unstable
street_vendor,543.65,22,17,0.0754,417.45,669.84,0.241,1,unstable
shopkeeper,1451.39,24,44,0.1918,1151.34,1751.43,0.629,1,stable
delivery_worker,892.85,22,49,0.2068,671.8,1113.9,0.656,1,moderate
shopkeeper,1644.72,27,75,0.1856,1410.65,1878.79,0.52,0,stable
street_vendor,582.35,27,5,0.1122,500.91,663.79,0.178,0,moderate
laborer,253.9,25,5,0.0225,218.01,289.79,0.133,1,unstable
delivery_worker,812.92,27,43,0.1423,683.94,941.91,0.754,1,moderate
delivery_worker,972.64,26,28,0.1698,718.59,1226.7,0.697,1,moderate
driver,932.51,23,28,0.2327,748.28,1116.74,0.68,0,moderate
street_vendor,547.82,24,10,0.142,492.8,602.84,0.085,0,moderate
laborer,567.78,23,1,0.0328,401.8,700.0,0.046,0,unstable
driver,1489.04,24,26,0.0093,1292.66,1600.0,0.724,0,moderate
laborer,412.91,18,8,0.0506,294.65,531.16,0.053,0,unstable
shopkeeper,1718.17,27,52,0.306,1262.2,2000.0,0.683,1,stable
driver,1167.77,19,28,0.2367,873.79,1461.74,0.396,1,moderate
shopkeeper,1081.0,23,39,0.2898,965.96,1196.05,0.312,0,moderate
street_vendor,790.05,26,17,0.0355,707.9,872.2,0.114,1,moderate
delivery_worker,1675.72,22,44,0.2457,1179.76,1800.0,0.872,1,stable
shopkeeper,1204.29,26,59,0.2124,929.51,1479.07,0.609,0,stable
street_vendor,307.44,28,28,0.0972,219.7,395.18,0.313,0,moderate
street_vendor,493.08,23,16,0.0998,391.79,594.38,0.076,0,unstable
laborer,673.73,19,12,0.1162,484.95,700.0,0.071,0,unstable
street_vendor,263.09,28,11,0.0531,200.0,330.77,0.217,0,unstable
delivery_worker,853.39,18,27,0.209,699.99,1006.79,0.527,0,moderate
shopkeeper,1394.61,30,45,0.1431,1217.6,1571.62,0.567,1,stable
laborer,432.37,21,6,0.033,319.83,544.91,0.177,1,unstable
driver,823.43,25,34,0.1145,624.72,1022.14,0.363,0,moderate
laborer,346.29,14,12,0.0468,263.94,428.63,0.18,0,unstable
delivery_worker,1100.2,28,28,0.1511,979.93,1220.46,0.525,1,moderate
street_vendor,346.24,20,9,0.0272,305.3,387.19,0.211,0,unstable
laborer,256.28,19,8,0.0711,200.0,322.46,0.123,1,unstable
laborer,458.77,20,4,0.0462,376.58,540.96,0.11,1,unstable
delivery_worker,1492.85,20,49,0.1892,1166.24,1800.0,0.668,0,moderate
driver,538.37,20,35,0.0805,500.0,596.41,0.734,1,unstable
delivery_worker,886.52,23,49,0.284,793.6,979.44,0.723,1,moderate
street_vendor,208.1,23,19,0.0562,200.0,252.55,0.127,0,unstable
street_vendor,652.36,20,13,0.1005,506.66,798.05,0.295,0,moderate
shopkeeper,1549.48,23,52,0.1711,1221.87,1877.08,0.657,0,moderate
delivery_worker,635.57,24,39,0.1148,600.0,783.03,0.67,1,moderate
street_vendor,452.81,25,21,0.0,362.91,542.72,0.122,0,unstable
driver,1439.14,28,30,0.0112,1230.73,1600.0,0.621,1,moderate
street_vendor,458.93,27,18,0.0595,364.15,553.71,0.246,0,unstable
driver,624.71,17,40,0.1815,500.0,810.95,0.741,0,unstable
driver,1227.62,17,17,0.0946,1017.03,1438.2,0.653,1,moderate
street_vendor,333.5,25,21,0.1134,275.51,391.49,0.072,1,unstable
laborer,263.74,18,11,0.024,231.22,296.25,0.128,0,unstable
delivery_worker,1426.04,26,27,0.2243,1067.57,1784.51,0.605,1,moderate
laborer,526.75,20,12,0.0,396.1,657.4,0.031,0,unstable
delivery_worker,731.91,24,34,0.1977,648.83,814.99,0.904,1,moderate
street_vendor,640.14,22,10,0.0384,570.71,709.58,0.119,0,unstable
shopkeeper,869.3,28,61,0.1985,700.0,1105.87,0.418,0,moderate
shopkeeper,1399.67,30,40,0.1344,998.56,1800.78,0.408,0,stable
delivery_worker,718.85,22,38,0.2072,600.0,856.24,0.529,0,moderate
shopkeeper,1947.01,20,66,0.4,1371.12,2000.0,0.393,0,stable
shopkeeper,1056.5,26,47,0.3777,855.15,1257.85,0.393,0,stable
laborer,201.64,28,12,0.0606,200.0,235.25,0.062,0,unstable
street_vendor,576.59,23,14,0.0403,418.13,735.06,0.225,0,unstable
laborer,391.58,21,17,0.0157,317.95,465.21,0.158,0,unstable
delivery_worker,1709.24,30,24,0.1131,1217.5,1800.0,0.805,0,stable
delivery_worker,800.58,22,29,0.279,600.0,1022.26,0.808,1,moderate
laborer,434.13,19,8,0.0654,376.04,492.21,0.141,1,unstable
street_vendor,217.23,19,24,0.0789,200.0,273.4,0.302,0,unstable
driver,771.92,19,24,0.285,583.54,960.29,0.327,1,moderate
shopkeeper,1719.42,27,34,0.3751,1251.91,2000.0,0.673,0,stable
laborer,489.8,18,4,0.0118,409.49,570.1,0.113,1,unstable
laborer,603.09,13,16,0.0448,525.23,680.95,0.107,0,unstable
driver,1022.38,26,33,0.0213,746.61,1298.15,0.726,0,moderate
driver,1137.32,22,33,0.1973,873.66,1400.98,0.406,0,moderate
shopkeeper,1974.39,23,65,0.3004,1557.97,2000.0,0.466,0,stable
delivery_worker,1512.55,20,39,0.3129,1266.87,1758.23,0.645,1,stable
delivery_worker,1674.42,22,26,0.196,1386.58,1800.0,0.566,0,stable
laborer,312.79,12,15,0.0427,244.1,381.48,0.158,0,unstable
delivery_worker,1592.84,21,48,0.0802,1401.55,1784.13,0.555,1,moderate
driver,923.38,17,45,0.2278,647.83,1198.93,0.536,0,moderate
delivery_worker,1747.99,24,32,0.1173,1367.39,1800.0,0.564,0,stable
laborer,350.17,21,11,0.0462,293.76,406.58,0.035,0,unstable
laborer,370.78,17,11,0.0175,270.71,470.85,0.084,1,unstable
delivery_worker,1628.09,23,57,0.0836,1185.2,1800.0,0.789,0,stable
shopkeeper,1376.9,28,61,0.115,1098.67,1655.12,0.385,1,stable
street_vendor,452.11,19,23,0.0639,358.04,546.18,0.072,0,unstable
shopkeeper,1448.31,28,45,0.273,1192.33,1704.29,0.698,0,stable
driver,1350.14,20,34,0.152,1049.62,1600.0,0.441,1,moderate
laborer,343.74,25,8,0.0173,267.11,420.37,0.031,0,unstable
street_vendor,543.22,19,25,0.0168,386.11,700.33,0.178,1,unstable
driver,1053.89,22,33,0.2554,934.6,1173.17,0.356,0,moderate
laborer,611.37,13,6,0.014,449.75,700.0,0.114,0,unstable
street_vendor,844.37,26,15,0.0374,699.2,900.0,0.11,0,unstable
laborer,621.66,13,8,0.0286,493.84,700.0,0.121,0,unstable
shopkeeper,1449.98,26,52,0.3652,1282.65,1617.31,0.707,0,stable
street_vendor,672.03,24,20,0.0021,507.86,836.19,0.303,1,unstable
delivery_worker,1676.6,30,28,0.2597,1300.92,1800.0,0.717,0,stable
driver,1060.79,21,24,0.1794,814.61,1306.97,0.719,0,moderate
delivery_worker,1725.79,26,64,0.1722,1254.32,1800.0,0.754,1,stable
driver,1461.11,21,30,0.1073,1079.15,1600.0,0.797,1,moderate
street_vendor,441.06,28,24,0.0762,385.11,497.01,0.25,0,moderate
street_vendor,672.05,20,22,0.157,495.13,848.98,0.306,0,unstable
street_vendor,472.22,21,20,0.088,408.64,535.8,0.282,0,unstable
street_vendor,894.2,27,17,0.1147,764.09,900.0,0.252,0,moderate
delivery_worker,1649.4,30,45,0.1289,1265.12,1800.0,0.549,1,stable
shopkeeper,1186.27,27,55,0.2293,949.49,1423.05,0.415,0,stable
delivery_worker,1237.63,26,40,0.1814,1059.39,1415.87,0.523,1,moderate
delivery_worker,1344.72,21,37,0.3007,984.05,1705.39,0.909,1,moderate
street_vendor,727.79,24,18,0.073,586.01,869.56,0.25,0,moderate
driver,1316.66,22,36,0.1193,1052.27,1581.04,0.72,1,moderate
driver,1544.82,17,26,0.1789,1333.96,1600.0,0.477,0,moderate
driver,702.8,23,19,0.1061,578.79,826.82,0.738,0,moderate
laborer,339.97,11,10,0.0207,289.51,390.43,0.077,0,unstable
laborer,331.4,28,4,0.0251,271.86,390.94,0.059,0,unstable
driver,1450.66,20,45,0.0277,1083.04,1600.0,0.337,1,moderate
driver,1045.14,22,28,0.1226,928.65,1161.64,0.484,1,moderate
shopkeeper,853.25,25,48,0.1782,729.39,977.11,0.602,1,moderate
delivery_worker,992.1,24,32,0.1282,867.79,1116.42,0.943,0,moderate
driver,516.79,20,27,0.0996,500.0,632.22,0.522,0,unstable
shopkeeper,1420.84,26,58,0.2757,1000.95,1840.74,0.428,1,moderate
shopkeeper,1654.73,26,49,0.1852,1158.4,2000.0,0.335,1,stable
driver,1376.68,19,30,0.2125,1145.22,1600.0,0.533,0,moderate
driver,611.59,19,22,0.209,500.0,767.39,0.589,0,moderate
laborer,588.3,21,8,0.0987,498.96,677.64,0.052,0,unstable
shopkeeper,1019.97,24,43,0.2885,871.32,1168.62,0.574,1,moderate
shopkeeper,1700.65,29,30,0.2619,1486.5,1914.8,0.514,1,stable
street_vendor,753.36,21,20,0.0996,543.73,900.0,0.181,0,moderate
driver,931.7,21,31,0.1902,661.17,1202.22,0.304,1,moderate
laborer,655.62,18,5,0.061,474.0,700.0,0.173,0,unstable
laborer,653.74,25,9,0.0796,573.04,700.0,0.032,0,unstable
street_vendor,445.99,27,23,0.1083,329.18,562.8,0.069,1,moderate
shopkeeper,712.45,23,44,0.2314,700.0,864.33,0.395,0,moderate
delivery_worker,721.57,28,37,0.0936,618.16,824.98,0.555,0,moderate
shopkeeper,1016.5,22,43,0.1136,787.0,1246.0,0.678,0,moderate
shopkeeper,900.97,24,52,0.085,701.37,1100.57,0.484,0,moderate
delivery_worker,789.91,24,25,0.1375,691.44,888.38,0.787,1,moderate
laborer,682.25,28,12,0.0363,584.14,700.0,0.144,0,unstable
laborer,417.74,26,14,0.0321,301.14,534.34,0.025,1,unstable
street_vendor,662.96,23,21,0.171,558.05,767.88,0.28,0,moderate
delivery_worker,856.8,22,30,0.143,638.61,1075.0,0.784,1,moderate
street_vendor,879.95,20,17,0.0,680.66,900.0,0.151,0,unstable
delivery_worker,795.72,25,48,0.1911,600.0,997.28,0.664,0,moderate
driver,1133.41,25,32,0.1006,799.42,1467.4,0.647,1,moderate
street_vendor,772.23,24,15,0.0462,688.36,856.1,0.24,0,moderate
street_vendor,282.48,28,15,0.0,246.17,318.79,0.218,1,unstable
street_vendor,480.81,22,16,0.1572,400.75,560.88,0.201,1,unstable
delivery_worker,1496.24,27,50,0.2405,1168.12,1800.0,0.916,0,stable
delivery_worker,1463.55,21,43,0.2394,1303.13,1623.98,0.64,1,stable
laborer,258.1,15,13,0.0472,229.7,286.51,0.107,1,unstable
street_vendor,230.83,22,15,0.0922,200.0,262.65,0.217,1,unstable
street_vendor,336.98,18,12,0.0697,276.79,397.17,0.308,0,unstable
street_vendor,736.19,24,15,0.1025,617.02,855.37,0.087,1,moderate
street_vendor,857.52,23,19,0.0796,718.94,900.0,0.31,0,moderate
shopkeeper,1122.0,27,38,0.3055,915.81,1328.2,0.627,1,stable
driver,1075.85,18,22,0.1218,941.95,1209.75,0.704,0,moderate
driver,1048.77,23,28,0.0427,894.84,1202.7,0.304,0,moderate
street_vendor,866.95,26,18,0.0525,753.43,900.0,0.317,0,moderate
driver,1045.37,24,15,0.0861,866.7,1224.04,0.406,0,moderate
laborer,481.3,13,16,0.0431,388.64,573.96,0.159,0,unstable
laborer,381.39,17,13,0.0615,328.62,434.16,0.136,0,unstable
driver,1073.68,22,32,0.14,812.14,1335.22,0.752,0,moderate
street_vendor,809.03,27,22,0.1014,721.76,896.31,0.102,0,moderate
driver,1407.45,26,14,0.1102,1185.65,1600.0,0.349,1,moderate
driver,788.49,22,33,0.2607,670.87,906.12,0.682,1,moderate
street_vendor,539.65,25,21,0.096,450.74,628.56,0.298,0,moderate
shopkeeper,1402.27,29,35,0.2921,1247.53,1557.02,0.26,1,stable
laborer,678.64,18,12,0.0659,563.81,700.0,0.108,1,unstable
laborer,538.77,15,11,0.0903,424.24,653.3,0.123,0,unstable
driver,1009.07,21,21,0.0925,715.55,1302.58,0.442,1,moderate
laborer,316.83,29,10,0.0936,263.35,370.3,0.063,0,unstable
laborer,252.92,21,9,0.0901,200.0,323.94,0.066,1,unstable
delivery_worker,638.08,23,34,0.0505,600.0,779.24,0.868,1,moderate
delivery_worker,970.38,28,39,0.0864,709.28,1231.48,0.575,0,moderate
street_vendor,827.75,17,24,0.0613,582.04,900.0,0.174,0,unstable
laborer,615.0,16,5,0.028,531.68,698.32,0.084,0,unstable
driver,922.19,25,39,0.1846,784.27,1060.1,0.335,0,moderate
shopkeeper,746.46,24,37,0.2827,700.0,899.68,0.605,0,moderate
delivery_worker,1391.97,24,44,0.1622,1250.79,1533.14,0.79,0,moderate
laborer,277.98,12,5,0.0354,233.69,322.28,0.136,0,unstable
street_vendor,255.79,17,29,0.0,200.0,317.62,0.187,0,unstable
laborer,479.37,10,10,0.0634,342.92,615.83,0.115,0,unstable
street_vendor,357.15,15,21,0.1345,274.37,439.92,0.195,0,unstable
driver,945.29,20,34,0.0905,830.61,1059.98,0.308,1,moderate
street_vendor,463.89,26,21,0.0448,407.61,520.17,0.281,0,unstable
delivery_worker,1609.39,25,51,0.3055,1313.12,1800.0,0.596,0,stable
street_vendor,500.63,23,11,0.0331,437.82,563.43,0.116,0,unstable
driver,730.13,24,32,0.2796,522.17,938.08,0.61,0,moderate
shopkeeper,1786.62,27,58,0.2368,1397.21,2000.0,0.715,0,stable
street_vendor,205.43,21,14,0.1513,200.0,230.26,0.137,1,unstable
laborer,582.27,29,14,0.0713,415.1,700.0,0.162,0,moderate
driver,1476.17,22,23,0.1721,1264.38,1600.0,0.781,0,moderate
street_vendor,690.55,28,19,0.0658,613.18,767.93,0.109,1,moderate
delivery_worker,1692.91,27,33,0.2733,1222.01,1800.0,0.505,1,stable
street_vendor,350.04,26,13,0.1649,245.11,454.97,0.073,0,moderate
laborer,520.85,11,7,0.0612,383.72,657.98,0.189,0,unstable
laborer,488.55,10,10,0.0023,423.79,553.32,0.151,0,unstable
delivery_worker,871.1,27,37,0.0448,766.55,975.65,0.646,1,moderate
delivery_worker,1167.87,26,40,0.2157,866.24,1469.5,0.575,0,stable
driver,1332.47,22,32,0.3311,1180.12,1484.83,0.657,0,stable
street_vendor,211.58,19,20,0.0475,200.0,237.91,0.182,0,unstable
delivery_worker,1527.22,23,55,0.0742,1270.35,1784.1,0.934,0,stable
laborer,210.1,14,7,0.0667,200.0,271.34,0.034,0,unstable
shopkeeper,1511.44,25,29,0.0474,1173.92,1848.95,0.521,0,moderate
shopkeeper,886.38,26,49,0.1556,797.4,975.37,0.603,0,moderate
shopkeeper,1343.36,24,32,0.1296,1113.93,1572.8,0.636,0,moderate
laborer,334.58,21,9,0.0,267.59,401.57,0.135,1,unstable
driver,1524.54,20,36,0.1211,1176.16,1600.0,0.426,0,moderate
delivery_worker,710.66,28,42,0.1787,600.0,915.74,0.743,0,moderate
laborer,203.54,24,12,0.039,200.0,244.11,0.095,1,unstable
street_vendor,510.13,19,15,0.0,376.77,643.49,0.338,1,unstable
shopkeeper,1468.98,27,61,0.2068,1103.66,1834.29,0.517,0,stable
shopkeeper,822.28,26,57,0.2896,738.07,906.49,0.456,0,moderate
laborer,583.3,19,13,0.081,412.06,700.0,0.166,0,unstable
street_vendor,307.26,28,21,0.0513,262.17,352.35,0.293,0,unstable
driver,1138.92,21,29,0.2107,836.67,1441.17,0.695,1,moderate
delivery_worker,677.73,24,44,0.248,600.0,831.83,0.691,1,moderate
shopkeeper,1884.01,27,43,0.1006,1591.62,2000.0,0.26,1,stable
street_vendor,609.1,28,17,0.0881,529.76,688.44,0.207,0,moderate
street_vendor,622.76,23,23,0.1279,519.7,725.82,0.085,0,unstable
shopkeeper,1415.91,28,47,0.1819,1019.85,1811.97,0.743,1,stable
driver,1240.18,18,34,0.1239,965.23,1515.13,0.348,1,moderate
laborer,244.18,12,3,0.0187,200.0,296.58,0.077,1,unstable
shopkeeper,1234.96,24,54,0.2675,1061.31,1408.61,0.32,1,moderate
street_vendor,376.51,25,21,0.0,320.42,432.59,0.058,0,unstable
delivery_worker,895.66,25,43,0.0467,697.43,1093.9,0.853,1,moderate
street_vendor,871.84,19,18,0.108,711.78,900.0,0.056,0,unstable
driver,869.11,22,20,0.0894,714.71,1023.52,0.769,1,moderate
delivery_worker,679.51,27,33,0.2235,600.0,835.04,0.94,0,moderate
laborer,281.58,10,17,0.0011,221.96,341.21,0.115,0,unstable
shopkeeper,1020.74,27,32,0.2501,838.37,1203.12,0.463,0,moderate
laborer,610.27,16,11,0.0517,519.39,700.0,0.06,1,unstable
driver,1302.81,20,34,0.2265,1042.78,1562.85,0.665,1,moderate
driver,789.6,23,25,0.0418,615.75,963.45,0.613,0,moderate
driver,590.3,22,29,0.1269,518.36,662.24,0.533,0,moderate
driver,1058.03,19,29,0.0525,758.99,1357.07,0.413,0,unstable
street_vendor,319.62,21,10,0.026,244.64,394.6,0.188,0,unstable
driver,656.12,20,34,0.1888,500.0,814.61,0.392,1,moderate
laborer,509.62,16,12,0.0386,434.22,585.02,0.052,0,unstable
delivery_worker,1202.42,26,43,0.2156,1063.28,1341.57,0.7,0,stable
delivery_worker,1456.71,22,38,0.0877,1303.29,1610.13,0.92,1,moderate
delivery_worker,1354.65,27,55,0.2164,1215.91,1493.39,0.566,1,stable
street_vendor,897.05,25,22,0.1276,779.3,900.0,0.255,1,moderate
street_vendor,350.59,26,12,0.0,268.81,432.38,0.14,0,unstable
delivery_worker,1209.71,24,41,0.2101,952.95,1466.47,0.931,1,stable
laborer,623.32,21,11,0.025,519.17,700.0,0.151,1,unstable
street_vendor,728.87,17,16,0.1015,639.88,817.86,0.223,1,unstable
delivery_worker,923.39,24,55,0.0779,756.45,1090.33,0.773,0,moderate
delivery_worker,797.08,25,28,0.2598,679.42,914.75,0.654,1,moderate
laborer,487.74,25,13,0.0,405.59,569.88,0.112,0,unstable
street_vendor,832.04,26,20,0.0796,621.3,900.0,0.214,0,moderate
delivery_worker,714.56,20,55,0.2662,600.0,863.72,0.685,1,moderate
laborer,540.31,23,8,0.095,391.54,689.07,0.125,0,unstable
delivery_worker,1693.87,27,31,0.2098,1259.19,1800.0,0.775,0,stable
delivery_worker,1261.89,22,31,0.2853,1120.67,1403.12,0.644,0,stable
delivery_worker,1308.48,29,41,0.2334,991.64,1625.32,0.949,1,stable
laborer,553.1,26,6,0.0,409.54,696.66,0.194,1,unstable
street_vendor,434.71,20,13,0.0516,348.96,520.45,0.247,0,unstable
delivery_worker,1550.97,27,15,0.1807,1153.32,1800.0,0.751,1,stable
delivery_worker,1182.9,26,28,0.2473,985.42,1380.39,0.894,0,stable
delivery_worker,1425.0,26,40,0.1791,1266.35,1583.65,0.605,1,moderate
street_vendor,301.71,21,22,0.0214,259.76,343.65,0.253,0,unstable
street_vendor,453.18,23,21,0.0269,336.74,569.63,0.269,0,unstable
shopkeeper,1002.02,24,45,0.1805,883.04,1121.0,0.457,0,moderate
delivery_worker,834.74,22,42,0.1915,600.0,1080.45,0.918,0,moderate
shopkeeper,1725.41,27,50,0.1842,1401.79,2000.0,0.631,0,stable
delivery_worker,1577.85,24,26,0.2262,1396.22,1759.48,0.906,1,stable
laborer,621.53,25,4,0.0428,548.37,694.7,0.057,0,unstable
delivery_worker,653.96,21,47,0.196,600.0,765.91,0.891,0,moderate
shopkeeper,781.71,26,51,0.2658,700.0,991.35,0.451,0,moderate
laborer,412.09,18,1,0.0769,335.63,488.54,0.163,0,unstable
delivery_worker,1427.71,25,41,0.2238,1218.97,1636.45,0.578,1,moderate
street_vendor,569.29,20,15,0.0255,449.34,689.24,0.334,1,unstable
laborer,277.78,25,5,0.0614,200.0,360.71,0.09,0,unstable
delivery_worker,1119.37,20,53,0.0607,876.65,1362.08,0.669,1,moderate
driver,674.74,17,31,0.1816,529.97,819.51,0.657,0,moderate
street_vendor,841.26,24,18,0.0251,660.34,900.0,0.104,0,moderate
driver,1563.89,16,17,0.2137,1294.65,1600.0,0.609,1,moderate
driver,1422.69,20,29,0.1639,1227.18,1600.0,0.608,1,moderate
street_vendor,441.26,27,17,0.1167,326.33,556.2,0.345,0,moderate
laborer,482.58,20,11,0.0353,353.74,611.42,0.127,0,unstable
shopkeeper,803.81,27,42,0.0774,700.0,1007.37,0.726,0,moderate
laborer,692.84,20,14,0.1137,573.05,700.0,0.144,1,unstable
street_vendor,404.2,26,17,0.1306,290.27,518.14,0.169,0,unstable
street_vendor,581.82,26,19,0.042,444.4,719.24,0.314,1,moderate
delivery_worker,1485.27,22,37,0.1684,1329.2,1641.34,0.717,1,stable
driver,1020.67,22,38,0.2937,914.87,1126.47,0.417,0,moderate
shopkeeper,1849.47,26,61,0.2122,1561.94,2000.0,0.504,0,stable
delivery_worker,944.56,23,29,0.2833,664.45,1224.66,0.544,1,moderate
delivery_worker,1185.13,27,49,0.209,949.36,1420.9,0.509,1,stable
driver,1340.52,18,21,0.1721,1099.35,1581.68,0.49,1,moderate
delivery_worker,1323.27,28,45,0.2101,973.51,1673.03,0.62,0,moderate
driver,1219.5,23,39,0.1676,1026.89,1412.12,0.431,1,moderate
shopkeeper,939.16,23,49,0.1589,747.55,1130.77,0.281,1,moderate
delivery_worker,1091.79,26,31,0.0942,912.79,1270.79,0.574,1,moderate
driver,1495.06,19,33,0.0547,1278.45,1600.0,0.769,1,moderate
driver,1259.51,18,26,0.1411,981.8,1537.23,0.45,1,moderate
street_vendor,264.92,28,10,0.1043,205.58,324.26,0.265,1,unstable
delivery_worker,734.05,21,33,0.1439,638.25,829.86,0.803,1,moderate
street_vendor,576.45,23,19,0.0493,513.35,639.56,0.091,0,unstable
laborer,546.29,18,12,0.0528,417.7,674.89,0.111,0,unstable
driver,772.3,16,33,0.0486,679.8,864.8,0.719,0,moderate
delivery_worker,986.88,25,52,0.1277,721.94,1251.83,0.603,0,moderate
delivery_worker,1445.81,26,36,0.0819,1086.93,1800.0,0.744,0,moderate
delivery_worker,1760.51,23,24,0.1013,1321.01,1800.0,0.551,0,stable
delivery_worker,1338.51,21,22,0.1362,991.45,1685.58,0.775,1,moderate
street_vendor,786.54,16,10,0.0707,566.29,900.0,0.334,0,unstable
street_vendor,648.09,23,17,0.0222,486.66,809.52,0.306,0,unstable
delivery_worker,1041.91,24,30,0.1958,923.21,1160.61,0.834,0,moderate
driver,1098.37,19,38,0.1387,955.67,1241.08,0.761,1,moderate
laborer,652.79,12,10,0.0295,580.51,700.0,0.054,0,unstable
street_vendor,295.46,27,13,0.0861,246.28,344.64,0.267,0,unstable
driver,1263.62,22,21,0.0752,914.11,1600.0,0.671,1,moderate
street_vendor,838.41,28,14,0.0816,664.9,900.0,0.345,0,moderate
shopkeeper,847.72,25,64,0.2242,718.33,977.12,0.342,1,moderate
driver,581.93,24,21,0.1818,500.0,699.12,0.693,1,moderate
laborer,398.62,22,10,0.0525,280.25,516.99,0.148,0,unstable
street_vendor,514.95,25,18,0.1277,449.36,580.54,0.177,1,moderate
delivery_worker,802.66,26,36,0.1797,600.0,1040.67,0.93,1,moderate
driver,1419.9,22,23,0.1173,1122.16,1600.0,0.497,1,moderate
shopkeeper,1868.44,27,65,0.2026,1493.07,2000.0,0.274,1,stable
shopkeeper,728.2,28,50,0.0975,700.0,901.21,0.653,1,moderate
driver,1529.26,21,29,0.0605,1299.74,1600.0,0.325,1,moderate
shopkeeper,1344.82,21,43,0.2385,1152.48,1537.16,0.605,0,moderate
shopkeeper,1211.89,23,61,0.2199,1057.35,1366.43,0.484,1,moderate
shopkeeper,820.97,24,63,0.2685,700.0,1058.05,0.339,1,moderate
shopkeeper,1627.56,25,50,0.2944,1335.77,1919.34,0.658,0,stable
driver,1537.96,16,28,0.2651,1104.52,1600.0,0.549,0,moderate
laborer,291.66,24,5,0.0823,242.99,340.34,0.099,0,unstable
street_vendor,638.11,27,22,0.0267,453.18,823.05,0.206,1,moderate
street_vendor,899.07,25,21,0.0143,761.16,900.0,0.203,1,moderate
shopkeeper,868.39,23,49,0.0878,700.0,1096.09,0.362,0,moderate
driver,898.23,21,25,0.0445,800.06,996.39,0.731,1,moderate
delivery_worker,1280.88,30,28,0.1514,1015.78,1545.99,0.866,1,stable
delivery_worker,1156.91,24,32,0.2951,907.04,1406.78,0.831,1,stable
shopkeeper,1549.48,26,61,0.1486,1138.45,1960.51,0.423,1,stable
shopkeeper,955.23,25,66,0.2443,700.0,1232.73,0.373,1,moderate
driver,946.59,24,13,0.2052,814.72,1078.46,0.732,1,moderate
street_vendor,829.96,22,19,0.0444,721.82,900.0,0.166,0,moderate
driver,1217.83,20,15,0.2031,1083.18,1352.48,0.777,1,moderate
street_vendor,798.65,19,17,0.1014,637.96,900.0,0.336,0,moderate
street_vendor,571.06,27,25,0.1479,422.04,720.08,0.334,1,moderate
driver,1146.63,20,38,0.1898,833.37,1459.88,0.748,0,moderate
delivery_worker,1460.42,25,42,0.1689,1032.59,1800.0,0.751,0,moderate
laborer,351.61,18,14,0.0206,309.88,393.33,0.178,0,unstable
driver,916.75,16,19,0.0673,756.77,1076.73,0.31,1,unstable
delivery_worker,868.98,29,25,0.17,777.08,960.89,0.704,1,moderate
driver,1164.08,28,35,0.1353,816.98,1511.18,0.383,1,moderate
street_vendor,481.96,26,16,0.0953,371.59,592.33,0.262,1,moderate
delivery_worker,1676.55,26,37,0.2997,1402.74,1800.0,0.791,0,stable
delivery_worker,1656.03,23,57,0.1922,1450.34,1800.0,0.786,1,stable
delivery_worker,620.54,23,31,0.1667,600.0,690.09,0.58,0,moderate
street_vendor,810.04,20,21,0.0808,665.91,900.0,0.211,0,unstable
shopkeeper,884.77,25,49,0.2593,700.0,1125.82,0.321,0,moderate
laborer,295.96,19,7,0.1015,251.77,340.16,0.021,0,unstable
laborer,314.03,22,8,0.0227,239.71,388.36,0.074,0,unstable
delivery_worker,721.4,20,47,0.1566,600.0,862.52,0.533,0,moderate
shopkeeper,917.98,25,48,0.2442,809.92,1026.05,0.267,1,moderate
laborer,393.04,20,12,0.0378,327.04,459.03,0.023,0,unstable
laborer,326.47,11,7,0.0855,268.79,384.14,0.044,0,unstable
shopkeeper,1075.53,24,35,0.1985,777.94,1373.12,0.743,1,moderate
delivery_worker,1281.14,26,38,0.2013,1007.16,1555.13,0.938,1,stable
laborer,248.59,21,5,0.0316,200.0,311.51,0.107,0,unstable
delivery_worker,805.63,21,37,0.1084,600.0,1022.94,0.676,0,moderate
driver,511.46,18,24,0.2633,500.0,585.51,0.465,0,moderate
driver,1509.07,23,28,0.1015,1072.05,1600.0,0.605,1,moderate
laborer,554.19,22,7,0.0694,417.46,690.92,0.133,1,unstable
shopkeeper,1930.65,25,75,0.1479,1476.94,2000.0,0.579,1,stable
shopkeeper,1406.82,27,44,0.2313,996.65,1817.0,0.744,1,stable
driver,1289.88,19,25,0.1699,1023.51,1556.24,0.736,0,moderate
laborer,251.81,18,1,0.0261,200.0,321.52,0.093,0,unstable
street_vendor,568.2,27,17,0.1179,442.68,693.72,0.14,0,moderate
shopkeeper,832.76,22,43,0.2604,718.05,947.46,0.563,0,moderate
shopkeeper,1379.76,27,43,0.3252,1190.07,1569.45,0.639,1,stable
delivery_worker,1539.86,22,59,0.192,1288.27,1791.44,0.576,1,moderate
delivery_worker,1382.44,29,39,0.2526,1063.0,1701.89,0.831,1,stable
delivery_worker,1074.3,24,29,0.1828,823.41,1325.2,0.626,0,moderate
laborer,238.87,23,6,0.0809,200.0,294.4,0.057,0,unstable
street_vendor,569.03,23,8,0.052,500.76,637.31,0.135,0,unstable
laborer,441.8,26,9,0.0287,355.03,528.56,0.021,0,unstable
delivery_worker,1512.83,27,40,0.147,1329.1,1696.57,0.543,0,stable
delivery_worker,1672.6,24,35,0.156,1287.96,1800.0,0.576,0,moderate
driver,979.35,15,30,0.199,695.87,1262.83,0.622,1,moderate
shopkeeper,990.32,24,57,0.2763,712.89,1267.75,0.423,1,moderate
street_vendor,859.42,24,10,0.0518,694.19,900.0,0.317,0,moderate
laborer,401.5,13,9,0.0376,358.89,444.1,0.038,0,unstable
delivery_worker,657.05,21,44,0.118,600.0,775.5,0.535,0,moderate
delivery_worker,1527.72,23,42,0.1964,1084.66,1800.0,0.597,1,stable
delivery_worker,1771.95,23,54,0.2281,1304.18,1800.0,0.662,0,stable
driver,807.58,20,27,0.0148,631.53,983.64,0.592,0,unstable
street_vendor,579.58,27,24,0.0673,507.33,651.83,0.145,0,moderate
delivery_worker,1192.6,22,42,0.1907,867.56,1517.64,0.839,1,moderate
laborer,578.77,20,12,0.064,465.48,692.07,0.18,0,unstable
street_vendor,801.54,24,13,0.0317,705.12,897.96,0.192,1,unstable
delivery_worker,1322.52,26,32,0.2787,964.09,1680.95,0.947,0,stable
laborer,607.62,10,11,0.0837,465.48,700.0,0.133,0,unstable
delivery_worker,1114.47,30,44,0.2232,878.63,1350.32,0.553,1,moderate
shopkeeper,734.66,27,42,0.2026,700.0,809.29,0.532,0,moderate
street_vendor,867.06,27,18,0.0542,622.04,900.0,0.263,0,moderate
street_vendor,797.7,22,14,0.101,645.69,900.0,0.238,0,moderate
delivery_worker,1563.36,24,48,0.0918,1314.68,1800.0,0.676,1,stable
laborer,233.48,15,16,0.042,200.0,293.62,0.148,0,unstable
delivery_worker,1608.86,27,31,0.3008,1283.51,1800.0,0.791,1,stable
shopkeeper,1265.16,26,44,0.2055,1085.63,1444.7,0.583,1,stable
delivery_worker,668.03,20,53,0.0946,600.0,804.19,0.559,1,moderate
shopkeeper,1396.14,25,27,0.2892,990.36,1801.92,0.286,0,stable
laborer,623.06,18,6,0.11,437.62,700.0,0.094,0,unstable
laborer,501.81,18,14,0.0679,377.42,626.19,0.186,0,unstable
driver,1200.59,22,28,0.1385,952.9,1448.28,0.543,1,moderate
street_vendor,603.9,21,18,0.0152,465.52,742.28,0.066,0,unstable
laborer,526.1,15,9,0.0,455.03,597.17,0.103,0,unstable
driver,1399.4,17,15,0.229,1228.88,1569.92,0.409,1,moderate
shopkeeper,1503.15,25,48,0.1594,1300.58,1705.73,0.36,1,moderate
laborer,329.86,17,10,0.0469,290.76,368.95,0.145,0,unstable
laborer,339.55,21,7,0.0761,254.75,424.35,0.199,1,unstable
driver,738.7,23,22,0.1837,549.59,927.81,0.506,1,moderate
street_vendor,559.75,23,29,0.0078,431.02,688.47,0.175,0,unstable
street_vendor,866.82,27,14,0.132,693.48,900.0,0.067,0,moderate
laborer,247.18,17,5,0.1128,218.24,276.12,0.177,0,unstable
street_vendor,406.74,28,20,0.028,307.42,506.06,0.251,0,unstable
laborer,431.57,22,15,0.0,308.87,554.27,0.085,1,unstable
shopkeeper,1289.58,22,32,0.2925,1006.63,1572.53,0.71,1,stable
shopkeeper,1855.43,24,56,0.1855,1596.07,2000.0,0.702,1,stable
delivery_worker,671.19,27,32,0.0,600.0,750.43,0.763,0,moderate
street_vendor,263.3,26,20,0.1227,200.39,326.22,0.054,1,unstable
shopkeeper,1487.6,22,51,0.1261,1189.36,1785.83,0.445,1,moderate
shopkeeper,1573.63,27,42,0.1732,1387.86,1759.4,0.304,1,moderate
street_vendor,624.94,22,28,0.1046,470.94,778.95,0.324,0,moderate
delivery_worker,861.66,22,40,0.1548,721.07,1002.25,0.776,0,moderate
driver,512.1,20,33,0.2387,500.0,647.07,0.548,1,moderate
delivery_worker,704.81,20,36,0.1572,600.0,885.45,0.874,0,moderate
shopkeeper,1486.13,29,65,0.2698,1195.04,1777.22,0.306,1,stable
street_vendor,325.06,30,18,0.095,271.01,379.12,0.052,1,moderate
shopkeeper,713.47,26,49,0.2307,700.0,886.82,0.652,0,moderate
delivery_worker,892.53,30,21,0.3258,708.62,1076.44,0.581,1,stable
shopkeeper,1065.36,26,56,0.2741,956.64,1174.08,0.595,0,stable
laborer,392.58,28,13,0.0346,297.38,487.78,0.174,0,unstable
shopkeeper,707.1,25,36,0.0846,700.0,819.98,0.612,1,moderate
street_vendor,797.72,23,24,0.0057,689.61,900.0,0.232,1,unstable
driver,1430.88,24,30,0.1712,1116.64,1600.0,0.535,1,moderate
street_vendor,837.5,25,13,0.0166,632.72,900.0,0.256,0,moderate
shopkeeper,805.93,24,64,0.3468,702.54,909.32,0.626,1,stable
delivery_worker,718.07,25,33,0.2118,600.0,874.78,0.667,0,moderate
shopkeeper,1927.49,25,46,0.1596,1559.7,2000.0,0.497,0,stable
shopkeeper,859.26,24,66,0.3547,700.0,1098.03,0.744,0,stable
street_vendor,850.27,24,9,0.0024,716.57,900.0,0.26,1,moderate
driver,1259.69,22,28,0.2866,1018.54,1500.84,0.789,1,stable
street_vendor,887.8,22,27,0.1053,787.48,900.0,0.29,1,moderate
street_vendor,775.66,26,26,0.0728,664.89,886.43,0.116,1,moderate
driver,1210.56,26,36,0.2513,851.29,1569.83,0.788,0,stable
laborer,408.4,21,15,0.0646,297.28,519.51,0.116,0,unstable
driver,1220.75,24,32,0.1881,1032.73,1408.78,0.72,1,stable
street_vendor,645.98,28,12,0.1004,505.08,786.88,0.133,1,moderate
street_vendor,621.36,28,16,0.0733,438.37,804.36,0.13,1,moderate
street_vendor,445.07,24,23,0.1104,328.93,561.22,0.225,1,moderate
shopkeeper,996.39,27,55,0.2086,894.96,1097.83,0.488,0,moderate
delivery_worker,1415.43,22,32,0.1136,1230.49,1600.38,0.556,1,moderate
shopkeeper,1647.18,25,65,0.1516,1402.93,1891.42,0.605,1,stable
laborer,203.64,11,12,0.1786,200.0,261.57,0.033,1,unstable
driver,1355.3,15,33,0.1618,978.19,1600.0,0.439,1,moderate
delivery_worker,1399.02,23,36,0.1919,1123.21,1674.83,0.89,1,moderate
driver,597.53,16,31,0.1283,500.0,748.08,0.631,1,unstable
driver,1285.44,21,39,0.1915,995.4,1575.48,0.616,1,moderate
driver,928.92,24,36,0.1901,813.81,1044.03,0.595,0,moderate
street_vendor,212.25,22,14,0.0922,200.0,249.72,0.188,0,unstable
driver,1288.19,20,30,0.1047,1018.48,1557.91,0.404,1,moderate
driver,1071.54,22,33,0.2802,919.85,1223.22,0.309,0,moderate
delivery_worker,826.59,20,27,0.0893,607.57,1045.62,0.543,0,moderate
street_vendor,397.91,30,13,0.0372,279.47,516.35,0.072,0,moderate
street_vendor,241.98,21,24,0.0785,200.0,307.64,0.187,0,unstable
delivery_worker,1526.35,20,44,0.1471,1258.52,1794.18,0.65,1,moderate
street_vendor,735.02,20,18,0.0896,524.19,900.0,0.34,0,moderate
driver,633.11,21,32,0.2396,508.28,757.94,0.366,1,moderate
shopkeeper,1823.38,24,67,0.2537,1448.85,2000.0,0.415,0,stable
street_vendor,320.75,24,20,0.1015,280.87,360.64,0.25,1,unstable
street_vendor,368.41,27,15,0.0935,264.43,472.39,0.324,1,unstable
laborer,585.21,19,9,0.0,506.85,663.56,0.124,0,unstable
driver,1132.92,22,27,0.287,980.96,1284.88,0.625,0,moderate
laborer,429.73,20,15,0.0935,386.04,473.43,0.114,0,unstable
delivery_worker,988.3,21,47,0.139,860.06,1116.54,0.715,0,moderate
street_vendor,220.62,11,15,0.1636,200.0,286.35,0.107,1,unstable
laborer,536.1,17,4,0.1182,448.5,623.69,0.136,0,unstable
laborer,309.38,24,10,0.0128,239.04,379.72,0.125,1,unstable
street_vendor,474.19,23,12,0.0804,348.32,600.05,0.268,0,unstable
delivery_worker,844.53,27,47,0.2368,723.22,965.84,0.527,1,moderate
driver,938.39,24,28,0.0767,688.96,1187.82,0.334,0,moderate
laborer,380.85,28,8,0.127,316.04,445.67,0.155,0,unstable
street_vendor,305.6,22,11,0.0372,246.85,364.36,0.221,0,unstable
laborer,239.94,15,10,0.0166,200.0,294.12,0.111,0,unstable
driver,574.25,16,18,0.2658,500.0,705.08,0.308,1,moderate
shopkeeper,1007.47,29,68,0.256,770.12,1244.83,0.62,0,stable
street_vendor,463.77,21,21,0.011,385.39,542.15,0.324,0,unstable
driver,733.74,21,41,0.0686,558.81,908.66,0.473,0,moderate
laborer,648.46,20,12,0.0657,481.43,700.0,0.056,0,unstable
delivery_worker,709.14,27,28,0.1597,600.0,878.72,0.941,0,moderate
laborer,646.77,25,15,0.0635,480.06,700.0,0.187,0,moderate
delivery_worker,1137.17,26,61,0.1418,803.31,1471.03,0.668,0,moderate
delivery_worker,1464.12,19,41,0.2301,1134.79,1793.44,0.503,1,moderate
shopkeeper,855.71,26,54,0.2309,700.0,1099.27,0.541,1,moderate
driver,1371.58,20,11,0.0853,1190.27,1552.88,0.339,1,moderate
laborer,367.75,12,7,0.0074,272.44,463.06,0.032,0,unstable
shopkeeper,1494.63,24,60,0.2206,1086.44,1902.81,0.271,1,moderate
shopkeeper,1331.54,26,53,0.3267,1143.04,1520.04,0.556,1,stable
shopkeeper,1032.88,24,67,0.3195,807.84,1257.93,0.324,1,stable
driver,883.25,22,36,0.2446,670.78,1095.73,0.747,0,moderate
street_vendor,571.02,23,17,0.0429,433.17,708.86,0.151,0,unstable
laborer,602.42,16,11,0.0,429.41,700.0,0.179,0,unstable
delivery_worker,1206.48,19,26,0.2365,1053.39,1359.57,0.527,0,moderate
laborer,204.12,18,17,0.0673,200.0,263.14,0.054,0,unstable
laborer,640.98,18,7,0.0074,559.0,700.0,0.14,0,unstable
shopkeeper,1547.63,27,27,0.3258,1355.92,1739.34,0.422,1,stable
driver,1522.38,21,21,0.2293,1144.06,1600.0,0.54,1,moderate
shopkeeper,1558.54,22,35,0.3446,1298.53,1818.54,0.6,0,stable
driver,1059.69,18,29,0.1103,804.36,1315.03,0.332,0,moderate
driver,904.13,19,34,0.2169,796.8,1011.45,0.526,1,moderate
laborer,275.87,19,10,0.0708,223.0,328.75,0.135,0,unstable
delivery_worker,1459.65,25,50,0.1971,1072.96,1800.0,0.732,0,moderate
street_vendor,866.41,30,25,0.1096,692.92,900.0,0.058,0,moderate
street_vendor,748.67,26,24,0.0682,568.93,900.0,0.33,1,moderate
shopkeeper,1452.95,27,66,0.2798,1073.93,1831.98,0.633,1,stable
street_vendor,895.63,27,21,0.0863,668.0,900.0,0.322,0,moderate
laborer,481.85,14,6,0.1574,382.87,580.83,0.064,0,unstable
laborer,478.64,22,7,0.0461,380.37,576.9,0.179,0,unstable
laborer,521.23,23,20,0.027,405.78,636.68,0.114,0,unstable
delivery_worker,1118.39,22,42,0.1348,960.94,1275.84,0.691,1,moderate
driver,1241.91,16,30,0.1864,1066.16,1417.66,0.459,0,moderate
laborer,358.36,19,12,0.0587,314.59,402.13,0.101,0,unstable
driver,1169.79,17,35,0.0815,955.7,1383.88,0.732,1,moderate
delivery_worker,1362.16,18,47,0.091,1167.81,1556.52,0.843,1,moderate
street_vendor,434.57,25,14,0.1357,312.0,557.14,0.331,0,moderate
laborer,350.78,25,8,0.0465,290.91,410.65,0.184,1,unstable
street_vendor,689.86,24,23,0.0328,520.13,859.58,0.274,0,unstable
driver,1493.12,25,29,0.0101,1295.02,1600.0,0.688,0,moderate
street_vendor,347.5,23,8,0.0,302.73,392.28,0.249,0,unstable
street_vendor,862.43,29,24,0.1584,731.17,900.0,0.134,0,moderate
shopkeeper,1175.12,21,44,0.2039,1017.06,1333.17,0.461,1,moderate
driver,644.31,18,32,0.1596,500.0,792.18,0.344,1,moderate
shopkeeper,767.36,23,70,0.2704,700.0,925.78,0.743,1,moderate
shopkeeper,775.81,28,55,0.0732,700.0,896.03,0.409,1,moderate
laborer,276.18,21,10,0.1057,230.87,321.5,0.026,0,unstable
street_vendor,231.39,30,11,0.0874,200.0,296.47,0.186,0,moderate
driver,835.59,22,22,0.1611,707.0,964.18,0.76,0,moderate
delivery_worker,729.5,24,41,0.1183,600.0,883.9,0.867,0,moderate
driver,1459.26,24,18,0.2703,1079.36,1600.0,0.666,0,stable
street_vendor,715.04,19,20,0.1745,602.19,827.9,0.229,1,moderate
laborer,329.13,17,3,0.0373,234.95,423.3,0.058,0,unstable
shopkeeper,1894.74,25,58,0.0712,1581.65,2000.0,0.428,0,stable
delivery_worker,1053.42,29,41,0.0728,844.75,1262.09,0.556,0,moderate
street_vendor,761.09,25,19,0.1411,681.49,840.7,0.206,1,moderate
delivery_worker,1537.04,22,31,0.1753,1322.45,1751.63,0.628,0,moderate
driver,1137.97,18,26,0.0529,895.24,1380.69,0.362,0,moderate
street_vendor,431.81,26,18,0.0462,323.69,539.93,0.212,0,unstable
shopkeeper,708.46,26,51,0.1502,700.0,802.95,0.592,0,moderate
driver,1372.83,20,29,0.249,983.6,1600.0,0.407,0,moderate
driver,741.74,18,44,0.1544,666.07,817.41,0.475,0,moderate
street_vendor,506.88,25,15,0.1179,438.79,574.98,0.212,0,unstable
shopkeeper,1153.69,25,68,0.3618,1007.99,1299.38,0.65,1,stable
delivery_worker,948.95,23,22,0.1867,835.6,1062.3,0.852,1,moderate
delivery_worker,773.42,25,45,0.072,656.36,890.47,0.654,0,moderate
delivery_worker,1786.25,27,52,0.2248,1484.98,1800.0,0.656,1,stable
street_vendor,518.81,20,15,0.0734,377.23,660.4,0.256,0,unstable
laborer,627.36,20,11,0.0588,471.29,700.0,0.143,0,unstable
driver,533.43,21,22,0.187,500.0,679.78,0.313,1,moderate
street_vendor,841.04,23,22,0.0769,644.55,900.0,0.111,1,moderate
laborer,696.91,23,12,0.0367,580.68,700.0,0.116,0,moderate
shopkeeper,1899.11,25,61,0.2916,1514.41,2000.0,0.346,1,stable
street_vendor,418.98,29,26,0.1898,369.16,468.8,0.062,1,moderate
driver,1064.54,20,36,0.3032,748.33,1380.75,0.643,0,moderate
street_vendor,752.85,30,22,0.0776,673.81,831.9,0.196,1,moderate
driver,752.16,21,23,0.221,589.9,914.43,0.355,0,moderate
shopkeeper,1228.57,24,55,0.1178,961.29,1495.84,0.587,1,moderate
laborer,612.17,20,7,0.0434,445.51,700.0,0.082,0,unstable
laborer,477.73,20,10,0.0347,340.79,614.66,0.12,1,unstable
delivery_worker,1336.88,22,48,0.1565,986.54,1687.21,0.871,1,moderate
street_vendor,337.79,26,10,0.1056,291.77,383.81,0.305,0,moderate
laborer,250.48,24,13,0.0185,200.0,307.79,0.077,0,unstable
laborer,649.2,22,3,0.0065,548.03,700.0,0.082,0,unstable
laborer,389.13,21,13,0.0383,306.14,472.13,0.111,0,unstable
shopkeeper,1266.08,24,38,0.2649,1006.62,1525.53,0.716,1,stable
delivery_worker,931.51,24,63,0.2874,664.14,1198.87,0.57,0,moderate
driver,1555.46,23,36,0.1793,1223.52,1600.0,0.487,0,stable
shopkeeper,1584.65,26,74,0.235,1291.81,1877.5,0.532,0,stable
street_vendor,308.44,23,21,0.0553,244.38,372.49,0.101,1,unstable
street_vendor,277.08,25,10,0.0695,201.85,352.31,0.214,1,unstable
street_vendor,386.16,27,26,0.0,337.2,435.12,0.135,0,unstable
driver,1579.36,20,21,0.2028,1383.47,1600.0,0.629,1,moderate
laborer,207.41,19,9,0.0,200.0,236.42,0.171,0,unstable
laborer,388.27,17,7,0.0489,323.87,452.67,0.188,1,unstable
shopkeeper,1273.17,23,57,0.3196,1140.15,1406.18,0.6,1,stable
laborer,653.82,29,10,0.0,534.88,700.0,0.077,1,moderate
laborer,416.31,20,11,0.0149,323.94,508.68,0.181,0,unstable
street_vendor,355.42,21,19,0.1654,256.4,454.44,0.222,0,unstable
street_vendor,596.99,20,23,0.0296,442.01,751.98,0.347,0,unstable
laborer,595.52,21,9,0.0,506.66,684.39,0.133,1,unstable
laborer,235.27,17,20,0.0915,200.0,276.18,0.128,0,unstable
shopkeeper,1019.48,24,61,0.0553,761.64,1277.31,0.503,1,moderate
street_vendor,895.95,23,22,0.094,742.29,900.0,0.241,0,unstable
street_vendor,598.46,24,22,0.0494,479.19,717.73,0.254,0,unstable
laborer,281.7,28,11,0.0,224.54,338.86,0.153,1,unstable
driver,1067.34,22,29,0.0561,828.76,1305.92,0.354,0,moderate
street_vendor,462.67,24,18,0.0571,398.58,526.75,0.23,1,unstable
delivery_worker,1322.09,23,45,0.1667,938.16,1706.01,0.779,0,moderate
street_vendor,362.37,19,14,0.1809,291.37,433.37,0.186,1,unstable
laborer,693.33,12,10,0.0,558.1,700.0,0.056,0,unstable
driver,503.04,22,36,0.1335,500.0,610.7,0.32,1,moderate
street_vendor,820.11,25,20,0.1435,717.33,900.0,0.202,0,moderate
driver,562.07,18,26,0.0696,500.0,709.68,0.396,0,unstable
delivery_worker,1413.99,27,53,0.1297,1117.65,1710.34,0.693,1,stable
driver,972.55,24,38,0.2211,738.81,1206.29,0.454,0,moderate
delivery_worker,1040.96,28,23,0.2057,740.23,1341.69,0.697,1,moderate
street_vendor,501.02,24,20,0.0898,418.48,583.56,0.088,0,unstable
delivery_worker,1677.18,28,39,0.1824,1475.88,1800.0,0.511,1,stable
driver,1145.39,24,33,0.1118,1002.48,1288.3,0.675,0,moderate
delivery_worker,726.88,26,47,0.1844,625.39,828.38,0.64,0,moderate
laborer,519.29,25,9,0.0566,432.54,606.05,0.16,1,unstable
shopkeeper,1347.36,26,39,0.2496,980.49,1714.22,0.342,1,stable
driver,1046.54,23,24,0.1995,818.63,1274.46,0.364,0,moderate
street_vendor,310.49,30,20,0.0662,236.36,384.62,0.075,1,unstable
street_vendor,607.06,24,28,0.1368,437.58,776.54,0.154,1,moderate
shopkeeper,728.1,26,38,0.2082,700.0,930.26,0.617,1,moderate
laborer,352.47,22,7,0.0798,303.0,401.94,0.071,0,unstable
delivery_worker,992.77,28,35,0.1052,809.55,1175.99,0.69,0,moderate
driver,547.57,19,20,0.098,500.0,643.27,0.627,1,moderate
driver,1167.4,19,23,0.2574,932.91,1401.9,0.383,0,moderate
street_vendor,887.46,28,26,0.0764,785.51,900.0,0.064,0,moderate
shopkeeper,1973.36,25,63,0.2182,1741.1,2000.0,0.286,1,stable
delivery_worker,623.23,21,9,0.1183,600.0,776.37,0.588,1,moderate
shopkeeper,936.43,26,35,0.2927,705.06,1167.8,0.52,1,moderate
driver,1240.3,18,34,0.2053,1013.15,1467.46,0.57,0,moderate
laborer,614.43,20,7,0.0734,487.63,700.0,0.136,0,unstable
delivery_worker,1408.23,18,39,0.1725,1076.09,1740.36,0.784,1,moderate
driver,1339.14,22,19,0.0279,1171.77,1506.5,0.504,1,moderate
shopkeeper,748.15,26,62,0.238,700.0,837.17,0.38,1,moderate
shopkeeper,1621.22,25,37,0.2412,1181.75,2000.0,0.589,0,stable
shopkeeper,1264.71,26,46,0.2016,911.13,1618.29,0.601,1,moderate
delivery_worker,981.23,27,21,0.249,751.37,1211.08,0.641,0,moderate
driver,525.49,19,20,0.1828,500.0,661.25,0.408,1,moderate
driver,1134.18,24,21,0.2734,896.39,1371.98,0.593,1,moderate
shopkeeper,973.74,22,73,0.293,864.32,1083.15,0.33,1,moderate
street_vendor,430.86,24,11,0.1085,317.13,544.59,0.25,1,unstable
delivery_worker,1587.66,26,36,0.1925,1193.23,1800.0,0.519,0,stable
delivery_worker,1733.75,25,52,0.2552,1292.09,1800.0,0.82,0,stable
delivery_worker,1736.05,21,44,0.1205,1434.96,1800.0,0.893,1,stable
shopkeeper,1779.54,28,63,0.3784,1483.4,2000.0,0.712,0,stable
driver,1557.43,21,16,0.1643,1261.95,1600.0,0.793,1,stable
driver,894.48,24,28,0.1988,751.78,1037.19,0.512,0,moderate
street_vendor,565.23,23,7,0.0074,473.51,656.94,0.128,1,unstable
laborer,293.23,12,16,0.0229,244.2,342.25,0.05,0,unstable
driver,1299.52,15,26,0.0693,1113.06,1485.97,0.709,0,moderate
driver,1553.34,23,10,0.072,1116.99,1600.0,0.362,1,moderate
shopkeeper,1806.12,26,47,0.1938,1283.16,2000.0,0.295,0,stable
shopkeeper,1946.32,24,33,0.3806,1649.78,2000.0,0.502,0,stable
street_vendor,269.93,24,12,0.0043,200.0,340.03,0.263,0,unstable
driver,1287.82,19,39,0.2036,959.2,1600.0,0.567,0,moderate
shopkeeper,1687.64,27,62,0.1733,1243.1,2000.0,0.657,1,stable
street_vendor,701.87,24,13,0.0813,605.49,798.24,0.308,0,moderate
street_vendor,812.7,29,16,0.0975,606.46,900.0,0.141,1,moderate
street_vendor,719.7,24,17,0.1145,625.61,813.79,0.092,0,moderate
laborer,341.58,21,6,0.0,306.76,376.39,0.037,0,unstable
street_vendor,468.22,28,22,0.0773,417.05,519.39,0.341,0,moderate
shopkeeper,1416.76,28,58,0.2282,1149.0,1684.51,0.547,0,stable
laborer,626.91,15,8,0.0744,444.65,700.0,0.058,0,unstable
laborer,490.99,23,13,0.0501,431.13,550.84,0.111,0,unstable
driver,531.8,21,35,0.2353,500.0,662.42,0.758,1,moderate
laborer,401.85,13,22,0.0395,349.1,454.59,0.19,0,unstable
delivery_worker,1280.35,28,28,0.1264,925.62,1635.07,0.574,0,moderate
delivery_worker,1028.16,28,40,0.2127,870.55,1185.77,0.885,1,stable
delivery_worker,1727.33,23,52,0.3586,1280.15,1800.0,0.855,0,stable
laborer,239.02,18,10,0.0761,200.0,306.14,0.054,0,unstable
shopkeeper,1413.16,25,79,0.2107,1040.88,1785.45,0.353,0,stable
delivery_worker,778.46,25,45,0.0569,600.0,963.19,0.777,1,moderate
delivery_worker,1769.96,21,20,0.0938,1546.29,1800.0,0.544,0,moderate
street_vendor,491.26,30,10,0.0663,408.46,574.05,0.08,1,unstable
street_vendor,316.66,30,12,0.0749,272.47,360.84,0.249,1,moderate
street_vendor,771.92,25,17,0.0,669.82,874.03,0.228,0,moderate
delivery_worker,722.52,29,58,0.1682,600.0,855.7,0.614,1,moderate
driver,1304.49,21,28,0.0772,1053.84,1555.14,0.381,0,moderate
driver,683.15,18,35,0.1581,548.91,817.39,0.327,0,moderate
shopkeeper,1679.55,24,59,0.2183,1400.97,1958.12,0.486,0,stable
shopkeeper,904.1,27,54,0.199,700.0,1122.7,0.316,0,moderate
shopkeeper,1254.63,25,41,0.1892,900.8,1608.45,0.398,0,moderate
driver,1429.76,21,32,0.2261,1176.58,1600.0,0.437,1,moderate
delivery_worker,1038.28,27,49,0.2458,925.07,1151.5,0.608,1,moderate
driver,1382.32,25,35,0.0745,1089.5,1600.0,0.698,0,moderate
street_vendor,778.85,22,15,0.0555,632.78,900.0,0.273,0,unstable
street_vendor,483.22,17,19,0.0063,387.34,579.1,0.167,0,unstable
driver,690.69,19,18,0.0938,567.26,814.12,0.799,1,moderate
laborer,521.48,25,8,0.0262,451.13,591.82,0.077,0,unstable
shopkeeper,1216.56,25,69,0.1648,1004.16,1428.97,0.373,1,stable
street_vendor,542.78,17,18,0.0776,439.83,645.72,0.056,0,unstable
delivery_worker,1783.4,25,25,0.1748,1378.97,1800.0,0.791,0,stable
laborer,332.61,22,15,0.0305,294.76,370.45,0.138,1,unstable
driver,820.99,24,25,0.2168,631.09,1010.89,0.699,0,moderate
laborer,374.34,30,10,0.0,271.29,477.38,0.173,0,unstable
driver,540.29,21,26,0.2269,500.0,689.39,0.393,0,moderate
laborer,239.38,20,6,0.053,200.0,283.61,0.141,0,unstable
laborer,287.5,18,8,0.0,252.92,322.08,0.136,1,unstable
street_vendor,697.74,16,14,0.1018,528.51,866.98,0.345,0,unstable
street_vendor,834.78,26,13,0.0,736.71,900.0,0.182,0,unstable
laborer,285.1,24,10,0.0561,207.19,363.02,0.154,1,unstable
shopkeeper,966.37,20,31,0.2301,733.86,1198.88,0.492,1,moderate
driver,1260.59,27,41,0.1841,1133.86,1387.32,0.52,1,moderate
delivery_worker,722.78,25,36,0.2709,601.81,843.75,0.617,1,moderate
delivery_worker,1621.48,27,25,0.1212,1174.77,1800.0,0.51,0,stable
shopkeeper,894.92,24,46,0.1668,803.22,986.63,0.585,1,moderate
shopkeeper,1853.87,23,42,0.2023,1561.52,2000.0,0.397,0,stable
laborer,544.21,19,9,0.0119,394.52,693.9,0.061,0,unstable
delivery_worker,1764.29,24,39,0.1655,1300.15,1800.0,0.637,1,stable
shopkeeper,1226.41,25,48,0.2093,914.56,1538.26,0.563,0,moderate
driver,669.41,18,18,0.0258,500.0,850.45,0.579,1,unstable
driver,785.38,19,38,0.075,564.77,1005.99,0.474,1,unstable
street_vendor,365.16,24,23,0.1485,273.7,456.62,0.092,0,unstable
shopkeeper,1318.78,25,50,0.1875,990.84,1646.71,0.528,0,moderate
delivery_worker,1412.2,24,49,0.2042,1022.39,1800.0,0.893,1,stable
street_vendor,590.55,20,22,0.162,517.91,663.18,0.308,1,moderate
laborer,252.63,11,10,0.0696,200.0,321.57,0.144,0,unstable
laborer,341.25,21,11,0.0896,287.41,395.08,0.062,0,unstable
street_vendor,680.1,22,18,0.1333,582.36,777.84,0.095,1,unstable
shopkeeper,1842.82,23,32,0.2196,1410.01,2000.0,0.421,0,stable
street_vendor,308.72,21,5,0.1496,248.1,369.34,0.247,1,unstable
street_vendor,407.68,22,25,0.1704,341.33,474.02,0.327,0,moderate
laborer,628.42,17,14,0.0642,453.57,700.0,0.144,0,unstable
delivery_worker,1618.01,20,25,0.3397,1145.37,1800.0,0.879,1,stable
street_vendor,290.31,21,25,0.0647,212.18,368.44,0.24,0,unstable
delivery_worker,821.2,27,39,0.089,692.29,950.1,0.541,0,moderate
laborer,250.07,25,7,0.0,200.0,305.92,0.197,1,unstable
street_vendor,604.45,29,23,0.1236,424.38,784.52,0.06,1,moderate
street_vendor,225.28,20,15,0.0244,200.0,292.49,0.274,0,unstable
laborer,573.37,12,13,0.0845,441.9,700.0,0.106,0,unstable
driver,811.06,22,34,0.181,619.75,1002.36,0.615,0,moderate
shopkeeper,1466.89,26,53,0.104,1249.63,1684.14,0.703,1,stable
delivery_worker,1325.27,20,31,0.1405,988.7,1661.83,0.559,0,moderate
shopkeeper,1594.56,24,57,0.2235,1210.93,1978.19,0.69,0,stable
driver,927.68,19,39,0.1722,672.05,1183.3,0.368,1,moderate
shopkeeper,1350.47,24,51,0.2777,1031.79,1669.15,0.586,1,stable
laborer,543.65,18,14,0.0,441.68,645.61,0.166,0,unstable
driver,860.0,18,34,0.1719,692.3,1027.71,0.547,1,moderate
street_vendor,458.07,18,16,0.0812,361.84,554.3,0.348,0,unstable
street_vendor,678.29,23,21,0.0105,496.3,860.28,0.068,0,unstable
delivery_worker,1763.85,29,41,0.1332,1283.8,1800.0,0.895,1,stable
laborer,289.11,24,8,0.0367,218.53,359.69,0.12,0,unstable
driver,795.31,23,40,0.1247,581.99,1008.64,0.484,1,moderate
laborer,275.0,20,15,0.0165,226.07,323.93,0.128,0,unstable
driver,659.95,22,41,0.0,586.07,733.83,0.487,1,moderate
laborer,208.02,19,5,0.0507,200.0,232.29,0.16,0,unstable
driver,607.69,21,29,0.1207,518.33,697.05,0.455,0,moderate
shopkeeper,1796.23,24,53,0.1485,1547.12,2000.0,0.652,0,stable
shopkeeper,708.84,27,56,0.2342,700.0,838.36,0.394,1,moderate
laborer,444.55,17,13,0.0851,386.03,503.07,0.172,0,unstable
driver,514.64,27,27,0.1984,500.0,592.84,0.562,1,moderate
driver,1185.35,15,34,0.2176,962.69,1408.02,0.356,0,moderate
delivery_worker,1442.99,23,46,0.2298,1273.58,1612.4,0.757,1,stable
driver,507.47,22,28,0.3396,500.0,571.76,0.482,0,moderate
street_vendor,432.74,28,30,0.0,342.97,522.5,0.323,0,unstable
street_vendor,569.91,22,28,0.0885,438.1,701.73,0.282,0,unstable
laborer,396.11,24,5,0.0386,292.22,500.0,0.026,0,unstable
laborer,358.27,16,3,0.0,269.68,446.86,0.044,0,unstable
shopkeeper,1069.77,26,46,0.2859,808.53,1331.02,0.421,1,moderate
driver,1068.72,21,27,0.1184,849.68,1287.77,0.692,1,moderate
driver,1038.48,21,30,0.1498,824.47,1252.49,0.756,1,moderate
delivery_worker,803.15,19,54,0.0781,615.33,990.96,0.949,0,moderate
shopkeeper,1159.83,21,39,0.1641,926.95,1392.7,0.665,1,moderate
driver,1460.11,26,24,0.0945,1236.31,1600.0,0.569,1,moderate
laborer,273.56,21,13,0.0586,200.0,355.33,0.179,0,unstable
driver,639.48,28,35,0.1438,528.61,750.35,0.63,0,moderate
shopkeeper,1684.87,24,57,0.3225,1411.97,1957.77,0.556,0,stable
street_vendor,378.29,22,19,0.0096,283.74,472.85,0.18,0,unstable
shopkeeper,876.19,27,73,0.2724,725.27,1027.11,0.722,0,stable
delivery_worker,1032.17,30,31,0.1885,856.31,1208.03,0.636,1,stable
laborer,311.69,14,8,0.0378,240.72,382.67,0.03,1,unstable
street_vendor,393.23,28,20,0.1201,336.61,449.86,0.227,0,moderate
laborer,673.52,18,8,0.0,525.16,700.0,0.184,0,unstable
driver,1244.14,24,7,0.1467,1118.28,1370.0,0.653,1,moderate
street_vendor,883.6,26,19,0.0584,676.8,900.0,0.187,1,moderate
delivery_worker,1348.05,26,54,0.2544,1086.92,1609.17,0.779,1,stable
shopkeeper,1788.05,26,49,0.2387,1411.95,2000.0,0.591,1,stable
laborer,377.12,10,9,0.0,278.94,475.3,0.134,0,unstable
delivery_worker,1473.97,29,31,0.1161,1071.29,1800.0,0.936,0,stable
street_vendor,402.9,28,15,0.1645,308.22,497.59,0.309,0,moderate
driver,1223.97,17,14,0.2009,1047.51,1400.43,0.343,1,moderate
street_vendor,531.13,29,17,0.1647,399.76,662.51,0.085,1,moderate
laborer,327.35,19,4,0.0574,243.48,411.21,0.2,0,unstable
shopkeeper,1633.72,26,56,0.2515,1226.45,2000.0,0.726,1,stable
delivery_worker,1099.81,28,46,0.1711,888.55,1311.08,0.664,0,stable
street_vendor,362.32,28,13,0.1084,310.0,414.64,0.17,1,unstable
driver,685.58,20,12,0.1924,537.54,833.63,0.457,1,moderate
laborer,326.08,16,17,0.0,265.14,387.01,0.194,0,unstable
driver,1170.33,19,31,0.094,1044.19,1296.47,0.719,0,moderate
shopkeeper,1242.24,29,34,0.2509,1003.59,1480.89,0.714,1,stable
delivery_worker,800.18,23,36,0.3119,600.0,1002.27,0.756,0,moderate
laborer,257.76,23,10,0.0476,207.45,308.08,0.029,0,unstable
driver,1536.05,15,40,0.1465,1080.3,1600.0,0.379,0,moderate
driver,1402.84,17,38,0.1387,1064.89,1600.0,0.369,1,moderate
street_vendor,542.68,23,13,0.0228,481.75,603.6,0.103,0,unstable
driver,731.08,21,36,0.274,645.84,816.32,0.446,0,moderate
driver,1353.54,18,36,0.0486,1085.27,1600.0,0.618,0,moderate
delivery_worker,1182.57,30,32,0.1936,890.26,1474.87,0.529,1,moderate
delivery_worker,1116.3,21,45,0.2494,943.22,1289.37,0.556,0,moderate
street_vendor,873.01,26,19,0.1196,752.04,900.0,0.227,1,moderate
driver,1323.13,24,34,0.0298,1064.25,1582.01,0.371,1,moderate
street_vendor,806.85,24,10,0.0256,706.23,900.0,0.31,0,moderate
street_vendor,897.51,21,16,0.1691,675.46,900.0,0.101,1,moderate
shopkeeper,1498.99,25,42,0.2176,1280.04,1717.94,0.59,1,stable
street_vendor,653.2,27,14,0.11,551.9,754.49,0.238,1,moderate
driver,1441.79,26,36,0.1616,1075.6,1600.0,0.384,0,moderate
street_vendor,874.09,24,15,0.0185,732.48,900.0,0.319,0,moderate
shopkeeper,1142.57,24,58,0.2607,963.38,1321.76,0.608,0,stable
laborer,313.96,20,16,0.1606,229.02,398.91,0.169,0,unstable
driver,1441.87,23,38,0.1748,1151.4,1600.0,0.416,1,stable
laborer,510.33,16,5,0.0765,365.89,654.76,0.179,0,unstable
delivery_worker,889.83,20,27,0.2211,647.13,1132.53,0.663,0,moderate
shopkeeper,1660.61,26,45,0.3033,1303.05,2000.0,0.574,1,stable
driver,733.61,19,24,0.1169,641.04,826.17,0.609,0,moderate
shopkeeper,1462.02,26,32,0.205,1128.13,1795.92,0.629,1,stable
shopkeeper,865.88,30,50,0.0057,700.0,1103.48,0.635,0,moderate
shopkeeper,1793.85,22,33,0.2364,1439.94,2000.0,0.561,0,stable
delivery_worker,1273.0,26,46,0.0488,1105.18,1440.82,0.508,1,moderate
delivery_worker,1506.96,21,44,0.2192,1306.77,1707.16,0.65,1,stable
driver,671.48,25,53,0.1821,500.0,850.8,0.742,1,moderate
delivery_worker,680.31,25,38,0.0947,600.0,770.32,0.567,1,moderate
laborer,676.62,22,3,0.0835,515.11,700.0,0.098,1,moderate
delivery_worker,1797.78,28,57,0.061,1346.51,1800.0,0.602,0,stable
laborer,235.1,20,13,0.0547,208.09,262.11,0.185,1,unstable
delivery_worker,728.87,26,48,0.1889,600.0,886.76,0.516,0,moderate
shopkeeper,1626.21,24,50,0.2924,1437.7,1814.73,0.702,0,stable
street_vendor,337.92,25,15,0.1192,278.41,397.44,0.112,0,moderate
shopkeeper,1986.01,26,51,0.1641,1523.12,2000.0,0.34,1,stable
laborer,367.48,17,14,0.0272,311.17,423.79,0.129,0,unstable
shopkeeper,1160.73,23,61,0.2737,1031.74,1289.73,0.312,1,moderate
laborer,256.12,22,5,0.1655,200.0,325.64,0.055,0,moderate
driver,547.41,25,37,0.1149,500.0,710.92,0.429,0,moderate
shopkeeper,723.37,23,55,0.3005,700.0,807.12,0.675,1,moderate
driver,1001.06,24,26,0.1702,711.34,1290.78,0.551,0,moderate
shopkeeper,1272.05,24,49,0.2285,931.8,1612.3,0.575,0,moderate
laborer,510.83,19,1,0.136,420.26,601.41,0.199,0,unstable
laborer,627.06,18,9,0.0476,456.21,700.0,0.02,0,unstable
driver,1181.23,23,22,0.2018,879.76,1482.7,0.394,0,moderate
laborer,408.56,18,9,0.0,292.81,524.32,0.108,0,unstable
driver,1223.13,20,27,0.0645,1029.8,1416.46,0.526,0,moderate
street_vendor,386.2,24,13,0.018,288.3,484.1,0.298,0,unstable
driver,1210.29,23,32,0.1897,968.78,1451.81,0.491,1,moderate
street_vendor,249.74,26,17,0.0894,216.51,282.98,0.326,0,unstable
shopkeeper,1799.81,24,35,0.2714,1311.72,2000.0,0.615,0,stable
shopkeeper,1383.71,29,58,0.2739,1173.2,1594.23,0.544,0,stable
driver,836.59,19,40,0.2757,726.95,946.22,0.469,1,moderate
delivery_worker,1016.69,25,51,0.0793,815.41,1217.97,0.824,1,moderate
driver,1316.69,22,25,0.204,1077.3,1556.08,0.432,0,moderate
delivery_worker,1389.16,23,33,0.2831,1218.49,1559.84,0.624,0,stable
delivery_worker,731.02,26,43,0.2249,627.56,834.47,0.533,1,moderate
shopkeeper,1374.67,23,24,0.2438,980.93,1768.42,0.355,1,moderate
driver,1596.61,19,33,0.0957,1350.85,1600.0,0.711,1,moderate
delivery_worker,726.47,25,36,0.3026,640.72,812.22,0.728,0,moderate
driver,1101.34,24,41,0.1449,788.83,1413.84,0.504,1,moderate
shopkeeper,1803.69,29,55,0.2635,1584.48,2000.0,0.474,1,stable
street_vendor,836.6,29,14,0.0199,691.07,900.0,0.251,0,moderate
laborer,220.68,16,7,0.0754,200.0,250.42,0.094,0,unstable
delivery_worker,1759.93,22,37,0.2101,1426.7,1800.0,0.68,1,stable
delivery_worker,1255.29,27,33,0.1633,983.08,1527.5,0.766,0,moderate
street_vendor,375.33,23,20,0.0716,334.95,415.7,0.245,0,unstable
shopkeeper,1721.58,26,41,0.2109,1539.78,1903.38,0.727,1,stable
street_vendor,542.24,19,12,0.1049,446.34,638.13,0.128,0,unstable
delivery_worker,1573.6,24,55,0.1292,1167.87,1800.0,0.545,1,stable
driver,674.53,26,36,0.0378,554.35,794.71,0.481,0,moderate
driver,1063.36,22,25,0.1747,761.47,1365.25,0.486,1,moderate
laborer,286.2,20,15,0.0503,242.39,330.0,0.071,1,unstable
driver,799.34,18,23,0.2037,703.27,895.41,0.554,1,moderate
street_vendor,353.21,24,17,0.0695,252.73,453.69,0.287,0,moderate
street_vendor,534.33,17,21,0.1184,456.05,612.6,0.096,1,unstable
driver,870.45,20,37,0.1997,697.93,1042.97,0.632,0,moderate
delivery_worker,1398.9,29,25,0.168,1183.04,1614.76,0.683,0,stable
shopkeeper,1332.43,25,60,0.2152,1007.81,1657.04,0.44,1,stable
street_vendor,202.25,22,22,0.0944,200.0,235.03,0.074,0,unstable
driver,834.03,17,34,0.2279,686.73,981.34,0.523,0,moderate
street_vendor,736.8,21,13,0.0257,553.22,900.0,0.054,1,unstable
street_vendor,765.77,21,23,0.0,605.58,900.0,0.272,0,unstable
delivery_worker,1159.29,19,51,0.0461,1028.47,1290.11,0.785,0,moderate
laborer,411.05,11,13,0.0616,368.55,453.55,0.159,0,unstable
street_vendor,297.35,17,19,0.0754,254.38,340.32,0.136,1,unstable
driver,1548.49,20,34,0.2117,1319.79,1600.0,0.365,1,moderate
street_vendor,723.14,24,19,0.0979,611.11,835.17,0.146,1,moderate
shopkeeper,1125.67,25,45,0.1292,840.16,1411.19,0.265,0,moderate
shopkeeper,1142.93,29,57,0.1779,971.91,1313.96,0.656,1,moderate
street_vendor,270.8,28,29,0.1314,200.0,343.72,0.331,0,moderate
driver,506.14,22,15,0.1042,500.0,644.89,0.643,1,moderate
shopkeeper,1515.27,24,59,0.0686,1114.15,1916.38,0.639,0,moderate
shopkeeper,1401.8,23,26,0.3261,1154.13,1649.46,0.313,0,stable
driver,1356.88,18,27,0.1374,1140.28,1573.49,0.758,1,moderate
street_vendor,705.07,21,19,0.0957,626.01,784.13,0.337,1,moderate
street_vendor,404.43,30,19,0.1282,358.37,450.5,0.21,1,moderate
laborer,444.52,25,7,0.0571,364.62,524.41,0.168,0,unstable
driver,1320.51,20,21,0.1705,1113.86,1527.16,0.359,0,moderate
street_vendor,795.78,24,13,0.1061,705.49,886.06,0.114,1,moderate
laborer,472.79,13,13,0.0722,343.98,601.59,0.068,0,unstable
street_vendor,463.93,17,16,0.1027,338.44,589.41,0.074,0,unstable
delivery_worker,925.76,20,47,0.2971,771.04,1080.47,0.864,1,moderate
driver,1521.52,23,42,0.1043,1268.68,1600.0,0.602,1,moderate
street_vendor,550.9,23,13,0.0223,429.24,672.56,0.152,0,unstable
laborer,665.91,23,7,0.0,469.56,700.0,0.154,1,unstable
driver,1404.03,23,27,0.198,1040.62,1600.0,0.508,0,moderate
shopkeeper,1514.98,27,51,0.1712,1062.07,1967.88,0.502,1,moderate
laborer,688.43,12,16,0.0445,519.67,700.0,0.104,1,unstable
driver,1097.51,19,30,0.1733,850.53,1344.49,0.416,0,moderate
delivery_worker,1217.04,21,39,0.1799,1042.22,1391.86,0.888,1,moderate
driver,507.71,19,24,0.229,500.0,620.58,0.481,1,moderate
shopkeeper,850.14,26,39,0.2326,739.14,961.13,0.351,1,moderate
driver,988.32,24,29,0.1543,880.47,1096.16,0.718,1,moderate
laborer,265.76,18,12,0.1318,236.88,294.64,0.061,0,unstable
street_vendor,714.85,20,22,0.042,603.85,825.86,0.258,1,moderate
laborer,486.23,21,9,0.0541,420.84,551.63,0.05,1,unstable
shopkeeper,753.75,26,37,0.1394,700.0,941.43,0.326,1,moderate
delivery_worker,1456.57,23,49,0.1566,1301.65,1611.5,0.584,1,stable
driver,548.58,28,49,0.0954,500.0,607.84,0.681,0,moderate
driver,1201.71,25,10,0.0885,849.65,1553.77,0.753,0,moderate
delivery_worker,1790.9,21,32,0.2187,1414.5,1800.0,0.912,0,stable
shopkeeper,705.73,23,51,0.319,700.0,821.06,0.654,0,moderate
street_vendor,509.84,30,15,0.1432,422.25,597.43,0.321,1,moderate
laborer,682.49,16,6,0.0045,529.24,700.0,0.075,1,unstable
driver,1455.02,22,33,0.1599,1187.7,1600.0,0.797,0,moderate
shopkeeper,702.43,23,59,0.1345,700.0,903.76,0.508,1,moderate
street_vendor,397.85,24,22,0.0571,284.16,511.53,0.097,0,unstable
street_vendor,415.48,22,26,0.0651,370.44,460.52,0.318,0,moderate
delivery_worker,1467.95,30,39,0.1422,1214.27,1721.63,0.745,0,stable
street_vendor,642.4,30,16,0.0924,495.6,789.2,0.207,0,moderate
laborer,380.83,13,11,0.0026,320.28,441.38,0.124,0,unstable
laborer,409.2,20,6,0.0032,336.96,481.44,0.11,1,unstable
driver,1361.12,20,27,0.1749,1031.99,1600.0,0.645,0,moderate
driver,659.21,21,26,0.02,583.63,734.8,0.497,0,moderate
laborer,354.98,19,10,0.0559,281.47,428.5,0.165,0,unstable
street_vendor,319.31,30,22,0.0718,239.22,399.39,0.243,0,moderate
laborer,235.23,25,15,0.0147,200.0,293.11,0.198,0,unstable
delivery_worker,1097.74,23,30,0.2178,782.49,1413.0,0.913,0,moderate
delivery_worker,967.64,25,34,0.1033,698.86,1236.42,0.595,0,moderate
street_vendor,617.74,22,23,0.0644,551.91,683.57,0.183,1,moderate
street_vendor,868.4,21,20,0.0631,735.32,900.0,0.2,0,moderate
driver,747.44,13,18,0.1436,595.57,899.31,0.794,0,unstable
driver,1476.33,22,20,0.0,1126.27,1600.0,0.406,1,moderate
driver,1581.85,21,36,0.0397,1194.85,1600.0,0.423,0,moderate
delivery_worker,1675.4,23,56,0.3143,1321.26,1800.0,0.866,0,stable
street_vendor,884.24,24,20,0.1019,650.84,900.0,0.134,0,moderate
street_vendor,595.12,25,16,0.1432,480.58,709.67,0.218,0,moderate
driver,750.66,19,22,0.0924,544.66,956.66,0.549,1,unstable
delivery_worker,1061.17,25,38,0.1933,879.57,1242.77,0.905,1,moderate
street_vendor,553.59,23,16,0.0851,431.6,675.57,0.194,0,unstable
delivery_worker,1456.91,24,41,0.2919,1057.67,1800.0,0.672,1,stable
driver,1061.61,22,40,0.0561,883.78,1239.45,0.743,0,moderate
shopkeeper,1593.88,22,56,0.0996,1224.12,1963.65,0.709,0,moderate
shopkeeper,1453.15,24,58,0.1457,1042.71,1863.59,0.555,0,stable
driver,789.72,25,27,0.1072,601.01,978.43,0.392,0,moderate
driver,1105.52,23,34,0.1801,871.77,1339.28,0.419,0,moderate
driver,1411.85,20,27,0.0,1024.21,1600.0,0.307,1,moderate
driver,1235.57,18,22,0.1628,966.25,1504.88,0.476,0,moderate
delivery_worker,809.89,27,39,0.2633,600.0,1033.86,0.765,1,moderate
shopkeeper,1022.62,23,56,0.1455,730.12,1315.12,0.732,1,moderate
delivery_worker,1079.02,23,37,0.2688,922.79,1235.25,0.805,0,stable
shopkeeper,889.38,27,35,0.1644,743.55,1035.21,0.321,1,moderate
driver,1417.88,22,28,0.1222,1005.41,1600.0,0.355,0,moderate
street_vendor,658.92,28,5,0.0608,463.59,854.24,0.124,0,moderate
delivery_worker,903.91,17,42,0.2334,809.22,998.6,0.664,1,moderate
driver,525.35,17,27,0.1242,500.0,639.78,0.659,1,unstable
delivery_worker,795.85,22,31,0.2784,624.36,967.35,0.833,1,moderate
driver,999.73,24,26,0.1246,742.27,1257.19,0.632,1,moderate
street_vendor,697.0,26,16,0.1705,591.53,802.47,0.082,1,moderate
shopkeeper,746.65,22,61,0.2483,700.0,884.69,0.547,1,moderate
street_vendor,321.48,22,11,0.0715,247.35,395.62,0.089,1,unstable
shopkeeper,1417.49,26,26,0.2225,1204.38,1630.6,0.503,1,stable
shopkeeper,1974.02,27,62,0.0912,1582.09,2000.0,0.505,0,stable
delivery_worker,1151.9,24,36,0.0976,1017.84,1285.97,0.82,0,stable
delivery_worker,1173.26,23,23,0.081,1013.43,1333.08,0.559,0,moderate
laborer,214.88,13,6,0.0343,200.0,255.28,0.193,1,unstable
shopkeeper,1585.8,28,47,0.3482,1148.08,2000.0,0.544,1,stable
driver,734.46,23,20,0.1286,649.44,819.48,0.728,0,moderate
laborer,486.59,19,3,0.0985,390.34,582.84,0.035,0,unstable
laborer,571.36,23,10,0.0,450.35,692.38,0.11,0,unstable
driver,1006.7,19,22,0.0964,883.72,1129.69,0.668,0,moderate
laborer,363.55,16,11,0.0921,305.01,422.1,0.073,0,unstable
driver,879.05,21,33,0.0045,688.02,1070.08,0.692,1,moderate
laborer,513.56,30,6,0.0473,384.08,643.05,0.064,0,moderate
shopkeeper,1864.07,23,53,0.0796,1520.48,2000.0,0.578,0,stable
street_vendor,769.31,20,14,0.0863,662.81,875.81,0.124,1,moderate
shopkeeper,1136.21,27,49,0.174,868.33,1404.09,0.415,1,moderate
delivery_worker,1791.8,21,38,0.2222,1473.86,1800.0,0.592,1,stable
shopkeeper,1812.23,25,55,0.2716,1619.38,2000.0,0.316,1,stable
laborer,613.89,13,4,0.053,500.36,700.0,0.031,0,unstable
delivery_worker,1207.38,29,40,0.2122,901.81,1512.95,0.842,1,moderate
street_vendor,221.69,21,20,0.1099,200.0,274.25,0.111,0,unstable
delivery_worker,1508.84,19,42,0.1722,1280.75,1736.92,0.562,0,moderate
street_vendor,378.99,27,20,0.0,328.32,429.66,0.079,0,unstable
shopkeeper,719.95,26,54,0.087,700.0,920.37,0.622,0,moderate
shopkeeper,906.09,25,37,0.1098,731.07,1081.12,0.453,0,moderate
driver,784.5,21,35,0.0211,628.75,940.25,0.517,1,moderate
street_vendor,875.72,21,13,0.099,734.6,900.0,0.297,0,moderate
delivery_worker,1775.34,23,28,0.2384,1447.47,1800.0,0.85,1,stable
driver,1138.41,25,22,0.2299,812.33,1464.48,0.629,0,moderate
shopkeeper,1981.89,23,60,0.2639,1431.3,2000.0,0.543,0,stable
street_vendor,514.9,22,13,0.0566,452.8,577.01,0.285,0,unstable
street_vendor,261.89,25,21,0.0,203.15,320.62,0.316,0,unstable
shopkeeper,1812.01,26,44,0.2201,1347.05,2000.0,0.486,0,stable
delivery_worker,1498.29,25,24,0.1752,1065.6,1800.0,0.751,1,stable
shopkeeper,1003.23,21,54,0.3375,761.5,1244.97,0.385,1,moderate
driver,605.64,22,20,0.0927,500.0,781.66,0.303,0,unstable
delivery_worker,1108.91,27,32,0.1492,855.55,1362.27,0.804,1,moderate
laborer,317.58,28,12,0.0894,277.08,358.09,0.053,0,moderate
laborer,572.44,15,7,0.0354,439.62,700.0,0.028,0,unstable
delivery_worker,690.17,24,24,0.1328,605.3,775.04,0.745,1,moderate
laborer,432.26,23,7,0.0011,373.67,490.84,0.157,0,unstable
laborer,407.49,20,2,0.0,357.07,457.91,0.145,0,unstable
driver,1188.02,25,27,0.138,1011.3,1364.74,0.51,0,moderate
delivery_worker,1546.55,30,29,0.1362,1141.25,1800.0,0.531,1,stable
driver,1582.32,24,37,0.1313,1139.45,1600.0,0.316,1,stable
delivery_worker,1472.17,26,36,0.1548,1259.75,1684.59,0.64,0,stable
driver,780.83,19,33,0.1144,647.55,914.11,0.419,1,moderate
delivery_worker,1122.13,24,37,0.163,922.06,1322.2,0.929,1,moderate
delivery_worker,1579.22,23,25,0.1188,1139.55,1800.0,0.805,0,moderate
street_vendor,745.98,27,12,0.0816,547.47,900.0,0.234,1,moderate
street_vendor,253.55,19,22,0.0703,218.32,288.79,0.21,0,unstable
street_vendor,321.9,20,12,0.1309,282.89,360.91,0.178,0,unstable
laborer,202.31,20,10,0.0295,200.0,223.89,0.108,1,unstable
shopkeeper,1470.38,26,41,0.1584,1163.18,1777.57,0.594,1,moderate
street_vendor,729.71,27,10,0.0622,523.67,900.0,0.17,1,moderate
delivery_worker,601.49,27,52,0.195,600.0,739.88,0.919,1,moderate
driver,957.26,20,20,0.1988,721.88,1192.63,0.382,0,moderate
laborer,678.12,20,11,0.0581,506.21,700.0,0.184,1,unstable
shopkeeper,1760.23,26,50,0.1823,1514.95,2000.0,0.409,1,stable
driver,1578.33,17,24,0.1545,1210.12,1600.0,0.603,0,moderate
laborer,393.63,13,6,0.0453,341.02,446.24,0.176,1,unstable
street_vendor,466.45,21,23,0.0841,410.47,522.44,0.325,0,unstable
street_vendor,374.76,19,10,0.0798,283.34,466.17,0.289,0,unstable
driver,504.77,27,15,0.0568,500.0,578.76,0.692,1,moderate
street_vendor,875.62,27,13,0.0871,787.04,900.0,0.172,0,moderate
delivery_worker,1427.52,20,45,0.1851,1060.48,1794.55,0.572,0,moderate
laborer,686.32,20,12,0.0,530.22,700.0,0.082,0,unstable
laborer,472.4,13,12,0.0122,337.34,607.46,0.069,0,unstable
street_vendor,208.4,28,25,0.0891,200.0,269.63,0.127,0,moderate
driver,1123.89,21,33,0.196,916.16,1331.61,0.679,0,moderate
delivery_worker,1680.19,23,20,0.2587,1348.78,1800.0,0.779,1,stable
shopkeeper,1201.14,25,46,0.1543,848.89,1553.39,0.525,0,moderate
street_vendor,725.72,23,13,0.0934,511.49,900.0,0.077,0,unstable
shopkeeper,1545.43,27,39,0.3764,1340.85,1750.02,0.355,0,stable
laborer,585.31,27,12,0.1136,423.15,700.0,0.141,0,moderate
laborer,313.45,30,13,0.0318,226.8,400.1,0.091,0,unstable
laborer,344.15,20,10,0.0173,240.96,447.35,0.113,0,unstable
street_vendor,864.02,21,11,0.0317,670.63,900.0,0.314,1,unstable
street_vendor,385.15,28,16,0.049,335.48,434.83,0.35,1,moderate
laborer,306.5,27,12,0.0999,259.2,353.8,0.113,0,moderate
driver,1377.19,26,24,0.0762,1144.75,1600.0,0.52,1,moderate
shopkeeper,1489.84,23,75,0.272,1077.39,1902.29,0.434,0,stable
driver,1302.83,24,23,0.1307,1108.59,1497.07,0.794,1,moderate
street_vendor,318.02,22,22,0.1165,255.7,380.35,0.242,0,moderate
delivery_worker,617.0,28,43,0.1977,600.0,793.36,0.591,1,moderate
driver,846.74,20,33,0.1641,743.58,949.9,0.713,0,moderate
laborer,643.87,21,12,0.0952,515.52,700.0,0.125,0,unstable
delivery_worker,1608.35,23,34,0.2431,1169.95,1800.0,0.714,0,stable
shopkeeper,1332.5,24,53,0.1919,1051.18,1613.81,0.629,1,stable
delivery_worker,994.29,26,47,0.0826,851.18,1137.41,0.577,1,moderate
delivery_worker,654.73,26,41,0.1158,600.0,744.71,0.661,1,moderate
delivery_worker,1312.88,21,47,0.1398,1008.53,1617.23,0.912,1,moderate
shopkeeper,1819.5,27,44,0.1909,1612.57,2000.0,0.679,1,stable
driver,607.2,26,37,0.1577,507.2,707.2,0.497,1,moderate
street_vendor,792.83,28,19,0.0,598.78,900.0,0.24,1,moderate
driver,558.68,29,39,0.2604,500.0,711.51,0.373,0,moderate
street_vendor,528.64,25,21,0.0815,380.94,676.33,0.156,0,unstable
delivery_worker,1650.19,21,25,0.2098,1292.34,1800.0,0.681,0,stable
delivery_worker,1479.88,29,35,0.0765,1325.11,1634.65,0.862,1,stable
laborer,208.74,22,6,0.1137,200.0,249.79,0.175,0,unstable
street_vendor,677.98,24,16,0.1343,527.79,828.17,0.066,0,moderate
delivery_worker,1750.65,22,29,0.1281,1570.47,1800.0,0.608,0,moderate
driver,551.05,25,16,0.0721,500.0,624.95,0.474,1,moderate
delivery_worker,1033.01,30,23,0.1556,764.84,1301.18,0.658,0,moderate
laborer,553.89,23,7,0.0626,414.72,693.05,0.192,0,unstable
driver,759.84,27,23,0.1601,561.68,958.01,0.363,0,moderate
street_vendor,370.52,19,21,0.0978,299.93,441.1,0.1,0,unstable
street_vendor,473.03,28,18,0.0857,345.9,600.16,0.144,0,moderate
shopkeeper,1741.17,30,55,0.1742,1434.31,2000.0,0.745,1,stable
shopkeeper,1890.62,23,37,0.3105,1654.15,2000.0,0.709,0,stable
delivery_worker,1248.44,30,50,0.2004,891.99,1604.88,0.878,0,stable
street_vendor,247.32,20,2,0.1417,200.0,300.93,0.146,0,unstable
driver,720.75,21,23,0.1733,612.39,829.11,0.394,0,moderate
delivery_worker,652.53,21,27,0.3067,600.0,734.35,0.855,0,moderate
delivery_worker,1026.99,29,41,0.1833,834.36,1219.62,0.901,0,stable
street_vendor,799.71,25,12,0.0947,706.11,893.3,0.249,1,moderate
street_vendor,665.4,27,11,0.1378,538.4,792.41,0.224,0,moderate
delivery_worker,1270.36,20,26,0.2428,1105.96,1434.77,0.909,0,stable
driver,846.0,25,18,0.149,628.88,1063.12,0.674,1,moderate
driver,695.97,24,35,0.2006,520.76,871.18,0.661,0,moderate
street_vendor,696.02,22,19,0.0497,545.74,846.31,0.257,0,unstable
laborer,567.91,10,13,0.0396,448.6,687.22,0.158,0,unstable
shopkeeper,702.93,25,57,0.1286,700.0,913.39,0.713,0,moderate
shopkeeper,1738.74,26,63,0.1968,1225.33,2000.0,0.671,0,stable
laborer,622.93,10,2,0.0405,486.23,700.0,0.021,0,unstable
laborer,338.5,19,12,0.062,282.33,394.67,0.181,0,unstable
street_vendor,683.95,21,21,0.0524,481.59,886.31,0.139,0,unstable
laborer,340.88,30,6,0.0944,276.39,405.38,0.073,0,unstable
driver,931.17,27,42,0.1746,797.66,1064.68,0.306,1,moderate
laborer,612.49,23,9,0.0587,489.13,700.0,0.082,1,moderate
driver,735.12,19,30,0.1227,569.29,900.95,0.778,0,moderate
driver,880.16,15,23,0.073,767.81,992.5,0.755,0,moderate
street_vendor,557.89,22,22,0.0741,461.34,654.45,0.105,0,unstable
driver,520.01,17,30,0.1976,500.0,667.75,0.441,1,moderate
street_vendor,553.54,18,8,0.0,435.69,671.38,0.227,0,unstable
street_vendor,292.8,25,14,0.0,251.98,333.62,0.29,0,unstable
shopkeeper,1438.54,28,60,0.3056,1273.28,1603.8,0.651,0,stable
laborer,579.01,13,4,0.0,423.32,700.0,0.176,0,unstable
laborer,276.82,23,9,0.0318,213.73,339.9,0.165,0,unstable
shopkeeper,1910.71,30,63,0.2178,1354.38,2000.0,0.453,0,stable
shopkeeper,1554.96,28,64,0.2851,1165.94,1943.98,0.587,1,stable
laborer,267.47,22,13,0.0538,200.0,336.23,0.03,0,unstable
delivery_worker,932.65,26,55,0.1644,770.46,1094.83,0.726,1,moderate
driver,832.17,19,22,0.098,659.1,1005.24,0.326,1,moderate
driver,1202.43,25,16,0.1068,886.43,1518.42,0.365,0,moderate
driver,1060.87,19,21,0.2149,810.99,1310.75,0.386,0,moderate
delivery_worker,661.63,23,36,0.1243,600.0,800.5,0.655,0,moderate
delivery_worker,870.82,29,48,0.2353,768.7,972.95,0.849,1,stable
driver,1077.89,17,21,0.0825,938.49,1217.29,0.787,0,moderate
street_vendor,609.71,27,21,0.073,463.46,755.96,0.139,1,moderate
delivery_worker,1095.12,22,34,0.1161,850.65,1339.59,0.788,0,moderate
street_vendor,808.15,24,20,0.1187,599.45,900.0,0.302,0,moderate
laborer,450.13,22,11,0.0666,380.52,519.74,0.171,1,unstable
delivery_worker,977.78,27,28,0.1688,796.91,1158.64,0.719,0,moderate
delivery_worker,1670.37,22,61,0.2084,1390.65,1800.0,0.648,0,stable
delivery_worker,1650.93,20,40,0.3196,1387.97,1800.0,0.538,0,stable
shopkeeper,1471.87,26,45,0.2452,1033.37,1910.37,0.418,0,stable
laborer,459.23,30,8,0.0,376.45,542.01,0.121,0,unstable
delivery_worker,1301.86,27,47,0.1437,993.46,1610.26,0.702,0,stable
laborer,211.64,21,4,0.0825,200.0,248.91,0.179,1,unstable
street_vendor,312.47,20,13,0.0,226.52,398.43,0.116,0,unstable
street_vendor,361.91,29,17,0.083,277.52,446.3,0.128,0,unstable
driver,1074.13,16,26,0.1348,929.45,1218.81,0.314,0,moderate
laborer,368.56,22,7,0.0074,260.66,476.46,0.195,0,unstable
laborer,515.31,16,14,0.1013,391.93,638.69,0.155,1,unstable
shopkeeper,1928.37,25,51,0.2258,1522.97,2000.0,0.532,0,stable
street_vendor,850.55,26,18,0.0913,728.02,900.0,0.056,1,moderate
street_vendor,489.09,20,21,0.0935,383.17,595.0,0.24,0,moderate
shopkeeper,1756.88,26,50,0.1842,1503.32,2000.0,0.637,0,stable
street_vendor,714.27,29,23,0.2083,567.22,861.32,0.304,0,moderate
laborer,461.6,19,6,0.0743,414.66,508.55,0.107,1,unstable
laborer,211.77,11,2,0.0202,200.0,253.41,0.105,0,unstable
laborer,521.85,22,2,0.0,456.37,587.33,0.164,0,unstable
street_vendor,257.57,28,18,0.1625,215.63,299.5,0.136,0,moderate
street_vendor,518.6,21,22,0.0261,383.38,653.83,0.172,1,unstable
street_vendor,489.11,22,16,0.0,386.39,591.82,0.182,0,unstable
laborer,270.04,17,9,0.0601,233.25,306.83,0.14,0,unstable
laborer,684.12,19,15,0.0,606.66,700.0,0.085,0,unstable
driver,897.03,19,35,0.1956,732.18,1061.87,0.342,0,moderate
delivery_worker,1179.09,21,32,0.2683,1029.61,1328.56,0.83,0,stable
shopkeeper,1581.89,22,44,0.1683,1149.83,2000.0,0.501,1,moderate
street_vendor,292.17,23,18,0.0482,246.14,338.2,0.081,0,unstable
laborer,588.72,28,9,0.0704,444.35,700.0,0.149,1,moderate
delivery_worker,1436.54,24,29,0.1784,1288.85,1584.24,0.735,0,stable
driver,610.43,21,42,0.2292,527.28,693.57,0.313,0,moderate
driver,1363.48,16,23,0.1964,1208.29,1518.67,0.465,0,moderate
laborer,216.52,18,11,0.0939,200.0,280.82,0.031,1,unstable
shopkeeper,1408.47,28,70,0.1797,1187.32,1629.61,0.539,0,stable
delivery_worker,1188.93,27,43,0.1365,872.52,1505.34,0.924,1,moderate
laborer,383.17,23,18,0.0,338.45,427.89,0.178,0,unstable
delivery_worker,1386.53,30,32,0.1642,1077.23,1695.83,0.51,1,stable
driver,1029.32,17,24,0.0395,757.03,1301.61,0.346,1,unstable
delivery_worker,982.99,24,46,0.1342,882.19,1083.78,0.606,1,moderate
laborer,674.54,24,19,0.0549,523.11,700.0,0.099,0,unstable
street_vendor,293.59,26,15,0.0746,240.59,346.59,0.225,0,unstable
delivery_worker,1400.05,29,33,0.1826,1108.09,1692.01,0.551,1,moderate
laborer,595.56,17,11,0.0601,519.04,672.09,0.051,0,unstable
driver,1505.51,21,41,0.0207,1213.05,1600.0,0.38,0,moderate
shopkeeper,701.81,27,45,0.2572,700.0,853.34,0.416,0,moderate
street_vendor,372.81,28,8,0.2023,272.34,473.28,0.063,1,moderate
driver,1034.08,19,23,0.1686,765.39,1302.77,0.744,0,moderate
street_vendor,427.47,26,17,0.1089,332.06,522.88,0.11,0,unstable
delivery_worker,1537.61,25,46,0.2099,1142.87,1800.0,0.816,0,stable
delivery_worker,1150.71,30,26,0.104,928.14,1373.28,0.548,0,moderate
driver,527.21,21,16,0.1233,500.0,591.05,0.503,1,moderate
delivery_worker,757.09,23,42,0.2531,600.0,954.03,0.821,1,moderate
driver,796.99,26,19,0.1096,611.5,982.47,0.504,0,moderate
delivery_worker,1170.95,19,29,0.1389,983.63,1358.27,0.811,0,moderate
laborer,398.72,20,10,0.0395,344.92,452.52,0.068,0,unstable
driver,924.99,12,35,0.0539,800.14,1049.84,0.407,0,unstable
shopkeeper,1612.85,27,46,0.1863,1202.47,2000.0,0.538,0,stable
driver,1481.33,25,10,0.1569,1086.73,1600.0,0.743,0,moderate
street_vendor,857.89,17,26,0.0331,689.04,900.0,0.175,1,unstable
laborer,559.96,19,10,0.0748,472.5,647.42,0.104,1,unstable
shopkeeper,1417.52,25,61,0.126,1250.76,1584.27,0.504,1,moderate
driver,1069.6,22,12,0.1983,947.88,1191.32,0.326,0,moderate
street_vendor,700.5,19,19,0.1252,570.21,830.78,0.338,1,moderate
driver,1532.67,23,32,0.2275,1193.39,1600.0,0.571,0,stable
laborer,422.55,20,11,0.0518,367.99,477.11,0.162,0,unstable
street_vendor,650.32,22,15,0.05,540.03,760.6,0.078,0,unstable
delivery_worker,950.46,27,31,0.0932,769.71,1131.22,0.908,1,moderate
shopkeeper,1721.17,28,43,0.2215,1333.62,2000.0,0.473,1,stable
laborer,272.91,19,12,0.0685,237.04,308.79,0.121,0,unstable
driver,1525.97,25,28,0.2372,1182.94,1600.0,0.629,1,stable
driver,1352.39,19,45,0.1775,1186.72,1518.07,0.664,1,stable
street_vendor,271.66,17,17,0.1333,212.05,331.26,0.328,1,unstable
shopkeeper,1711.35,25,66,0.2543,1342.3,2000.0,0.361,1,stable
driver,851.29,19,31,0.2838,750.07,952.51,0.752,0,moderate
driver,1584.15,26,24,0.2525,1415.91,1600.0,0.606,1,stable
delivery_worker,790.93,24,28,0.1036,600.0,984.47,0.839,0,moderate
laborer,684.34,12,1,0.1235,590.52,700.0,0.185,1,unstable
delivery_worker,1787.0,20,53,0.194,1436.85,1800.0,0.798,0,stable
street_vendor,454.79,28,14,0.1248,402.4,507.18,0.305,0,moderate
delivery_worker,1024.44,29,49,0.1542,800.25,1248.64,0.925,1,stable
shopkeeper,1818.59,26,50,0.1854,1556.53,2000.0,0.412,0,stable
delivery_worker,725.34,25,67,0.132,645.95,804.74,0.605,1,moderate
shopkeeper,1669.37,25,49,0.3021,1242.03,2000.0,0.457,0,stable
street_vendor,627.86,24,18,0.0567,528.1,727.61,0.336,0,moderate
laborer,315.58,23,5,0.0927,227.5,403.67,0.141,0,unstable
laborer,449.39,18,7,0.0802,367.2,531.58,0.151,1,unstable
laborer,266.48,23,11,0.0915,200.0,343.03,0.083,1,unstable
driver,1472.59,22,25,0.2009,1034.19,1600.0,0.473,0,moderate
driver,1093.48,20,29,0.2302,865.7,1321.25,0.723,1,moderate
street_vendor,322.35,10,16,0.094,260.75,383.95,0.317,0,unstable
driver,747.19,25,38,0.0,653.12,841.26,0.31,0,moderate
street_vendor,475.63,26,22,0.0054,354.47,596.79,0.304,0,unstable
delivery_worker,1027.55,24,29,0.2527,736.55,1318.55,0.929,0,moderate
street_vendor,368.52,17,20,0.0162,295.62,441.43,0.2,1,unstable
street_vendor,252.52,30,6,0.0895,200.0,307.7,0.22,1,moderate
laborer,672.0,27,7,0.0312,565.32,700.0,0.187,0,moderate
laborer,597.36,11,9,0.0,518.77,675.95,0.062,0,unstable
shopkeeper,765.98,24,51,0.2016,700.0,934.08,0.612,0,moderate
laborer,361.45,28,6,0.0241,290.28,432.62,0.02,0,unstable
driver,985.02,23,32,0.2311,883.94,1086.1,0.315,0,moderate
delivery_worker,675.36,24,42,0.2041,600.0,856.15,0.869,0,moderate
laborer,332.44,19,9,0.1361,256.43,408.45,0.022,0,unstable
street_vendor,656.77,22,20,0.0763,570.33,743.22,0.315,0,moderate
laborer,374.92,17,14,0.0614,328.13,421.72,0.136,0,unstable
shopkeeper,1599.14,23,50,0.3407,1200.42,1997.86,0.646,1,stable
driver,1248.44,20,28,0.2008,1064.77,1432.12,0.381,1,moderate
driver,1113.59,21,21,0.2801,924.39,1302.8,0.706,1,moderate
street_vendor,600.64,27,24,0.0036,502.01,699.28,0.234,0,unstable
street_vendor,292.85,21,25,0.2104,216.76,368.94,0.339,0,moderate
laborer,615.26,24,5,0.0255,490.43,700.0,0.113,0,unstable
laborer,296.91,14,13,0.0862,253.56,340.26,0.171,0,unstable
street_vendor,415.78,25,18,0.0332,302.72,528.84,0.261,0,unstable
shopkeeper,1771.92,24,67,0.1579,1337.08,2000.0,0.651,0,stable
delivery_worker,1412.17,24,61,0.1873,1257.64,1566.7,0.774,0,stable
laborer,246.79,22,4,0.094,208.48,285.11,0.082,0,unstable
shopkeeper,1453.16,25,47,0.1189,1277.95,1628.37,0.679,0,stable
street_vendor,241.56,24,10,0.135,202.87,280.26,0.204,0,unstable
laborer,375.02,17,13,0.0616,312.32,437.71,0.045,0,unstable
delivery_worker,822.37,20,34,0.248,731.94,912.79,0.549,0,moderate
shopkeeper,1691.12,25,60,0.1731,1290.74,2000.0,0.518,1,stable
delivery_worker,1132.52,24,54,0.1035,978.84,1286.19,0.658,1,moderate
driver,1589.83,29,33,0.1311,1202.29,1600.0,0.34,0,stable
shopkeeper,1173.81,26,41,0.1882,1043.41,1304.21,0.708,1,moderate
street_vendor,300.58,30,21,0.0165,232.88,368.29,0.284,1,unstable
shopkeeper,1215.49,21,42,0.1477,861.09,1569.88,0.346,1,moderate
shopkeeper,1050.78,25,37,0.1881,935.94,1165.62,0.742,0,moderate
street_vendor,720.61,29,21,0.026,620.83,820.38,0.274,0,moderate
delivery_worker,1170.01,30,49,0.186,1030.19,1309.84,0.617,1,stable
street_vendor,819.47,27,7,0.073,659.04,900.0,0.059,0,moderate
driver,1064.19,21,40,0.1998,886.86,1241.52,0.708,1,moderate
laborer,437.0,17,15,0.0168,389.79,484.21,0.063,1,unstable
laborer,453.56,25,13,0.0834,359.49,547.63,0.06,0,unstable
shopkeeper,1168.12,26,56,0.2143,826.54,1509.71,0.635,0,moderate
delivery_worker,1189.88,19,42,0.159,965.38,1414.38,0.532,0,moderate
laborer,387.21,26,8,0.0657,281.08,493.33,0.128,0,unstable
delivery_worker,1281.77,22,32,0.1902,1021.81,1541.72,0.921,0,moderate
shopkeeper,1562.53,29,32,0.2103,1277.44,1847.62,0.3,0,stable
street_vendor,763.85,29,7,0.089,647.47,880.22,0.062,0,moderate
shopkeeper,1531.38,25,63,0.2117,1260.86,1801.9,0.332,1,stable
street_vendor,558.65,27,18,0.0757,457.0,660.29,0.141,1,unstable
delivery_worker,1713.35,25,53,0.164,1405.68,1800.0,0.731,1,stable
driver,981.63,24,40,0.1248,759.68,1203.59,0.667,0,moderate
street_vendor,233.03,21,21,0.1837,207.76,258.3,0.097,0,unstable
laborer,687.24,26,9,0.0336,531.8,700.0,0.115,0,moderate
delivery_worker,1705.17,20,34,0.0903,1434.84,1800.0,0.739,0,stable
driver,1088.8,23,30,0.1205,882.42,1295.17,0.702,0,moderate
street_vendor,683.49,25,28,0.0382,525.3,841.68,0.271,1,moderate
laborer,328.66,22,13,0.101,283.04,374.29,0.149,0,unstable
shopkeeper,799.85,25,38,0.2733,700.0,961.28,0.414,1,moderate
driver,1373.76,13,27,0.1973,1100.77,1600.0,0.374,1,moderate
street_vendor,832.66,16,12,0.0599,583.62,900.0,0.144,0,unstable
laborer,522.25,23,14,0.0819,418.2,626.3,0.173,0,moderate
street_vendor,849.37,21,22,0.0897,631.43,900.0,0.23,0,moderate
shopkeeper,1163.14,25,37,0.4,841.44,1484.83,0.576,1,stable
shopkeeper,1033.86,29,60,0.2519,753.28,1314.44,0.388,0,moderate
laborer,557.09,28,15,0.1387,458.66,655.51,0.05,0,moderate
driver,869.37,23,27,0.0059,703.83,1034.9,0.611,0,moderate
delivery_worker,1180.12,30,38,0.1101,985.82,1374.42,0.753,1,moderate
laborer,304.54,11,8,0.0444,265.54,343.55,0.125,1,unstable
shopkeeper,1190.61,28,54,0.2749,1007.44,1373.78,0.585,1,stable
delivery_worker,747.41,30,37,0.149,658.48,836.34,0.739,1,moderate
delivery_worker,1722.14,26,44,0.1845,1255.7,1800.0,0.855,1,stable
laborer,237.94,24,10,0.0336,208.5,267.37,0.199,0,unstable
driver,841.03,26,24,0.0852,691.95,990.11,0.674,0,moderate
shopkeeper,799.81,25,46,0.4,700.0,1006.17,0.587,1,stable
laborer,524.21,27,14,0.0754,380.84,667.58,0.051,0,unstable
laborer,546.55,30,15,0.029,445.39,647.72,0.021,0,unstable
driver,1038.15,18,26,0.0762,856.11,1220.19,0.519,0,moderate
delivery_worker,1144.29,20,28,0.2156,847.62,1440.95,0.625,1,moderate
laborer,672.86,20,6,0.0,486.27,700.0,0.07,0,unstable
street_vendor,746.4,23,17,0.0843,592.84,899.97,0.067,0,unstable
street_vendor,398.9,25,21,0.1203,336.41,461.39,0.229,0,unstable
laborer,434.63,18,6,0.0,347.65,521.62,0.122,0,unstable
delivery_worker,1320.14,20,29,0.1303,1149.22,1491.07,0.676,0,moderate
laborer,653.46,22,15,0.0519,457.61,700.0,0.028,0,moderate
driver,908.66,21,33,0.2018,640.51,1176.82,0.673,0,moderate
delivery_worker,1736.3,22,41,0.2001,1492.28,1800.0,0.666,0,stable
street_vendor,293.24,23,22,0.1419,256.24,330.25,0.118,1,moderate
laborer,250.49,10,12,0.0569,203.07,297.9,0.153,0,unstable
street_vendor,415.6,24,15,0.0118,300.2,530.99,0.348,1,unstable
street_vendor,351.63,27,20,0.0688,282.42,420.84,0.182,0,unstable
street_vendor,638.1,27,21,0.1101,563.94,712.27,0.224,0,moderate
driver,1516.78,21,26,0.146,1162.96,1600.0,0.664,0,moderate
street_vendor,529.16,30,18,0.0853,440.29,618.04,0.087,0,moderate
driver,651.63,24,31,0.0914,520.32,782.94,0.459,0,moderate
laborer,599.97,15,9,0.0646,420.16,700.0,0.127,1,unstable
laborer,421.45,13,12,0.0347,334.61,508.29,0.049,0,unstable
driver,672.69,20,34,0.1124,589.74,755.64,0.618,0,moderate
shopkeeper,1797.99,29,48,0.3152,1593.38,2000.0,0.425,0,stable
street_vendor,865.15,21,21,0.1268,762.34,900.0,0.214,1,moderate
laborer,454.02,18,4,0.0544,336.92,571.13,0.1,0,unstable
street_vendor,660.74,23,18,0.0,498.22,823.27,0.092,1,unstable
street_vendor,746.81,28,12,0.0308,648.01,845.61,0.065,0,moderate
laborer,582.96,21,7,0.1138,522.09,643.84,0.061,0,unstable
laborer,439.94,23,7,0.0783,342.24,537.63,0.037,0,unstable
shopkeeper,1412.32,26,78,0.2849,1099.38,1725.26,0.517,0,stable
laborer,333.48,19,10,0.0336,242.04,424.93,0.089,0,unstable
shopkeeper,1168.22,25,46,0.1784,883.72,1452.73,0.276,1,moderate
street_vendor,883.57,26,18,0.0452,783.88,900.0,0.125,0,moderate
street_vendor,781.36,24,27,0.2106,672.15,890.56,0.274,0,moderate
street_vendor,358.72,22,19,0.1368,253.64,463.8,0.101,1,unstable
street_vendor,404.04,23,20,0.0694,288.65,519.42,0.246,0,unstable
laborer,457.99,26,8,0.0,385.28,530.69,0.099,0,unstable
delivery_worker,653.86,21,53,0.0937,600.0,789.14,0.619,1,moderate
street_vendor,757.91,26,11,0.0944,650.18,865.64,0.136,1,moderate
shopkeeper,1538.51,24,58,0.195,1222.58,1854.43,0.403,0,stable
shopkeeper,1513.66,25,69,0.28,1306.51,1720.81,0.444,1,stable
driver,1246.88,22,25,0.2652,969.85,1523.91,0.395,1,moderate
street_vendor,580.32,23,25,0.0472,466.38,694.26,0.219,0,unstable
street_vendor,307.28,21,17,0.0,231.75,382.81,0.346,0,unstable
street_vendor,777.97,22,14,0.1206,622.2,900.0,0.218,0,moderate
street_vendor,319.94,20,18,0.1003,283.3,356.58,0.099,0,unstable
laborer,569.39,21,7,0.0459,479.78,658.99,0.131,0,unstable
driver,1530.4,18,37,0.0756,1134.13,1600.0,0.319,0,moderate
driver,1037.55,25,27,0.2136,775.47,1299.64,0.525,0,moderate
shopkeeper,1121.49,27,50,0.1269,842.6,1400.38,0.332,1,moderate
delivery_worker,1016.31,26,44,0.1145,831.93,1200.7,0.506,1,moderate
shopkeeper,1101.94,30,49,0.3659,907.55,1296.33,0.672,0,stable
street_vendor,716.08,28,18,0.1722,633.16,798.99,0.125,0,moderate
driver,1465.65,18,33,0.2442,1124.1,1600.0,0.308,0,moderate
laborer,583.34,15,8,0.0107,485.95,680.72,0.147,0,unstable
street_vendor,803.67,28,17,0.1787,638.04,900.0,0.18,0,moderate
street_vendor,536.38,30,11,0.0393,443.6,629.16,0.156,0,moderate
delivery_worker,1693.19,25,41,0.1742,1257.07,1800.0,0.706,1,stable
delivery_worker,1058.25,25,56,0.0815,814.37,1302.13,0.672,1,moderate
driver,888.38,23,30,0.1462,656.74,1120.03,0.421,0,moderate
laborer,563.32,26,11,0.0,454.69,671.95,0.066,0,unstable
driver,1191.77,24,22,0.2023,1003.01,1380.53,0.607,0,moderate
street_vendor,452.07,30,15,0.0791,322.11,582.04,0.155,1,unstable
driver,899.72,17,36,0.1255,700.3,1099.15,0.424,1,unstable
street_vendor,218.59,16,15,0.1143,200.0,256.09,0.201,1,unstable
street_vendor,232.71,23,18,0.0,200.0,290.65,0.146,1,unstable
shopkeeper,1953.65,24,72,0.2845,1556.29,2000.0,0.649,0,stable
laborer,581.1,25,8,0.127,470.84,691.36,0.035,0,unstable
delivery_worker,1224.13,26,34,0.1263,943.69,1504.57,0.554,1,moderate
driver,1041.64,17,31,0.1588,763.81,1319.47,0.51,0,moderate
driver,1357.74,20,32,0.0591,1002.45,1600.0,0.524,0,moderate
driver,646.79,23,31,0.1382,523.01,770.57,0.328,1,moderate
street_vendor,310.52,30,23,0.0636,218.87,402.18,0.262,0,moderate
street_vendor,863.48,28,17,0.0005,737.34,900.0,0.113,0,moderate
delivery_worker,615.35,25,40,0.1742,600.0,789.39,0.772,0,moderate
delivery_worker,1169.21,28,46,0.1748,852.96,1485.47,0.839,1,stable
laborer,383.48,30,12,0.0878,276.99,489.97,0.184,0,moderate
laborer,676.97,20,13,0.0408,605.92,700.0,0.173,0,unstable
shopkeeper,1977.66,25,29,0.1473,1733.41,2000.0,0.508,0,stable
street_vendor,663.14,22,21,0.0407,596.65,729.63,0.305,1,unstable
driver,630.48,15,30,0.1731,500.0,779.92,0.431,0,moderate
driver,1572.48,17,17,0.0752,1249.15,1600.0,0.58,1,moderate
delivery_worker,888.24,27,25,0.1242,640.32,1136.16,0.919,1,moderate
shopkeeper,1669.16,23,63,0.2749,1284.33,2000.0,0.262,0,stable
driver,776.99,21,44,0.1625,670.54,883.44,0.578,0,moderate
shopkeeper,1798.19,30,42,0.2931,1534.65,2000.0,0.439,1,stable
shopkeeper,1715.26,26,60,0.0943,1497.57,1932.94,0.46,0,stable
driver,1554.36,27,32,0.055,1242.68,1600.0,0.673,0,moderate
driver,769.48,21,19,0.1913,564.35,974.61,0.626,1,moderate
driver,791.76,21,31,0.107,578.3,1005.22,0.764,1,moderate
shopkeeper,1175.1,23,62,0.1282,885.05,1465.16,0.466,1,moderate
street_vendor,713.84,20,11,0.1772,638.6,789.09,0.188,0,moderate
delivery_worker,1314.93,23,32,0.1897,1085.28,1544.59,0.721,1,stable
driver,1031.54,20,31,0.1938,889.5,1173.58,0.424,0,moderate
delivery_worker,1066.41,25,35,0.2129,754.9,1377.91,0.602,1,moderate
laborer,278.27,27,9,0.055,215.26,341.28,0.029,1,unstable
laborer,550.69,19,9,0.108,397.87,700.0,0.069,1,unstable
shopkeeper,1362.29,27,27,0.2943,1096.47,1628.11,0.382,0,stable
delivery_worker,778.53,28,46,0.2505,681.74,875.32,0.846,1,stable
shopkeeper,1889.0,25,60,0.1949,1649.81,2000.0,0.341,1,stable
street_vendor,864.82,21,22,0.0924,721.63,900.0,0.239,0,moderate
delivery_worker,1789.01,29,41,0.1274,1543.05,1800.0,0.623,0,stable
street_vendor,824.35,21,16,0.0371,706.68,900.0,0.228,0,unstable
driver,1562.7,18,32,0.1613,1171.66,1600.0,0.57,0,moderate
laborer,361.3,16,11,0.0471,322.3,400.3,0.163,1,unstable
driver,1462.15,17,19,0.2044,1178.0,1600.0,0.628,0,moderate
laborer,271.97,30,11,0.0881,230.78,313.16,0.101,1,moderate
shopkeeper,710.0,25,41,0.175,700.0,825.29,0.674,0,moderate
street_vendor,287.68,27,20,0.0324,221.83,353.54,0.093,0,unstable
delivery_worker,1279.91,23,31,0.2596,1139.03,1420.8,0.584,1,moderate
driver,1023.35,21,18,0.1998,860.48,1186.23,0.686,0,moderate
street_vendor,260.41,16,22,0.0151,201.72,319.11,0.223,0,unstable
street_vendor,799.21,22,22,0.159,615.88,900.0,0.346,1,moderate
shopkeeper,1046.14,24,49,0.2094,915.09,1177.18,0.729,0,moderate
shopkeeper,1666.86,22,52,0.2772,1370.41,1963.31,0.351,1,stable
shopkeeper,1889.21,25,27,0.2097,1679.3,2000.0,0.582,1,stable
shopkeeper,1353.74,28,56,0.195,1148.61,1558.87,0.49,0,stable
street_vendor,656.19,20,10,0.0251,581.26,731.11,0.27,0,unstable
driver,1442.27,24,34,0.1181,1217.7,1600.0,0.463,1,moderate
delivery_worker,1552.45,20,36,0.1333,1199.86,1800.0,0.918,1,moderate
laborer,602.47,22,8,0.0005,491.1,700.0,0.06,1,unstable
driver,763.07,23,23,0.1294,554.39,971.76,0.666,1,moderate
driver,844.71,19,38,0.2025,740.63,948.79,0.584,0,moderate
laborer,526.13,22,9,0.0523,425.58,626.69,0.056,0,unstable
laborer,448.27,20,10,0.1331,335.49,561.05,0.142,1,unstable
street_vendor,743.64,20,19,0.0901,637.8,849.49,0.159,0,moderate
laborer,513.04,23,9,0.0497,398.11,627.97,0.067,1,unstable
laborer,531.2,10,7,0.0482,451.67,610.74,0.159,1,unstable
laborer,266.14,26,9,0.0878,200.0,340.16,0.177,0,unstable
street_vendor,329.51,25,15,0.0815,274.88,384.14,0.247,0,moderate
delivery_worker,869.11,25,57,0.0692,723.8,1014.43,0.883,1,moderate
street_vendor,529.62,24,13,0.0863,397.05,662.19,0.28,1,unstable
driver,1434.43,18,28,0.0542,1194.93,1600.0,0.738,1,moderate
delivery_worker,993.09,23,38,0.2504,764.05,1222.12,0.936,1,moderate
laborer,484.64,17,9,0.0313,425.97,543.31,0.192,0,unstable
driver,677.54,16,47,0.1573,533.78,821.3,0.682,1,moderate
delivery_worker,1121.18,25,34,0.1603,899.77,1342.6,0.557,1,moderate
laborer,301.83,18,3,0.0,257.02,346.63,0.183,0,unstable
delivery_worker,1544.97,25,37,0.0964,1104.89,1800.0,0.695,1,stable
delivery_worker,610.69,26,54,0.1838,600.0,771.42,0.617,1,moderate
laborer,614.76,13,14,0.0431,506.49,700.0,0.036,0,unstable
laborer,489.11,10,2,0.1219,398.6,579.61,0.14,1,unstable
street_vendor,244.73,24,21,0.0134,200.0,315.66,0.299,0,unstable
driver,1198.98,26,10,0.1261,1053.21,1344.75,0.52,1,moderate
driver,843.21,22,18,0.2292,627.55,1058.87,0.514,0,moderate
laborer,640.59,21,12,0.0223,517.15,700.0,0.163,0,unstable
laborer,646.53,10,8,0.0464,530.08,700.0,0.103,0,unstable
driver,831.3,24,24,0.1603,671.23,991.36,0.489,1,moderate
street_vendor,797.43,22,25,0.1125,639.9,900.0,0.247,0,moderate
laborer,581.14,13,7,0.0172,454.55,700.0,0.06,0,unstable
driver,690.23,21,27,0.164,513.51,866.94,0.508,0,moderate
delivery_worker,1748.02,24,29,0.1295,1515.84,1800.0,0.909,0,stable
street_vendor,880.62,19,21,0.0423,635.25,900.0,0.065,0,unstable
laborer,500.78,19,5,0.0561,354.94,646.62,0.194,0,unstable
shopkeeper,1033.53,26,58,0.1322,924.99,1142.08,0.713,1,moderate
street_vendor,812.99,24,8,0.122,667.48,900.0,0.19,1,moderate
laborer,621.28,19,4,0.0801,435.05,700.0,0.063,1,unstable
street_vendor,254.11,23,13,0.1205,200.0,326.02,0.101,0,unstable
delivery_worker,901.78,26,47,0.0623,765.46,1038.09,0.507,1,moderate
laborer,293.42,25,10,0.0714,207.32,379.51,0.095,1,unstable
driver,1337.37,20,26,0.0897,999.81,1600.0,0.526,1,moderate
laborer,594.02,20,12,0.0188,472.04,700.0,0.047,0,unstable
shopkeeper,1987.88,26,55,0.3135,1624.03,2000.0,0.73,1,stable
street_vendor,581.39,17,19,0.1978,475.71,687.06,0.074,0,moderate
street_vendor,694.57,23,14,0.0743,502.8,886.33,0.188,1,unstable
shopkeeper,1541.68,24,47,0.2207,1372.98,1710.38,0.369,0,stable
laborer,661.52,20,6,0.0533,482.31,700.0,0.036,0,unstable
shopkeeper,1838.57,28,33,0.2694,1494.98,2000.0,0.558,1,stable
laborer,331.25,24,9,0.0575,250.16,412.35,0.054,0,unstable
delivery_worker,1066.78,28,45,0.1365,839.92,1293.64,0.744,1,moderate
laborer,621.01,24,6,0.0302,453.9,700.0,0.033,0,unstable
delivery_worker,709.71,28,55,0.1592,600.0,877.29,0.906,1,moderate
shopkeeper,846.58,27,44,0.2268,700.0,1001.04,0.534,1,moderate
laborer,643.57,23,10,0.0358,510.57,700.0,0.106,0,unstable
street_vendor,340.14,30,23,0.0447,300.09,380.18,0.127,1,unstable
driver,740.92,26,37,0.1963,566.22,915.63,0.526,0,moderate
street_vendor,864.17,22,20,0.088,608.5,900.0,0.212,0,moderate
driver,846.6,18,46,0.137,667.3,1025.9,0.437,1,moderate
driver,1567.63,24,39,0.1776,1152.42,1600.0,0.705,0,stable
laborer,393.03,18,1,0.0,310.12,475.95,0.115,1,unstable
laborer,695.94,17,10,0.0633,567.33,700.0,0.072,1,unstable
laborer,697.84,19,9,0.0067,520.29,700.0,0.06,0,unstable
laborer,539.63,25,10,0.0658,433.71,645.55,0.181,1,unstable
street_vendor,407.65,30,18,0.0765,358.37,456.94,0.2,0,moderate
street_vendor,386.02,24,21,0.0086,331.73,440.32,0.094,0,unstable
street_vendor,495.87,24,24,0.1257,411.24,580.5,0.16,0,moderate
laborer,452.1,18,3,0.0817,388.08,516.12,0.046,1,unstable
street_vendor,369.19,24,18,0.1236,277.88,460.49,0.119,0,unstable
driver,1475.93,18,36,0.2244,1316.27,1600.0,0.685,0,stable
driver,1347.21,17,38,0.2507,1117.75,1576.67,0.755,1,moderate
delivery_worker,1295.38,26,34,0.2722,1041.04,1549.72,0.819,1,stable
street_vendor,277.75,30,19,0.0943,244.03,311.48,0.229,1,moderate
delivery_worker,1084.9,22,62,0.1373,812.56,1357.24,0.881,0,moderate
delivery_worker,989.64,23,41,0.1733,793.44,1185.85,0.667,0,moderate
delivery_worker,741.94,26,30,0.2884,661.92,821.96,0.844,1,stable
shopkeeper,1198.88,24,58,0.3254,1022.57,1375.2,0.708,0,stable
street_vendor,500.46,23,21,0.0988,393.16,607.76,0.317,0,moderate
street_vendor,767.5,26,20,0.1879,668.21,866.78,0.053,0,moderate
shopkeeper,1315.16,26,50,0.2214,930.53,1699.79,0.278,1,moderate
laborer,548.02,22,8,0.0745,489.97,606.07,0.17,0,unstable
laborer,576.76,20,9,0.0749,468.63,684.89,0.083,0,unstable
delivery_worker,1576.77,23,18,0.1634,1129.69,1800.0,0.669,1,stable
delivery_worker,1102.43,29,39,0.2352,825.36,1379.5,0.875,0,stable
shopkeeper,1129.89,23,64,0.1575,884.18,1375.59,0.451,1,moderate
shopkeeper,875.74,24,37,0.2455,724.4,1027.08,0.272,1,moderate
delivery_worker,920.86,18,59,0.2459,793.76,1047.96,0.727,1,moderate
driver,825.34,20,29,0.0607,582.14,1068.54,0.541,1,moderate
shopkeeper,1388.16,26,38,0.1772,1184.88,1591.45,0.397,0,moderate
street_vendor,519.54,30,13,0.0745,406.98,632.11,0.228,0,moderate
driver,595.43,23,31,0.1287,500.0,725.93,0.588,0,unstable
shopkeeper,1506.49,23,39,0.2832,1234.09,1778.89,0.674,0,stable
driver,554.4,24,17,0.1027,500.0,632.15,0.392,0,unstable
driver,1025.8,17,12,0.1681,858.29,1193.32,0.472,1,moderate
street_vendor,578.31,18,16,0.0,469.11,687.5,0.211,0,unstable
shopkeeper,1323.11,24,43,0.2126,1174.4,1471.82,0.414,0,moderate
laborer,245.01,21,10,0.037,200.0,315.99,0.169,0,unstable
delivery_worker,893.07,22,37,0.1273,683.04,1103.1,0.633,0,moderate
driver,1065.95,25,21,0.1508,821.53,1310.37,0.554,1,moderate
delivery_worker,1068.33,26,31,0.3062,779.35,1357.31,0.746,1,stable
delivery_worker,860.98,27,37,0.2084,725.56,996.4,0.573,0,moderate
driver,1116.31,15,34,0.1659,906.46,1326.15,0.582,0,moderate
driver,950.41,19,25,0.062,838.88,1061.94,0.601,0,moderate
street_vendor,236.76,20,22,0.0966,200.0,297.29,0.103,0,unstable
shopkeeper,919.38,25,29,0.2301,700.0,1178.0,0.716,0,moderate
delivery_worker,1153.92,27,49,0.1305,904.12,1403.72,0.641,1,moderate
shopkeeper,835.02,24,44,0.1608,700.0,1012.03,0.502,1,moderate
driver,583.04,19,32,0.2478,500.0,703.85,0.787,1,moderate
delivery_worker,1585.38,30,65,0.0968,1266.5,1800.0,0.784,1,stable
delivery_worker,1306.54,21,27,0.1372,986.55,1626.54,0.596,1,moderate
delivery_worker,707.66,24,25,0.181,613.31,802.02,0.68,1,moderate
shopkeeper,1769.39,23,51,0.2993,1299.4,2000.0,0.546,0,stable
driver,1536.89,21,12,0.2295,1159.8,1600.0,0.629,1,moderate
street_vendor,492.52,25,23,0.091,438.3,546.74,0.176,0,moderate
delivery_worker,1564.58,30,32,0.2722,1389.39,1739.76,0.768,1,stable
delivery_worker,1094.38,18,40,0.0966,978.71,1210.05,0.758,1,moderate
laborer,577.81,19,12,0.0677,476.93,678.69,0.122,0,unstable
street_vendor,449.17,21,17,0.0774,390.71,507.63,0.201,0,unstable
laborer,597.67,19,14,0.074,534.49,660.84,0.078,0,unstable
driver,677.45,19,30,0.141,543.77,811.13,0.535,1,unstable
laborer,200.93,10,8,0.093,200.0,253.89,0.103,1,unstable
delivery_worker,959.13,19,45,0.1454,805.63,1112.63,0.69,1,moderate
delivery_worker,1258.67,23,40,0.1458,982.85,1534.49,0.632,1,moderate
driver,1343.78,23,35,0.2364,1052.54,1600.0,0.352,1,moderate
driver,1057.99,23,27,0.0956,887.67,1228.32,0.683,0,moderate
driver,504.16,25,22,0.1004,500.0,592.92,0.426,0,moderate
street_vendor,540.42,21,15,0.0794,394.76,686.09,0.319,1,unstable
delivery_worker,1699.72,28,44,0.1185,1388.52,1800.0,0.859,1,stable
shopkeeper,1983.35,24,44,0.1131,1508.53,2000.0,0.497,0,stable
driver,1226.14,20,22,0.0827,996.63,1455.66,0.623,0,moderate
delivery_worker,1780.98,24,48,0.201,1257.67,1800.0,0.508,1,stable
shopkeeper,703.29,23,21,0.1746,700.0,799.01,0.435,0,moderate
shopkeeper,1577.5,22,45,0.2487,1124.3,2000.0,0.671,1,moderate
street_vendor,815.13,20,19,0.0322,647.82,900.0,0.206,1,unstable
shopkeeper,1219.02,22,55,0.1596,905.78,1532.25,0.697,1,moderate
driver,1250.4,18,25,0.1848,881.21,1600.0,0.694,0,moderate
driver,755.88,19,36,0.1967,631.11,880.65,0.74,1,moderate
street_vendor,512.14,20,22,0.156,398.73,625.54,0.347,1,moderate
laborer,237.22,16,8,0.0932,200.0,287.54,0.179,1,unstable
street_vendor,578.1,19,20,0.1784,486.05,670.15,0.328,1,moderate
driver,1017.04,25,30,0.1363,876.13,1157.95,0.706,1,moderate
driver,506.94,24,19,0.0436,500.0,644.34,0.339,0,unstable
delivery_worker,1086.71,25,22,0.1998,871.56,1301.86,0.937,1,moderate
shopkeeper,1987.04,26,52,0.1966,1671.12,2000.0,0.672,0,stable
driver,1098.06,24,38,0.1968,833.78,1362.35,0.54,0,moderate
shopkeeper,1138.83,30,41,0.2742,1004.84,1272.82,0.516,1,stable
shopkeeper,1505.07,24,58,0.2132,1070.4,1939.74,0.745,1,stable
delivery_worker,1436.07,16,54,0.2168,1188.51,1683.63,0.608,0,moderate
street_vendor,779.93,25,18,0.0707,634.74,900.0,0.249,0,moderate
delivery_worker,629.19,28,46,0.1029,600.0,766.15,0.885,1,moderate
shopkeeper,1891.37,24,32,0.3188,1354.14,2000.0,0.429,0,stable
delivery_worker,1793.99,22,68,0.2109,1500.92,1800.0,0.761,1,stable
driver,682.59,20,28,0.1029,606.89,758.3,0.335,0,moderate
laborer,495.7,20,1,0.0,442.02,549.38,0.118,0,unstable
delivery_worker,939.36,24,49,0.3647,764.12,1114.6,0.891,0,stable
laborer,355.77,29,4,0.0163,308.6,402.93,0.191,0,unstable
street_vendor,326.84,23,16,0.1827,235.36,418.33,0.148,0,moderate
driver,718.71,18,38,0.1296,564.3,873.13,0.508,1,moderate
delivery_worker,1310.61,26,35,0.2448,1147.26,1473.96,0.544,0,stable
shopkeeper,1984.7,23,14,0.2426,1637.89,2000.0,0.697,1,stable
street_vendor,657.42,18,15,0.1162,505.9,808.94,0.07,0,unstable
shopkeeper,1098.89,24,61,0.2211,930.71,1267.08,0.559,0,moderate
driver,1160.75,24,29,0.3606,882.7,1438.8,0.562,1,moderate
delivery_worker,877.49,25,30,0.2512,776.78,978.19,0.675,0,moderate
delivery_worker,1279.74,23,47,0.2189,1126.92,1432.56,0.607,1,stable
delivery_worker,853.51,30,50,0.1607,751.55,955.48,0.747,0,moderate
shopkeeper,903.25,28,50,0.2207,763.28,1043.22,0.276,1,moderate
driver,1191.75,20,28,0.1367,895.07,1488.44,0.535,0,moderate
shopkeeper,1162.86,24,48,0.161,947.14,1378.58,0.602,1,moderate
street_vendor,628.25,27,16,0.102,558.64,697.85,0.251,0,moderate
delivery_worker,1248.05,21,36,0.2283,1039.04,1457.05,0.679,0,moderate
delivery_worker,1205.83,21,57,0.2638,927.61,1484.06,0.604,1,moderate
delivery_worker,660.76,29,37,0.159,600.0,804.49,0.581,0,moderate
driver,1432.83,17,24,0.217,1070.2,1600.0,0.41,1,moderate
shopkeeper,1992.05,29,38,0.2606,1628.43,2000.0,0.661,0,stable
street_vendor,667.36,25,22,0.1038,546.72,787.99,0.155,1,moderate
street_vendor,440.6,25,11,0.0366,347.96,533.23,0.329,0,moderate
delivery_worker,1622.63,20,43,0.212,1272.91,1800.0,0.929,1,stable
laborer,214.36,20,12,0.0687,200.0,243.3,0.169,0,unstable
shopkeeper,1648.61,20,45,0.0621,1233.21,2000.0,0.693,0,stable
driver,1252.7,25,49,0.1603,1111.08,1394.31,0.447,1,moderate
street_vendor,794.67,25,22,0.1765,642.16,900.0,0.082,1,moderate
shopkeeper,1190.12,28,67,0.2227,985.05,1395.19,0.587,1,stable
laborer,699.95,10,6,0.0574,557.32,700.0,0.123,0,unstable
street_vendor,752.44,27,17,0.0553,669.93,834.94,0.338,0,moderate
delivery_worker,1078.93,27,47,0.1029,910.41,1247.46,0.903,0,moderate
laborer,617.4,23,7,0.0,459.17,700.0,0.063,0,unstable
laborer,254.61,15,5,0.0082,200.0,328.63,0.028,1,unstable
laborer,409.49,25,7,0.0,338.27,480.71,0.075,0,unstable
shopkeeper,1092.98,24,45,0.1873,845.79,1340.17,0.474,1,moderate
shopkeeper,1320.78,24,55,0.2366,943.32,1698.24,0.255,0,stable
delivery_worker,680.22,22,31,0.2364,600.0,819.58,0.547,1,moderate
street_vendor,798.28,26,13,0.1301,605.77,900.0,0.184,0,moderate
shopkeeper,819.08,25,53,0.2475,708.45,929.71,0.403,0,moderate
delivery_worker,1059.24,20,46,0.2049,951.13,1167.35,0.902,1,moderate
delivery_worker,857.68,22,72,0.2718,673.48,1041.87,0.75,0,moderate
driver,559.22,20,19,0.142,500.0,700.2,0.702,1,unstable
shopkeeper,1058.28,24,52,0.1898,873.5,1243.07,0.643,0,stable
delivery_worker,1300.68,27,27,0.2121,1038.66,1562.69,0.936,0,stable
street_vendor,452.06,23,20,0.1149,373.59,530.54,0.261,1,moderate
driver,1416.68,25,28,0.2645,1110.84,1600.0,0.533,0,stable
shopkeeper,752.71,23,45,0.4,700.0,897.4,0.674,1,moderate
street_vendor,818.85,21,19,0.1114,670.89,900.0,0.054,0,unstable
shopkeeper,947.82,24,83,0.2745,700.0,1213.45,0.292,1,moderate
delivery_worker,787.46,30,44,0.1738,625.89,949.04,0.605,1,moderate
delivery_worker,1616.51,28,45,0.0767,1407.7,1800.0,0.705,1,stable
driver,1226.62,24,20,0.1273,1046.41,1406.83,0.635,0,moderate
driver,586.47,22,18,0.1576,500.0,732.79,0.58,0,moderate
shopkeeper,1896.15,24,45,0.2318,1425.09,2000.0,0.338,1,stable
driver,1283.05,22,34,0.0801,969.32,1596.78,0.439,1,moderate
delivery_worker,989.42,24,54,0.2267,787.5,1191.34,0.525,0,moderate
driver,1362.82,20,32,0.1327,1157.43,1568.21,0.579,1,moderate
street_vendor,823.58,28,11,0.0187,683.74,900.0,0.093,0,moderate
street_vendor,637.63,29,29,0.0682,464.16,811.09,0.066,0,moderate
laborer,363.61,26,13,0.1142,281.27,445.94,0.047,0,unstable
shopkeeper,1091.3,28,38,0.2541,887.89,1294.71,0.259,1,moderate
driver,854.4,22,33,0.0806,697.12,1011.69,0.609,0,moderate
driver,1031.98,20,41,0.1349,884.87,1179.1,0.727,1,moderate
driver,1375.74,24,37,0.1317,964.84,1600.0,0.306,0,moderate
laborer,445.23,23,8,0.0992,330.75,559.72,0.117,0,unstable
laborer,310.11,14,10,0.007,271.8,348.41,0.147,0,unstable
shopkeeper,1451.29,24,36,0.1431,1187.11,1715.47,0.428,1,moderate
laborer,332.13,10,10,0.0593,281.8,382.46,0.053,0,unstable
laborer,436.1,30,11,0.0299,379.12,493.07,0.147,0,moderate
street_vendor,414.26,27,19,0.0,334.68,493.84,0.063,1,unstable
shopkeeper,1545.23,26,72,0.2058,1341.13,1749.34,0.404,0,stable
driver,1139.18,22,35,0.2306,925.26,1353.1,0.669,0,moderate
street_vendor,648.67,21,24,0.0158,534.59,762.75,0.089,0,unstable
delivery_worker,1044.4,30,38,0.2317,808.29,1280.52,0.613,1,stable
laborer,620.12,26,7,0.0146,448.36,700.0,0.071,0,unstable
driver,725.26,23,23,0.1327,628.57,821.94,0.368,0,moderate
laborer,304.97,24,9,0.0675,270.56,339.38,0.073,0,unstable
delivery_worker,816.59,23,44,0.2216,695.2,937.99,0.588,1,moderate
street_vendor,621.91,28,18,0.0158,443.78,800.04,0.097,0,unstable
shopkeeper,960.18,24,31,0.3022,703.58,1216.77,0.629,1,stable
delivery_worker,680.5,24,23,0.1428,600.0,823.57,0.857,1,moderate
driver,1571.46,20,24,0.0448,1406.74,1600.0,0.668,1,moderate
laborer,219.27,20,10,0.0725,200.0,279.69,0.165,1,unstable
driver,795.7,22,34,0.0138,664.37,927.03,0.316,1,moderate
delivery_worker,1261.06,23,55,0.1356,959.52,1562.61,0.573,1,moderate
laborer,619.73,23,9,0.0,515.71,700.0,0.105,0,unstable
driver,949.31,25,27,0.1689,707.35,1191.26,0.34,0,moderate
laborer,444.65,11,11,0.1393,386.61,502.68,0.176,1,unstable
shopkeeper,978.38,24,61,0.2524,861.71,1095.06,0.279,1,moderate
laborer,358.56,22,1,0.0767,263.0,454.11,0.18,0,unstable
shopkeeper,1504.94,23,48,0.3362,1254.53,1755.35,0.42,1,stable
driver,600.35,21,34,0.197,500.0,764.38,0.526,1,moderate
street_vendor,226.9,19,20,0.1033,200.0,289.97,0.182,0,unstable
street_vendor,606.86,24,19,0.1184,500.68,713.03,0.306,0,moderate
driver,699.9,25,28,0.1932,522.4,877.4,0.691,1,moderate
street_vendor,859.82,29,19,0.0836,656.31,900.0,0.334,0,moderate
street_vendor,206.02,23,24,0.0494,200.0,239.92,0.064,1,unstable
shopkeeper,1862.16,24,65,0.1747,1618.28,2000.0,0.393,1,stable
shopkeeper,1814.38,26,49,0.1015,1428.46,2000.0,0.286,0,stable
delivery_worker,1196.67,26,51,0.303,978.82,1414.53,0.565,0,stable
street_vendor,399.27,26,26,0.1434,306.92,491.62,0.314,1,moderate
street_vendor,724.26,23,14,0.0555,565.16,883.37,0.195,0,unstable
street_vendor,632.61,27,18,0.0147,457.5,807.71,0.177,1,unstable
delivery_worker,1703.53,26,34,0.243,1530.39,1800.0,0.875,1,stable
shopkeeper,949.53,24,42,0.1537,826.98,1072.07,0.684,0,moderate
laborer,200.92,21,7,0.0419,200.0,256.14,0.128,0,unstable
street_vendor,247.02,30,22,0.0,200.0,308.26,0.232,0,unstable
laborer,546.47,25,1,0.0806,386.16,700.0,0.09,0,unstable
driver,1215.12,26,30,0.0483,951.45,1478.8,0.742,0,moderate
driver,1325.87,21,20,0.2187,1008.4,1600.0,0.707,0,moderate
delivery_worker,1504.6,22,23,0.2435,1184.2,1800.0,0.58,1,stable
delivery_worker,818.43,26,32,0.0977,600.0,1053.15,0.682,0,moderate
street_vendor,352.8,16,12,0.1126,258.89,446.72,0.07,0,unstable
street_vendor,353.27,25,13,0.133,255.13,451.42,0.145,0,unstable
shopkeeper,1700.75,28,65,0.3795,1357.13,2000.0,0.723,0,stable
driver,759.05,22,33,0.14,643.25,874.84,0.538,0,moderate
street_vendor,430.01,22,19,0.2301,360.3,499.72,0.067,1,unstable
street_vendor,467.38,30,15,0.1028,408.1,526.66,0.164,1,moderate
street_vendor,373.24,30,25,0.0507,304.61,441.87,0.262,0,moderate
driver,709.99,19,26,0.215,636.65,783.34,0.644,1,moderate
delivery_worker,739.31,25,48,0.1783,600.0,948.01,0.831,0,moderate
driver,1458.35,21,42,0.097,1191.7,1600.0,0.499,1,moderate
laborer,288.88,16,10,0.0726,231.07,346.69,0.094,1,unstable
delivery_worker,835.08,24,50,0.3057,641.61,1028.55,0.526,1,moderate
laborer,564.88,22,5,0.0864,431.04,698.71,0.167,1,unstable
shopkeeper,947.45,25,61,0.2448,799.4,1095.5,0.45,0,moderate
shopkeeper,1806.61,26,54,0.2574,1273.99,2000.0,0.722,1,stable
street_vendor,748.33,27,21,0.1176,641.64,855.03,0.174,0,moderate
delivery_worker,612.8,26,48,0.3183,600.0,691.98,0.589,1,moderate
laborer,372.04,16,10,0.018,281.53,462.55,0.141,1,unstable
shopkeeper,1997.3,27,53,0.3531,1765.48,2000.0,0.293,1,stable
laborer,381.33,13,13,0.0239,282.02,480.65,0.143,1,unstable
shopkeeper,1318.32,25,49,0.2347,1173.2,1463.44,0.75,1,stable
delivery_worker,1017.42,22,21,0.1872,729.58,1305.27,0.742,1,moderate
driver,501.87,21,36,0.2278,500.0,645.97,0.519,1,moderate
laborer,539.93,15,15,0.0,420.25,659.61,0.157,0,unstable
shopkeeper,727.46,28,44,0.1952,700.0,894.93,0.363,1,moderate
shopkeeper,764.81,22,56,0.2991,700.0,976.38,0.557,1,moderate
street_vendor,277.2,26,13,0.1004,201.81,352.6,0.347,0,unstable
delivery_worker,1330.13,29,38,0.1648,975.29,1684.98,0.927,0,stable
driver,1548.75,22,19,0.1218,1167.33,1600.0,0.39,1,moderate
street_vendor,354.43,19,23,0.0,279.95,428.9,0.259,0,unstable
driver,1257.92,23,42,0.1408,1117.28,1398.56,0.571,0,moderate
driver,560.25,24,24,0.0708,500.0,648.9,0.443,0,unstable
delivery_worker,1795.35,25,39,0.0941,1485.01,1800.0,0.64,0,stable
driver,1013.38,19,27,0.1889,772.3,1254.46,0.406,1,moderate
shopkeeper,1451.39,27,61,0.3094,1256.95,1645.83,0.694,0,stable
street_vendor,602.02,27,13,0.1281,467.24,736.8,0.281,0,moderate
driver,676.98,23,32,0.1428,500.0,869.13,0.501,1,moderate
driver,1473.32,22,37,0.2106,1091.72,1600.0,0.633,1,moderate
driver,1071.49,21,27,0.1875,827.92,1315.07,0.697,0,moderate
street_vendor,289.63,29,19,0.1463,259.67,319.6,0.237,0,moderate
street_vendor,219.71,24,22,0.1195,200.0,245.57,0.213,0,unstable
laborer,507.18,18,18,0.1001,445.81,568.55,0.157,0,unstable
driver,910.88,28,26,0.2559,748.45,1073.31,0.389,0,moderate
driver,1042.72,25,36,0.3051,915.67,1169.78,0.386,1,moderate
driver,678.01,22,15,0.2874,557.7,798.32,0.597,0,moderate
shopkeeper,1113.16,24,42,0.2899,969.91,1256.4,0.61,0,stable
shopkeeper,1100.21,27,43,0.2297,833.74,1366.67,0.704,1,moderate
laborer,451.35,20,12,0.0259,359.9,542.8,0.108,0,unstable
driver,1001.27,22,27,0.055,887.2,1115.33,0.419,1,moderate
street_vendor,433.07,27,25,0.0032,362.14,504.0,0.297,0,unstable
shopkeeper,707.3,29,36,0.2798,700.0,789.24,0.706,0,stable
street_vendor,457.8,20,20,0.1778,374.0,541.61,0.071,0,unstable
driver,833.45,18,41,0.1517,667.05,999.85,0.362,1,moderate
driver,942.08,22,39,0.1592,680.65,1203.51,0.439,1,moderate
driver,831.27,22,40,0.2766,710.39,952.16,0.599,1,moderate
street_vendor,754.3,24,17,0.0428,613.46,895.15,0.253,0,moderate
delivery_worker,752.14,20,38,0.2354,600.0,937.92,0.629,0,moderate
street_vendor,372.25,24,22,0.0661,306.42,438.09,0.238,0,unstable
delivery_worker,1392.41,23,43,0.1791,1041.12,1743.7,0.912,1,stable
street_vendor,386.5,21,13,0.0496,324.62,448.38,0.088,1,unstable
street_vendor,232.42,23,20,0.0705,200.0,278.05,0.081,0,unstable
shopkeeper,812.51,27,43,0.3487,700.0,994.38,0.726,1,moderate
street_vendor,730.12,23,26,0.1131,550.92,900.0,0.061,0,moderate
shopkeeper,1721.62,23,40,0.2025,1386.17,2000.0,0.733,0,stable
laborer,553.45,15,8,0.0665,447.94,658.96,0.092,0,unstable
street_vendor,672.59,24,16,0.1048,524.9,820.28,0.071,1,moderate
shopkeeper,1991.64,20,52,0.1363,1445.46,2000.0,0.44,1,stable
driver,1017.59,19,26,0.2133,906.03,1129.15,0.798,0,moderate
shopkeeper,1981.41,25,38,0.2952,1777.22,2000.0,0.683,0,stable
street_vendor,496.57,20,12,0.0493,399.91,593.23,0.083,0,unstable
shopkeeper,1879.37,24,62,0.287,1483.92,2000.0,0.352,0,stable
street_vendor,568.72,30,10,0.1474,501.33,636.11,0.315,0,moderate
laborer,521.33,15,8,0.0,415.8,626.86,0.073,0,unstable
delivery_worker,1688.77,26,48,0.1776,1467.26,1800.0,0.825,0,stable
shopkeeper,790.22,26,45,0.165,703.81,876.63,0.38,0,moderate
shopkeeper,1630.7,26,47,0.2119,1150.82,2000.0,0.584,0,stable
delivery_worker,806.31,30,42,0.2208,604.46,1008.17,0.821,0,moderate
shopkeeper,1957.33,25,53,0.178,1437.87,2000.0,0.532,1,stable
street_vendor,441.93,26,20,0.107,370.31,513.54,0.207,0,unstable
driver,1582.98,26,49,0.1371,1298.82,1600.0,0.793,1,stable
driver,619.8,23,45,0.0852,534.1,705.5,0.558,1,moderate
driver,1118.24,23,36,0.1578,818.82,1417.66,0.304,1,moderate
driver,861.04,23,30,0.0399,680.69,1041.4,0.63,0,moderate
laborer,215.65,25,10,0.0689,200.0,257.22,0.08,0,unstable
street_vendor,705.43,23,15,0.0,586.16,824.71,0.301,1,moderate
delivery_worker,1357.78,27,40,0.2963,1038.06,1677.49,0.77,0,stable
street_vendor,294.79,29,18,0.06,212.58,376.99,0.235,1,moderate
driver,544.78,23,27,0.193,500.0,614.39,0.418,0,moderate
laborer,328.42,18,5,0.0404,247.03,409.81,0.066,0,unstable
delivery_worker,1004.47,24,25,0.0,782.66,1226.28,0.589,1,moderate
delivery_worker,1431.48,26,34,0.2109,1012.08,1800.0,0.623,1,stable
delivery_worker,762.78,23,33,0.1273,648.26,877.3,0.557,1,moderate
street_vendor,681.89,19,24,0.08,581.46,782.32,0.068,0,moderate
laborer,525.31,19,7,0.0637,410.53,640.09,0.165,1,unstable
street_vendor,395.45,24,30,0.0034,295.51,495.38,0.233,1,unstable
driver,1441.56,28,25,0.0754,1048.55,1600.0,0.356,1,moderate
driver,1504.17,23,29,0.09,1249.75,1600.0,0.338,1,moderate
street_vendor,542.22,30,22,0.0427,432.82,651.62,0.243,0,moderate
driver,985.44,27,20,0.0975,809.38,1161.5,0.339,0,moderate
shopkeeper,1398.47,26,54,0.2338,1164.61,1632.34,0.345,0,stable
shopkeeper,1850.94,27,40,0.1625,1491.38,2000.0,0.653,1,stable
driver,1201.87,23,22,0.0821,927.81,1475.92,0.542,0,moderate
street_vendor,566.21,29,12,0.0662,439.59,692.83,0.349,0,moderate
street_vendor,435.51,18,21,0.0547,329.79,541.24,0.145,0,unstable
driver,1221.9,29,35,0.1414,914.11,1529.7,0.472,0,moderate
shopkeeper,1913.75,28,8,0.1846,1690.53,2000.0,0.466,1,stable
street_vendor,517.21,17,19,0.1843,415.86,618.56,0.309,0,unstable
delivery_worker,1091.66,23,27,0.1236,857.72,1325.6,0.908,0,moderate
street_vendor,307.64,30,21,0.1426,246.88,368.39,0.316,0,moderate
shopkeeper,780.1,23,58,0.3277,700.0,875.66,0.538,1,stable
driver,1210.9,23,37,0.2256,1055.03,1366.77,0.557,1,stable
delivery_worker,1557.08,26,54,0.2178,1242.38,1800.0,0.849,0,stable
driver,1218.47,21,24,0.091,1028.21,1408.73,0.447,0,moderate
delivery_worker,768.07,17,44,0.1888,600.0,964.33,0.643,1,moderate
street_vendor,717.31,16,22,0.1295,555.77,878.85,0.295,1,unstable
street_vendor,896.59,27,23,0.0605,721.61,900.0,0.088,1,moderate
shopkeeper,1626.85,23,53,0.2866,1462.59,1791.11,0.47,1,stable
shopkeeper,864.16,24,65,0.2033,700.0,1109.85,0.342,0,moderate
shopkeeper,1635.48,24,71,0.1874,1308.98,1961.97,0.284,1,stable
delivery_worker,1286.0,30,35,0.1228,1063.06,1508.94,0.563,0,moderate
delivery_worker,809.69,24,35,0.251,600.0,1034.75,0.874,0,moderate
street_vendor,311.34,21,19,0.0239,241.96,380.71,0.239,1,unstable
driver,533.1,18,27,0.2328,500.0,620.06,0.508,0,moderate
driver,1326.97,22,19,0.0363,1066.88,1587.06,0.654,1,moderate
delivery_worker,1775.11,28,46,0.1261,1254.88,1800.0,0.645,0,stable
driver,911.28,24,39,0.1223,767.41,1055.16,0.371,0,moderate
street_vendor,877.68,16,10,0.0266,661.34,900.0,0.219,1,unstable
laborer,481.69,14,7,0.03,370.48,592.9,0.097,0,unstable
delivery_worker,1288.6,26,36,0.1537,1016.96,1560.24,0.762,1,moderate
driver,1456.03,17,25,0.173,1208.37,1600.0,0.525,0,moderate
street_vendor,466.26,27,12,0.0,376.22,556.3,0.144,1,unstable
street_vendor,226.14,25,16,0.1035,200.0,256.63,0.152,0,unstable
driver,1291.73,22,50,0.2155,1013.26,1570.2,0.592,0,moderate
driver,1234.89,21,34,0.1136,874.97,1594.81,0.612,1,moderate
delivery_worker,1216.76,24,45,0.221,1070.0,1363.52,0.674,0,stable
laborer,292.85,10,12,0.0619,215.89,369.81,0.063,0,unstable
delivery_worker,729.4,28,39,0.2421,642.04,816.76,0.663,0,stable
driver,938.9,23,16,0.1277,781.87,1095.93,0.627,0,moderate
shopkeeper,1500.75,26,39,0.1709,1089.58,1911.93,0.599,1,stable
street_vendor,263.77,21,16,0.0811,232.3,295.25,0.112,0,unstable
laborer,575.18,28,12,0.0,457.5,692.87,0.188,1,moderate
delivery_worker,920.34,29,52,0.1362,775.85,1064.83,0.918,0,stable
street_vendor,853.99,21,13,0.0675,626.89,900.0,0.239,0,unstable
street_vendor,497.79,25,11,0.055,405.61,589.97,0.159,0,moderate
shopkeeper,1349.93,26,64,0.2423,1018.76,1681.1,0.745,0,stable
driver,1109.39,22,35,0.1317,863.39,1355.4,0.477,1,moderate
delivery_worker,1127.16,24,33,0.1734,878.3,1376.01,0.939,1,moderate
street_vendor,795.75,22,20,0.1371,704.41,887.1,0.323,0,moderate
delivery_worker,730.75,28,28,0.1295,600.0,930.18,0.719,1,moderate
driver,826.66,20,16,0.2429,680.29,973.02,0.759,1,moderate
street_vendor,776.31,21,22,0.0554,554.01,900.0,0.252,0,moderate
laborer,552.34,17,8,0.0902,440.81,663.87,0.116,0,unstable
driver,698.04,25,21,0.1308,568.31,827.78,0.533,0,moderate
driver,671.37,26,33,0.2258,500.0,856.72,0.737,0,moderate
street_vendor,340.66,25,19,0.1771,293.3,388.01,0.176,0,moderate
street_vendor,861.65,22,23,0.0826,627.03,900.0,0.129,0,moderate
driver,835.43,18,29,0.1799,602.03,1068.83,0.335,0,moderate
street_vendor,463.64,28,21,0.0,325.85,601.43,0.143,0,moderate
shopkeeper,992.87,25,48,0.1664,724.67,1261.07,0.624,1,moderate
street_vendor,814.62,30,17,0.0076,618.09,900.0,0.127,0,moderate
laborer,664.72,17,4,0.0199,588.64,700.0,0.054,0,unstable
street_vendor,880.03,24,17,0.1195,620.05,900.0,0.114,0,moderate
driver,889.1,20,17,0.2752,765.39,1012.82,0.341,0,moderate
shopkeeper,1211.84,28,66,0.2286,973.44,1450.24,0.42,1,stable
street_vendor,534.01,25,23,0.0608,452.91,615.11,0.308,0,unstable
shopkeeper,1457.69,28,56,0.2939,1187.41,1727.98,0.299,1,stable
street_vendor,751.54,27,15,0.1031,592.36,900.0,0.059,1,moderate
delivery_worker,1143.08,26,47,0.0604,909.14,1377.03,0.808,1,moderate
laborer,251.6,21,14,0.0333,203.28,299.91,0.171,1,unstable
shopkeeper,1756.02,24,50,0.1804,1382.28,2000.0,0.515,0,stable
laborer,645.43,18,11,0.0,486.15,700.0,0.102,0,unstable
laborer,486.04,20,8,0.1542,369.19,602.9,0.026,0,unstable
street_vendor,574.2,26,13,0.114,510.75,637.65,0.288,0,moderate
street_vendor,534.52,26,21,0.0069,385.73,683.32,0.323,0,unstable
shopkeeper,1233.71,29,42,0.2872,980.55,1486.87,0.721,1,moderate
driver,1425.07,22,41,0.0814,1132.76,1600.0,0.671,1,moderate
driver,711.55,21,24,0.1177,622.4,800.7,0.46,0,moderate
delivery_worker,1204.1,16,38,0.1536,995.26,1412.93,0.825,1,moderate
driver,823.77,23,27,0.2569,640.01,1007.52,0.533,1,moderate
shopkeeper,1901.19,28,43,0.3098,1389.05,2000.0,0.508,1,stable
delivery_worker,667.83,22,44,0.2153,600.0,863.56,0.637,1,moderate
laborer,486.6,19,10,0.1103,355.58,617.61,0.061,0,unstable
shopkeeper,943.72,27,35,0.3253,717.43,1170.0,0.581,0,moderate
street_vendor,638.1,28,16,0.0542,521.6,754.6,0.241,0,moderate
driver,802.67,22,26,0.0752,566.62,1038.72,0.509,0,moderate
laborer,307.8,23,12,0.0477,216.32,399.29,0.19,0,unstable
driver,659.92,19,29,0.2041,529.87,789.98,0.502,0,moderate
delivery_worker,1724.26,24,34,0.1992,1534.92,1800.0,0.647,1,stable
shopkeeper,1924.42,22,32,0.1672,1672.07,2000.0,0.525,0,stable
laborer,608.49,21,11,0.0311,484.93,700.0,0.141,0,unstable
driver,913.74,20,27,0.1741,780.37,1047.11,0.649,1,moderate
shopkeeper,724.67,24,54,0.1802,700.0,862.59,0.517,1,moderate
laborer,576.13,21,9,0.0866,425.86,700.0,0.106,1,unstable
laborer,697.45,19,14,0.0,498.95,700.0,0.025,0,unstable
driver,1002.46,18,36,0.101,795.74,1209.18,0.697,0,moderate
shopkeeper,1876.02,26,67,0.1806,1644.93,2000.0,0.401,0,stable
laborer,593.81,18,13,0.0,457.81,700.0,0.165,1,unstable
delivery_worker,1382.64,25,34,0.1665,1235.44,1529.83,0.612,1,moderate
delivery_worker,692.66,21,30,0.305,600.0,866.51,0.89,1,moderate
driver,791.02,22,27,0.1502,690.23,891.82,0.41,1,moderate
laborer,507.1,24,13,0.0762,417.96,596.23,0.058,0,unstable
shopkeeper,1945.07,25,48,0.1295,1653.38,2000.0,0.3,1,stable
driver,1132.95,17,20,0.1717,951.33,1314.56,0.733,1,moderate
delivery_worker,872.93,25,38,0.1369,629.45,1116.42,0.515,1,moderate
shopkeeper,842.39,27,44,0.2131,700.0,1076.7,0.528,1,moderate
delivery_worker,882.15,22,38,0.0395,765.56,998.74,0.513,1,moderate
delivery_worker,1284.7,27,33,0.2714,1092.6,1476.81,0.837,0,stable
delivery_worker,1643.1,26,35,0.1931,1299.06,1800.0,0.721,0,stable
shopkeeper,1974.23,24,36,0.3257,1566.64,2000.0,0.399,1,stable
driver,542.47,21,19,0.2593,500.0,627.61,0.551,0,moderate
street_vendor,362.14,23,11,0.0748,264.18,460.1,0.156,1,unstable
driver,683.17,18,31,0.2132,569.04,797.31,0.586,1,moderate
delivery_worker,745.67,26,47,0.2776,668.79,822.55,0.714,1,moderate
laborer,303.51,22,9,0.0161,223.68,383.35,0.066,0,unstable
delivery_worker,1002.41,22,28,0.2041,760.54,1244.28,0.579,1,moderate
driver,1547.14,20,23,0.1051,1112.55,1600.0,0.36,1,moderate
delivery_worker,1745.66,30,60,0.2422,1238.91,1800.0,0.6,0,stable
street_vendor,236.75,28,22,0.0874,202.62,270.87,0.271,0,moderate
delivery_worker,706.26,19,37,0.1689,600.0,881.53,0.715,1,moderate
laborer,514.72,16,15,0.0804,397.32,632.13,0.047,0,unstable
street_vendor,803.91,26,11,0.028,671.53,900.0,0.083,0,unstable
driver,1591.1,24,23,0.1671,1145.3,1600.0,0.446,1,stable
delivery_worker,1185.38,25,30,0.1644,1053.86,1316.91,0.607,0,stable
laborer,614.97,17,12,0.0,433.01,700.0,0.079,0,unstable
street_vendor,551.63,30,12,0.1281,459.53,643.72,0.243,0,moderate
shopkeeper,1647.64,27,57,0.316,1345.0,1950.28,0.467,0,stable
delivery_worker,954.45,21,21,0.247,680.0,1228.91,0.689,1,moderate
shopkeeper,890.12,25,26,0.132,788.91,991.33,0.356,1,moderate
laborer,460.22,21,8,0.0,405.44,515.0,0.05,0,unstable
laborer,371.37,30,13,0.0448,270.31,472.42,0.12,0,unstable
shopkeeper,1409.62,27,41,0.1703,1245.89,1573.35,0.597,1,moderate
laborer,431.62,11,19,0.0593,388.33,474.91,0.043,0,unstable
delivery_worker,1717.9,26,53,0.3254,1296.9,1800.0,0.679,0,stable
driver,1348.83,20,29,0.0,1179.54,1518.12,0.425,0,moderate
laborer,414.07,24,5,0.0461,338.35,489.79,0.091,0,unstable
street_vendor,525.59,25,11,0.0773,382.98,668.19,0.192,1,unstable
street_vendor,580.78,23,16,0.0671,486.65,674.9,0.062,1,unstable
street_vendor,676.04,22,12,0.1464,492.84,859.25,0.105,0,moderate
street_vendor,709.99,18,21,0.0001,503.37,900.0,0.27,0,unstable
shopkeeper,727.75,22,55,0.2493,700.0,945.83,0.362,1,moderate
driver,820.92,24,32,0.0826,732.56,909.27,0.673,0,moderate
delivery_worker,1320.35,28,30,0.0808,1147.15,1493.54,0.587,0,moderate
shopkeeper,1752.4,23,49,0.1578,1412.63,2000.0,0.381,0,moderate
laborer,568.77,21,18,0.0682,447.46,690.08,0.109,0,unstable
street_vendor,231.64,20,12,0.1962,201.9,261.39,0.118,1,unstable
delivery_worker,1357.99,27,13,0.2449,1206.18,1509.8,0.526,0,stable
laborer,561.63,17,10,0.0679,455.34,667.92,0.188,0,unstable
delivery_worker,1143.57,28,55,0.2151,907.82,1379.31,0.761,1,stable
delivery_worker,1773.14,22,30,0.2862,1294.3,1800.0,0.8,0,stable
shopkeeper,1024.18,26,32,0.4,829.51,1218.85,0.631,0,stable
laborer,408.73,23,10,0.1278,362.43,455.03,0.08,1,unstable
driver,631.73,17,8,0.0221,531.27,732.2,0.76,0,unstable
delivery_worker,1108.47,28,56,0.2887,986.94,1230.0,0.762,0,stable
street_vendor,734.03,23,15,0.1361,533.29,900.0,0.185,0,moderate
shopkeeper,1199.76,23,39,0.1739,1026.61,1372.91,0.349,1,moderate
street_vendor,211.27,22,17,0.1182,200.0,262.65,0.203,0,unstable
driver,1093.96,21,24,0.0857,773.91,1414.0,0.65,0,moderate
delivery_worker,1590.36,24,32,0.1621,1255.2,1800.0,0.616,1,stable
laborer,618.64,17,5,0.0149,538.17,699.11,0.073,0,unstable
